post_id,post_datetime,platform,content_type,category,impressions,reach,likes,comments,shares,saves,link_clicks,date,year,month,month_name,week,day_of_week,hour,quarter,time_slot,total_engagement,engagement_rate,reach_rate,ctr,performance_tier
POST_0001,2023-11-24 09:04:00,Instagram,Video,Product Launch,99164,79297,11652,818,396,838,2222,2023-11-24,2023,11,Nov,47,Friday,9,4,Morning (6-11),13704,17.28,79.97,2.24,Average
POST_0002,2023-02-27 02:12:00,Instagram,Carousel,Behind the Scenes,24114,15798,3343,528,149,103,244,2023-02-27,2023,2,Feb,9,Monday,2,1,Night (22-5),4123,26.1,65.51,1.01,High Performer
POST_0003,2023-01-13 08:51:00,Facebook,Video,Product Launch,45288,32734,8152,555,411,0,687,2023-01-13,2023,1,Jan,2,Friday,8,1,Morning (6-11),9118,27.85,72.28,1.52,High Performer
POST_0004,2023-05-21 16:48:00,Twitter,Reel,User Generated Content,7368,6235,1116,130,79,0,71,2023-05-21,2023,5,May,20,Sunday,16,2,Afternoon (12-16),1325,21.25,84.62,0.96,Average
POST_0005,2023-05-06 13:37:00,Facebook,Image,Promotion/Sale,5564,4936,694,107,35,0,63,2023-05-06,2023,5,May,18,Saturday,13,2,Afternoon (12-16),836,16.94,88.71,1.13,Average
POST_0006,2023-04-25 22:46:00,Instagram,Reel,Festive/Seasonal,46316,35201,5605,641,181,417,625,2023-04-25,2023,4,Apr,17,Tuesday,22,2,Night (22-5),6844,19.44,76.0,1.35,Average
POST_0007,2023-03-13 15:42:00,Twitter,Image,Product Launch,3614,2843,186,32,15,0,108,2023-03-13,2023,3,Mar,11,Monday,15,1,Afternoon (12-16),233,8.2,78.67,2.99,Needs Improvement
POST_0008,2023-02-22 21:35:00,Instagram,Reel,Tutorial,144802,115765,42138,2591,1842,957,2287,2023-02-22,2023,2,Feb,8,Wednesday,21,1,Evening (17-21),47528,41.06,79.95,1.58,High Performer
POST_0009,2023-12-13 12:13:00,Instagram,Reel,Tutorial,59399,43907,8777,1058,349,597,537,2023-12-13,2023,12,Dec,50,Wednesday,12,4,Afternoon (12-16),10781,24.55,73.92,0.9,High Performer
POST_0012,2023-10-30 07:55:00,Twitter,Carousel,Behind the Scenes,14416,10542,1866,247,171,0,254,2023-10-30,2023,10,Oct,44,Monday,7,4,Morning (6-11),2284,21.67,73.13,1.76,Average
POST_0013,2023-08-05 17:58:00,Facebook,Story,Promotion/Sale,9313,7360,673,76,44,0,168,2023-08-05,2023,8,Aug,31,Saturday,17,3,Evening (17-21),793,10.77,79.03,1.8,Average
POST_0014,2023-01-17 08:21:00,Instagram,Reel,Product Launch,30236,20468,2784,369,144,140,761,2023-01-17,2023,1,Jan,3,Tuesday,8,1,Morning (6-11),3437,16.79,67.69,2.52,Average
POST_0015,2023-01-16 07:19:00,Facebook,Reel,Festive/Seasonal,62737,44367,6553,574,270,0,1681,2023-01-16,2023,1,Jan,3,Monday,7,1,Morning (6-11),7397,16.67,70.72,2.68,Average
POST_0016,2023-02-17 03:58:00,Instagram,Carousel,User Generated Content,19054,15402,3041,469,130,223,403,2023-02-17,2023,2,Feb,7,Friday,3,1,Night (22-5),3863,25.08,80.83,2.12,High Performer
POST_0017,2023-04-22 23:00:00,Twitter,Carousel,Festive/Seasonal,4103,3105,589,95,17,0,78,2023-04-22,2023,4,Apr,16,Saturday,23,2,Night (22-5),701,22.58,75.68,1.9,Average
POST_0018,2023-04-30 19:13:00,Instagram,Video,Behind the Scenes,59401,41909,5819,546,558,229,1071,2023-04-30,2023,4,Apr,17,Sunday,19,2,Evening (17-21),7152,17.07,70.55,1.8,Average
POST_0019,2023-09-16 17:59:00,Instagram,Reel,Product Launch,44831,39927,7684,880,392,285,443,2023-09-16,2023,9,Sep,37,Saturday,17,3,Evening (17-21),9241,23.14,89.06,0.99,Average
POST_0020,2023-11-05 03:12:00,Facebook,Story,Tutorial,9586,7435,295,25,27,0,127,2023-11-05,2023,11,Nov,44,Sunday,3,4,Night (22-5),347,4.67,77.56,1.32,Needs Improvement
POST_0021,2023-01-14 05:47:00,Twitter,Video,Festive/Seasonal,17329,12312,3232,481,150,0,392,2023-01-14,2023,1,Jan,2,Saturday,5,1,Night (22-5),3863,31.38,71.05,2.26,High Performer
POST_0022,2023-10-15 08:07:00,Facebook,Reel,Product Launch,34658,28006,8126,972,295,0,981,2023-10-15,2023,10,Oct,41,Sunday,8,4,Morning (6-11),9393,33.54,80.81,2.83,High Performer
POST_0023,2023-04-12 00:47:00,Instagram,Story,Behind the Scenes,3572,2849,241,12,15,8,83,2023-04-12,2023,4,Apr,15,Wednesday,0,2,Night (22-5),276,9.69,79.76,2.32,Average
POST_0024,2023-11-29 08:48:00,Facebook,Reel,Product Launch,29043,23894,5424,931,214,0,483,2023-11-29,2023,11,Nov,48,Wednesday,8,4,Morning (6-11),6569,27.49,82.27,1.66,High Performer
POST_0025,2023-12-26 01:30:00,Instagram,Image,Festive/Seasonal,14644,12510,1267,150,59,32,461,2023-12-26,2023,12,Dec,52,Tuesday,1,4,Night (22-5),1508,12.05,85.43,3.15,Average
POST_0026,2023-10-07 09:58:00,Twitter,Reel,Festive/Seasonal,47380,38296,8225,784,664,0,1413,2023-10-07,2023,10,Oct,40,Saturday,9,4,Morning (6-11),9673,25.26,80.83,2.98,High Performer
POST_0027,2023-08-03 10:15:00,Instagram,Carousel,Behind the Scenes,24390,16366,1559,260,112,32,213,2023-08-03,2023,8,Aug,31,Thursday,10,3,Morning (6-11),1963,11.99,67.1,0.87,Average
POST_0028,2023-04-23 07:44:00,Instagram,Image,Festive/Seasonal,38679,25190,1597,193,125,94,421,2023-04-23,2023,4,Apr,16,Sunday,7,2,Morning (6-11),2009,7.98,65.13,1.09,Needs Improvement
POST_0029,2023-08-18 10:38:00,Instagram,Story,Product Launch,6314,5282,437,70,33,23,67,2023-08-18,2023,8,Aug,33,Friday,10,3,Morning (6-11),563,10.66,83.66,1.06,Average
POST_0030,2023-10-29 17:45:00,Twitter,Image,Promotion/Sale,4600,3294,235,41,13,0,121,2023-10-29,2023,10,Oct,43,Sunday,17,4,Evening (17-21),289,8.77,71.61,2.63,Needs Improvement
POST_0031,2023-05-23 06:13:00,Instagram,Video,Promotion/Sale,38458,30544,6790,511,547,250,327,2023-05-23,2023,5,May,21,Tuesday,6,2,Morning (6-11),8098,26.51,79.42,0.85,High Performer
POST_0032,2023-01-04 05:25:00,Twitter,Video,Product Launch,14342,9957,3212,558,302,0,210,2023-01-04,2023,1,Jan,1,Wednesday,5,1,Night (22-5),4072,40.9,69.43,1.46,High Performer
POST_0033,2023-03-23 14:58:00,Instagram,Reel,Promotion/Sale,103036,88946,18089,1810,1620,705,1341,2023-03-23,2023,3,Mar,12,Thursday,14,1,Afternoon (12-16),22224,24.99,86.33,1.3,High Performer
POST_0034,2023-12-24 09:15:00,Twitter,Carousel,User Generated Content,17052,15074,2596,322,95,0,428,2023-12-24,2023,12,Dec,51,Sunday,9,4,Morning (6-11),3013,19.99,88.4,2.51,Average
POST_0035,2023-08-05 17:35:00,Facebook,Reel,Behind the Scenes,36726,30271,9318,901,471,0,1037,2023-08-05,2023,8,Aug,31,Saturday,17,3,Evening (17-21),10690,35.31,82.42,2.82,High Performer
POST_0036,2023-06-24 12:20:00,Facebook,Text,Behind the Scenes,10479,9082,616,71,40,0,308,2023-06-24,2023,6,Jun,25,Saturday,12,2,Afternoon (12-16),727,8.0,86.67,2.94,Needs Improvement
POST_0037,2023-05-23 14:49:00,Instagram,Carousel,Behind the Scenes,58364,50922,6144,607,224,336,564,2023-05-23,2023,5,May,21,Tuesday,14,2,Afternoon (12-16),7311,14.36,87.25,0.97,Average
POST_0038,2023-03-21 07:18:00,Instagram,Image,User Generated Content,34721,27278,2059,261,66,45,945,2023-03-21,2023,3,Mar,12,Tuesday,7,1,Morning (6-11),2431,8.91,78.56,2.72,Needs Improvement
POST_0039,2023-04-21 15:24:00,Twitter,Story,Promotion/Sale,2988,2517,129,16,4,0,29,2023-04-21,2023,4,Apr,16,Friday,15,2,Afternoon (12-16),149,5.92,84.24,0.97,Needs Improvement
POST_0040,2023-06-22 11:29:00,Instagram,Carousel,Promotion/Sale,19212,15084,2470,356,242,125,296,2023-06-22,2023,6,Jun,25,Thursday,11,2,Morning (6-11),3193,21.17,78.51,1.54,Average
POST_0041,2023-02-22 16:34:00,Twitter,Carousel,Behind the Scenes,5699,3816,288,50,25,0,117,2023-02-22,2023,2,Feb,8,Wednesday,16,1,Afternoon (12-16),363,9.51,66.96,2.05,Average
POST_0042,2023-02-17 21:41:00,Facebook,Image,Product Launch,21018,14572,918,75,62,0,458,2023-02-17,2023,2,Feb,7,Friday,21,1,Evening (17-21),1055,7.24,69.33,2.18,Needs Improvement
POST_0043,2023-07-14 11:22:00,Instagram,Image,Product Launch,15294,12762,1291,167,76,45,263,2023-07-14,2023,7,Jul,28,Friday,11,3,Morning (6-11),1579,12.37,83.44,1.72,Average
POST_0044,2023-02-19 08:19:00,Facebook,Carousel,Festive/Seasonal,46865,30630,2717,152,89,0,1092,2023-02-19,2023,2,Feb,7,Sunday,8,1,Morning (6-11),2958,9.66,65.36,2.33,Average
POST_0045,2023-07-03 13:16:00,Instagram,Video,User Generated Content,26080,20157,4395,318,265,192,573,2023-07-03,2023,7,Jul,27,Monday,13,3,Afternoon (12-16),5170,25.65,77.29,2.2,High Performer
POST_0046,2023-06-26 02:23:00,Instagram,Reel,Product Launch,56349,37265,8343,1095,544,595,1109,2023-06-26,2023,6,Jun,26,Monday,2,2,Night (22-5),10577,28.38,66.13,1.97,High Performer
POST_0047,2023-11-06 22:32:00,Facebook,Image,User Generated Content,9333,8260,852,85,63,0,196,2023-11-06,2023,11,Nov,45,Monday,22,4,Night (22-5),1000,12.11,88.5,2.1,Average
POST_0048,2023-05-16 23:56:00,Instagram,Text,User Generated Content,7062,6252,265,46,24,8,75,2023-05-16,2023,5,May,20,Tuesday,23,2,Night (22-5),343,5.49,88.53,1.06,Needs Improvement
POST_0049,2023-01-23 08:31:00,Instagram,Reel,Behind the Scenes,41344,30170,10387,550,903,383,408,2023-01-23,2023,1,Jan,4,Monday,8,1,Morning (6-11),12223,40.51,72.97,0.99,High Performer
POST_0050,2023-08-24 22:29:00,Twitter,Image,Festive/Seasonal,5113,4127,545,79,47,0,76,2023-08-24,2023,8,Aug,34,Thursday,22,3,Night (22-5),671,16.26,80.72,1.49,Average
POST_0051,2023-10-02 17:06:00,Twitter,Story,Promotion/Sale,5383,4831,317,31,26,0,97,2023-10-02,2023,10,Oct,40,Monday,17,4,Evening (17-21),374,7.74,89.75,1.8,Needs Improvement
POST_0052,2023-03-05 11:51:00,Facebook,Image,User Generated Content,11478,9923,884,130,73,0,129,2023-03-05,2023,3,Mar,9,Sunday,11,1,Morning (6-11),1087,10.95,86.45,1.12,Average
POST_0053,2023-07-13 08:46:00,Instagram,Story,Behind the Scenes,31641,23098,2320,233,71,172,294,2023-07-13,2023,7,Jul,28,Thursday,8,3,Morning (6-11),2796,12.1,73.0,0.93,Average
POST_0054,2023-02-10 23:30:00,Instagram,Video,Behind the Scenes,28678,25452,8270,1030,613,387,478,2023-02-10,2023,2,Feb,6,Friday,23,1,Night (22-5),10300,40.47,88.75,1.67,High Performer
POST_0055,2023-10-10 20:48:00,Instagram,Reel,Festive/Seasonal,130380,110548,36496,2257,2357,855,2927,2023-10-10,2023,10,Oct,41,Tuesday,20,4,Evening (17-21),41965,37.96,84.79,2.24,High Performer
POST_0056,2023-05-31 03:53:00,Instagram,Video,User Generated Content,21834,19037,3628,236,145,238,543,2023-05-31,2023,5,May,22,Wednesday,3,2,Night (22-5),4247,22.31,87.19,2.49,Average
POST_0057,2023-11-18 09:20:00,Instagram,Image,Product Launch,38286,31645,1766,107,174,74,668,2023-11-18,2023,11,Nov,46,Saturday,9,4,Morning (6-11),2121,6.7,82.65,1.74,Needs Improvement
POST_0059,2023-07-05 08:13:00,Facebook,Image,Festive/Seasonal,19466,17063,1001,114,30,0,410,2023-07-05,2023,7,Jul,27,Wednesday,8,3,Morning (6-11),1145,6.71,87.66,2.11,Needs Improvement
POST_0060,2023-10-23 17:23:00,Instagram,Image,Product Launch,8011,5445,322,43,26,17,211,2023-10-23,2023,10,Oct,43,Monday,17,4,Evening (17-21),408,7.49,67.97,2.63,Needs Improvement
POST_0061,2023-04-09 00:20:00,Instagram,Reel,Tutorial,36173,25534,9564,493,936,216,937,2023-04-09,2023,4,Apr,14,Sunday,0,2,Night (22-5),11209,43.9,70.59,2.59,High Performer
POST_0062,2023-12-27 20:26:00,Twitter,Reel,Product Launch,24733,22216,3263,398,319,0,570,2023-12-27,2023,12,Dec,52,Wednesday,20,4,Evening (17-21),3980,17.92,89.82,2.3,Average
POST_0063,2023-02-05 09:02:00,Twitter,Carousel,Tutorial,19761,15944,2489,416,82,0,293,2023-02-05,2023,2,Feb,5,Sunday,9,1,Morning (6-11),2987,18.73,80.68,1.48,Average
POST_0064,2023-01-24 00:36:00,Facebook,Story,Promotion/Sale,12145,10597,729,95,36,0,165,2023-01-24,2023,1,Jan,4,Tuesday,0,1,Night (22-5),860,8.12,87.25,1.36,Needs Improvement
POST_0065,2023-12-05 20:55:00,Facebook,Carousel,Festive/Seasonal,19140,12812,2720,484,214,0,334,2023-12-05,2023,12,Dec,49,Tuesday,20,4,Evening (17-21),3418,26.68,66.94,1.75,High Performer
POST_0066,2023-04-27 19:14:00,Facebook,Image,User Generated Content,13916,11876,1350,96,126,0,411,2023-04-27,2023,4,Apr,17,Thursday,19,2,Evening (17-21),1572,13.24,85.34,2.95,Average
POST_0067,2023-05-29 23:47:00,Facebook,Image,Promotion/Sale,9861,8544,447,23,25,0,293,2023-05-29,2023,5,May,22,Monday,23,2,Night (22-5),495,5.79,86.64,2.97,Needs Improvement
POST_0068,2023-02-10 21:09:00,Instagram,Reel,Tutorial,174602,120057,33627,3346,3291,2371,4219,2023-02-10,2023,2,Feb,6,Friday,21,1,Evening (17-21),42635,35.51,68.76,2.42,High Performer
POST_0069,2023-04-30 19:01:00,Twitter,Carousel,Tutorial,6010,3991,784,122,78,0,159,2023-04-30,2023,4,Apr,17,Sunday,19,2,Evening (17-21),984,24.66,66.41,2.65,High Performer
POST_0070,2023-02-21 20:16:00,Instagram,Image,Behind the Scenes,26437,22266,3088,495,146,145,308,2023-02-21,2023,2,Feb,8,Tuesday,20,1,Evening (17-21),3874,17.4,84.22,1.17,Average
POST_0071,2023-07-14 21:35:00,Facebook,Carousel,Behind the Scenes,20883,17080,2750,265,104,0,514,2023-07-14,2023,7,Jul,28,Friday,21,3,Evening (17-21),3119,18.26,81.79,2.46,Average
POST_0072,2023-05-23 19:59:00,Facebook,Carousel,Promotion/Sale,34164,28802,4231,680,290,0,772,2023-05-23,2023,5,May,21,Tuesday,19,2,Evening (17-21),5201,18.06,84.31,2.26,Average
POST_0073,2023-08-21 07:37:00,Facebook,Image,Promotion/Sale,10743,7060,850,111,67,0,115,2023-08-21,2023,8,Aug,34,Monday,7,3,Morning (6-11),1028,14.56,65.72,1.07,Average
POST_0074,2023-11-22 19:37:00,Instagram,Reel,Product Launch,54284,35481,7726,978,443,357,1317,2023-11-22,2023,11,Nov,47,Wednesday,19,4,Evening (17-21),9504,26.79,65.36,2.43,High Performer
POST_0075,2023-07-06 07:46:00,Instagram,Reel,Festive/Seasonal,112414,84213,24190,3921,2333,697,3183,2023-07-06,2023,7,Jul,27,Thursday,7,3,Morning (6-11),31141,36.98,74.91,2.83,High Performer
POST_0076,2023-03-25 06:26:00,Facebook,Carousel,Promotion/Sale,7415,5298,731,129,47,0,105,2023-03-25,2023,3,Mar,12,Saturday,6,1,Morning (6-11),907,17.12,71.45,1.42,Average
POST_0077,2023-07-09 07:18:00,Instagram,Reel,User Generated Content,29266,19965,3209,223,127,187,308,2023-07-09,2023,7,Jul,27,Sunday,7,3,Morning (6-11),3746,18.76,68.22,1.05,Average
POST_0078,2023-07-01 19:09:00,Facebook,Image,Product Launch,18626,16282,1522,208,64,0,256,2023-07-01,2023,7,Jul,26,Saturday,19,3,Evening (17-21),1794,11.02,87.42,1.37,Average
POST_0079,2023-04-18 19:12:00,Instagram,Video,Promotion/Sale,29906,20340,4377,336,242,219,624,2023-04-18,2023,4,Apr,16,Tuesday,19,2,Evening (17-21),5174,25.44,68.01,2.09,High Performer
POST_0080,2023-12-10 17:21:00,Instagram,Reel,Promotion/Sale,14012,11908,3438,208,313,258,140,2023-12-10,2023,12,Dec,49,Sunday,17,4,Evening (17-21),4217,35.41,84.98,1.0,High Performer
POST_0081,2023-05-17 04:14:00,Twitter,Reel,Product Launch,19138,13322,2419,237,154,0,380,2023-05-17,2023,5,May,20,Wednesday,4,2,Night (22-5),2810,21.09,69.61,1.99,Average
POST_0082,2023-12-26 03:24:00,Instagram,Video,Behind the Scenes,22786,17445,4874,266,232,306,642,2023-12-26,2023,12,Dec,52,Tuesday,3,4,Night (22-5),5678,32.55,76.56,2.82,High Performer
POST_0083,2023-12-16 15:36:00,Twitter,Image,User Generated Content,4035,3074,304,24,14,0,65,2023-12-16,2023,12,Dec,50,Saturday,15,4,Afternoon (12-16),342,11.13,76.18,1.61,Average
POST_0084,2023-11-28 01:53:00,Twitter,Image,Promotion/Sale,2452,1791,122,11,4,0,65,2023-11-28,2023,11,Nov,48,Tuesday,1,4,Night (22-5),137,7.65,73.04,2.65,Needs Improvement
POST_0086,2023-11-08 01:31:00,Instagram,Carousel,Festive/Seasonal,12911,9308,1156,154,80,47,368,2023-11-08,2023,11,Nov,45,Wednesday,1,4,Night (22-5),1437,15.44,72.09,2.85,Average
POST_0087,2023-11-22 09:35:00,Instagram,Video,Product Launch,26536,18262,3051,216,131,113,277,2023-11-22,2023,11,Nov,47,Wednesday,9,4,Morning (6-11),3511,19.23,68.82,1.04,Average
POST_0088,2023-03-29 04:41:00,Instagram,Story,Festive/Seasonal,16295,10918,805,83,79,21,239,2023-03-29,2023,3,Mar,13,Wednesday,4,1,Night (22-5),988,9.05,67.0,1.47,Needs Improvement
POST_0089,2023-10-01 21:43:00,Twitter,Story,Behind the Scenes,4335,3542,364,44,25,0,65,2023-10-01,2023,10,Oct,39,Sunday,21,4,Evening (17-21),433,12.22,81.71,1.5,Average
POST_0090,2023-05-06 08:21:00,Instagram,Video,Tutorial,107485,74891,13817,1455,905,477,1006,2023-05-06,2023,5,May,18,Saturday,8,2,Morning (6-11),16654,22.24,69.68,0.94,Average
POST_0091,2023-03-25 10:16:00,Twitter,Reel,Behind the Scenes,9612,6618,1662,198,55,0,133,2023-03-25,2023,3,Mar,12,Saturday,10,1,Morning (6-11),1915,28.94,68.85,1.38,High Performer
POST_0092,2023-08-25 06:48:00,Instagram,Carousel,Festive/Seasonal,12916,8600,1845,169,159,65,261,2023-08-25,2023,8,Aug,34,Friday,6,3,Morning (6-11),2238,26.02,66.58,2.02,High Performer
POST_0093,2023-07-14 19:52:00,Facebook,Image,Behind the Scenes,21535,16214,1321,225,116,0,631,2023-07-14,2023,7,Jul,28,Friday,19,3,Evening (17-21),1662,10.25,75.29,2.93,Average
POST_0094,2023-05-19 21:31:00,Facebook,Image,Festive/Seasonal,14262,11876,1639,120,56,0,382,2023-05-19,2023,5,May,20,Friday,21,2,Evening (17-21),1815,15.28,83.27,2.68,Average
POST_0095,2023-11-24 09:46:00,Facebook,Reel,Behind the Scenes,37649,31957,5740,409,238,0,1100,2023-11-24,2023,11,Nov,47,Friday,9,4,Morning (6-11),6387,19.99,84.88,2.92,Average
POST_0096,2023-12-19 12:41:00,Facebook,Image,Tutorial,19039,14865,1225,200,70,0,512,2023-12-19,2023,12,Dec,51,Tuesday,12,4,Afternoon (12-16),1495,10.06,78.08,2.69,Average
POST_0097,2023-10-13 07:47:00,Instagram,Reel,Product Launch,45629,33096,10570,1219,488,781,712,2023-10-13,2023,10,Oct,41,Friday,7,4,Morning (6-11),13058,39.45,72.53,1.56,High Performer
POST_0098,2023-04-23 05:31:00,Facebook,Carousel,Product Launch,11114,9742,1577,102,151,0,280,2023-04-23,2023,4,Apr,16,Sunday,5,2,Night (22-5),1830,18.78,87.66,2.52,Average
POST_0099,2023-12-17 21:29:00,Instagram,Story,Tutorial,25313,20377,1516,251,129,44,394,2023-12-17,2023,12,Dec,50,Sunday,21,4,Evening (17-21),1940,9.52,80.5,1.56,Average
POST_0100,2023-06-16 22:10:00,Facebook,Carousel,Festive/Seasonal,8497,7103,545,67,45,0,257,2023-06-16,2023,6,Jun,24,Friday,22,2,Night (22-5),657,9.25,83.59,3.02,Needs Improvement
POST_0101,2023-01-29 22:46:00,Instagram,Image,Behind the Scenes,8510,7332,441,44,37,12,123,2023-01-29,2023,1,Jan,4,Sunday,22,1,Night (22-5),534,7.28,86.16,1.45,Needs Improvement
POST_0102,2023-04-28 08:50:00,Instagram,Reel,Tutorial,91727,76134,22241,3118,1512,780,1550,2023-04-28,2023,4,Apr,17,Friday,8,2,Morning (6-11),27651,36.32,83.0,1.69,High Performer
POST_0103,2023-01-17 20:22:00,Twitter,Carousel,User Generated Content,9961,8833,831,104,54,0,250,2023-01-17,2023,1,Jan,3,Tuesday,20,1,Evening (17-21),989,11.2,88.68,2.51,Average
POST_0104,2023-06-11 19:10:00,Twitter,Video,User Generated Content,13807,11984,3844,474,302,0,451,2023-06-11,2023,6,Jun,23,Sunday,19,2,Evening (17-21),4620,38.55,86.8,3.27,High Performer
POST_0105,2023-07-25 11:08:00,Instagram,Carousel,Tutorial,18237,14620,1945,283,185,146,343,2023-07-25,2023,7,Jul,30,Tuesday,11,3,Morning (6-11),2559,17.5,80.17,1.88,Average
POST_0106,2023-05-18 02:46:00,Twitter,Reel,Promotion/Sale,7388,6621,2269,150,214,0,238,2023-05-18,2023,5,May,20,Thursday,2,2,Night (22-5),2633,39.77,89.62,3.22,High Performer
POST_0107,2023-02-03 19:34:00,Instagram,Image,Product Launch,40068,26592,2132,329,64,85,583,2023-02-03,2023,2,Feb,5,Friday,19,1,Evening (17-21),2610,9.81,66.37,1.46,Average
POST_0108,2023-04-19 07:31:00,Instagram,Reel,User Generated Content,93088,81914,17747,1687,1448,836,1371,2023-04-19,2023,4,Apr,16,Wednesday,7,2,Morning (6-11),21718,26.51,88.0,1.47,High Performer
POST_0109,2023-10-18 16:11:00,Instagram,Reel,Product Launch,16722,12952,3046,514,168,167,375,2023-10-18,2023,10,Oct,42,Wednesday,16,4,Afternoon (12-16),3895,30.07,77.45,2.24,High Performer
POST_0110,2023-06-11 16:58:00,Twitter,Image,Behind the Scenes,1905,1554,101,17,4,0,34,2023-06-11,2023,6,Jun,23,Sunday,16,2,Afternoon (12-16),122,7.85,81.57,1.78,Needs Improvement
POST_0111,2023-04-19 09:56:00,Instagram,Video,Tutorial,51352,43006,6838,1140,303,214,477,2023-04-19,2023,4,Apr,16,Wednesday,9,2,Morning (6-11),8495,19.75,83.75,0.93,Average
POST_0112,2023-12-02 20:34:00,Facebook,Carousel,User Generated Content,29572,23397,1905,287,117,0,602,2023-12-02,2023,12,Dec,48,Saturday,20,4,Evening (17-21),2309,9.87,79.12,2.04,Average
POST_0113,2023-09-13 13:41:00,Instagram,Story,Behind the Scenes,10650,7335,360,58,34,15,132,2023-09-13,2023,9,Sep,37,Wednesday,13,3,Afternoon (12-16),467,6.37,68.87,1.24,Needs Improvement
POST_0114,2023-07-22 03:03:00,Instagram,Carousel,Behind the Scenes,17499,13162,995,69,79,59,142,2023-07-22,2023,7,Jul,29,Saturday,3,3,Night (22-5),1202,9.13,75.22,0.81,Needs Improvement
POST_0115,2023-11-26 09:33:00,Instagram,Reel,Product Launch,83568,54730,8464,1303,359,500,938,2023-11-26,2023,11,Nov,47,Sunday,9,4,Morning (6-11),10626,19.42,65.49,1.12,Average
POST_0116,2023-08-23 07:02:00,Instagram,Video,Tutorial,31306,22252,6092,982,536,267,668,2023-08-23,2023,8,Aug,34,Wednesday,7,3,Morning (6-11),7877,35.4,71.08,2.13,High Performer
POST_0117,2023-03-15 04:53:00,Instagram,Carousel,Product Launch,25434,16614,1400,107,44,43,456,2023-03-15,2023,3,Mar,11,Wednesday,4,1,Night (22-5),1594,9.59,65.32,1.79,Average
POST_0118,2023-05-16 09:54:00,Instagram,Video,Behind the Scenes,51926,45340,13380,1263,644,572,1256,2023-05-16,2023,5,May,20,Tuesday,9,2,Morning (6-11),15859,34.98,87.32,2.42,High Performer
POST_0119,2023-03-13 19:04:00,Facebook,Image,Promotion/Sale,20686,16300,1464,129,141,0,536,2023-03-13,2023,3,Mar,11,Monday,19,1,Evening (17-21),1734,10.64,78.8,2.59,Average
POST_0120,2023-05-07 07:52:00,Instagram,Story,Tutorial,9243,8014,569,94,48,25,85,2023-05-07,2023,5,May,18,Sunday,7,2,Morning (6-11),736,9.18,86.7,0.92,Needs Improvement
POST_0121,2023-10-15 09:42:00,Instagram,Reel,Festive/Seasonal,99315,70957,11613,1841,1148,598,1075,2023-10-15,2023,10,Oct,41,Sunday,9,4,Morning (6-11),15200,21.42,71.45,1.08,Average
POST_0122,2023-10-03 15:03:00,Twitter,Carousel,User Generated Content,3389,2218,451,29,31,0,40,2023-10-03,2023,10,Oct,40,Tuesday,15,4,Afternoon (12-16),511,23.04,65.45,1.18,Average
POST_0123,2023-05-15 09:48:00,Instagram,Video,Tutorial,137981,96808,11080,751,1030,802,2703,2023-05-15,2023,5,May,20,Monday,9,2,Morning (6-11),13663,14.11,70.16,1.96,Average
POST_0124,2023-10-27 16:00:00,Twitter,Image,Promotion/Sale,6054,4941,320,54,18,0,106,2023-10-27,2023,10,Oct,43,Friday,16,4,Afternoon (12-16),392,7.93,81.62,1.75,Needs Improvement
POST_0125,2023-08-08 12:26:00,Instagram,Reel,Behind the Scenes,31728,26477,3950,507,186,171,494,2023-08-08,2023,8,Aug,32,Tuesday,12,3,Afternoon (12-16),4814,18.18,83.45,1.56,Average
POST_0126,2023-10-26 14:08:00,Facebook,Video,Promotion/Sale,29321,24329,4344,537,275,0,727,2023-10-26,2023,10,Oct,43,Thursday,14,4,Afternoon (12-16),5156,21.19,82.97,2.48,Average
POST_0127,2023-07-24 22:53:00,Facebook,Carousel,Promotion/Sale,8870,5834,640,81,21,0,145,2023-07-24,2023,7,Jul,30,Monday,22,3,Night (22-5),742,12.72,65.77,1.63,Average
POST_0128,2023-07-05 08:40:00,Instagram,Image,Promotion/Sale,34962,25646,3129,199,110,199,637,2023-07-05,2023,7,Jul,27,Wednesday,8,3,Morning (6-11),3637,14.18,73.35,1.82,Average
POST_0129,2023-04-23 14:14:00,Twitter,Image,Festive/Seasonal,4928,4212,525,73,25,0,116,2023-04-23,2023,4,Apr,16,Sunday,14,2,Afternoon (12-16),623,14.79,85.47,2.35,Average
POST_0130,2023-03-12 15:04:00,Instagram,Video,Product Launch,35043,23580,7486,507,722,350,366,2023-03-12,2023,3,Mar,10,Sunday,15,1,Afternoon (12-16),9065,38.44,67.29,1.04,High Performer
POST_0131,2023-09-18 15:45:00,Facebook,Carousel,User Generated Content,20518,17473,2915,408,260,0,305,2023-09-18,2023,9,Sep,38,Monday,15,3,Afternoon (12-16),3583,20.51,85.16,1.49,Average
POST_0132,2023-09-10 11:09:00,Twitter,Image,Behind the Scenes,4776,3368,481,83,15,0,104,2023-09-10,2023,9,Sep,36,Sunday,11,3,Morning (6-11),579,17.19,70.52,2.18,Average
POST_0133,2023-02-16 17:00:00,Instagram,Video,Product Launch,15832,13051,2330,396,228,178,316,2023-02-16,2023,2,Feb,7,Thursday,17,1,Evening (17-21),3132,24.0,82.43,2.0,High Performer
POST_0134,2023-01-25 15:13:00,Instagram,Image,Tutorial,19485,16779,1319,208,42,73,283,2023-01-25,2023,1,Jan,4,Wednesday,15,1,Afternoon (12-16),1642,9.79,86.11,1.45,Average
POST_0135,2023-02-26 03:32:00,Instagram,Story,Behind the Scenes,9971,6644,390,46,33,15,191,2023-02-26,2023,2,Feb,8,Sunday,3,1,Night (22-5),484,7.28,66.63,1.92,Needs Improvement
POST_0136,2023-03-20 01:29:00,Twitter,Image,Tutorial,8680,6978,491,26,44,0,74,2023-03-20,2023,3,Mar,12,Monday,1,1,Night (22-5),561,8.04,80.39,0.85,Needs Improvement
POST_0137,2023-11-18 01:23:00,Instagram,Story,User Generated Content,15399,13084,1411,134,118,62,319,2023-11-18,2023,11,Nov,46,Saturday,1,4,Night (22-5),1725,13.18,84.97,2.07,Average
POST_0138,2023-03-23 23:03:00,Twitter,Video,Promotion/Sale,15420,13391,4451,667,263,0,303,2023-03-23,2023,3,Mar,12,Thursday,23,1,Night (22-5),5381,40.18,86.84,1.96,High Performer
POST_0139,2023-12-15 03:39:00,Twitter,Story,User Generated Content,1557,1150,65,5,3,0,12,2023-12-15,2023,12,Dec,50,Friday,3,4,Night (22-5),73,6.35,73.86,0.77,Needs Improvement
POST_0140,2023-08-05 07:40:00,Facebook,Carousel,Promotion/Sale,14767,13244,1769,176,137,0,219,2023-08-05,2023,8,Aug,31,Saturday,7,3,Morning (6-11),2082,15.72,89.69,1.48,Average
POST_0141,2023-11-02 13:42:00,Facebook,Image,Behind the Scenes,21269,18848,1750,227,72,0,748,2023-11-02,2023,11,Nov,44,Thursday,13,4,Afternoon (12-16),2049,10.87,88.62,3.52,Average
POST_0142,2023-02-02 09:59:00,Instagram,Image,User Generated Content,17117,15160,1673,215,110,56,231,2023-02-02,2023,2,Feb,5,Thursday,9,1,Morning (6-11),2054,13.55,88.57,1.35,Average
POST_0143,2023-07-17 09:39:00,Instagram,Story,Product Launch,26514,19554,785,138,72,59,779,2023-07-17,2023,7,Jul,29,Monday,9,3,Morning (6-11),1054,5.39,73.75,2.94,Needs Improvement
POST_0144,2023-07-15 22:58:00,Facebook,Video,Behind the Scenes,11134,8340,2350,330,95,0,287,2023-07-15,2023,7,Jul,28,Saturday,22,3,Night (22-5),2775,33.27,74.91,2.58,High Performer
POST_0145,2023-11-02 17:30:00,Instagram,Reel,Product Launch,31648,25262,6984,432,638,250,350,2023-11-02,2023,11,Nov,44,Thursday,17,4,Evening (17-21),8304,32.87,79.82,1.11,High Performer
POST_0146,2023-08-28 13:42:00,Instagram,Carousel,User Generated Content,42869,38106,7474,1160,567,396,480,2023-08-28,2023,8,Aug,35,Monday,13,3,Afternoon (12-16),9597,25.19,88.89,1.12,High Performer
POST_0147,2023-09-28 14:31:00,Facebook,Image,Promotion/Sale,6997,5813,555,33,25,0,177,2023-09-28,2023,9,Sep,39,Thursday,14,3,Afternoon (12-16),613,10.55,83.08,2.53,Average
POST_0148,2023-05-09 18:01:00,Instagram,Image,Promotion/Sale,4865,4197,400,44,28,27,85,2023-05-09,2023,5,May,19,Tuesday,18,2,Evening (17-21),499,11.89,86.27,1.75,Average
POST_0149,2023-10-11 21:00:00,Instagram,Reel,Promotion/Sale,66018,57413,19069,2585,1707,1373,1794,2023-10-11,2023,10,Oct,41,Wednesday,21,4,Evening (17-21),24734,43.08,86.97,2.72,High Performer
POST_0150,2023-01-06 16:34:00,Instagram,Story,User Generated Content,19082,15730,1336,174,110,39,572,2023-01-06,2023,1,Jan,1,Friday,16,1,Afternoon (12-16),1659,10.55,82.43,3.0,Average
POST_0151,2023-12-15 20:35:00,Facebook,Reel,Tutorial,41681,34840,5893,921,520,0,878,2023-12-15,2023,12,Dec,50,Friday,20,4,Evening (17-21),7334,21.05,83.59,2.11,Average
POST_0152,2023-02-28 14:26:00,Twitter,Image,Behind the Scenes,3398,2452,262,46,19,0,43,2023-02-28,2023,2,Feb,9,Tuesday,14,1,Afternoon (12-16),327,13.34,72.16,1.27,Average
POST_0153,2023-12-16 21:00:00,Instagram,Image,User Generated Content,45609,30865,3736,449,363,151,894,2023-12-16,2023,12,Dec,50,Saturday,21,4,Evening (17-21),4699,15.22,67.67,1.96,Average
POST_0154,2023-10-02 08:01:00,Facebook,Image,Tutorial,43855,29629,4088,569,142,0,563,2023-10-02,2023,10,Oct,40,Monday,8,4,Morning (6-11),4799,16.2,67.56,1.28,Average
POST_0155,2023-05-17 17:33:00,Twitter,Reel,Behind the Scenes,12837,9454,2712,151,246,0,370,2023-05-17,2023,5,May,20,Wednesday,17,2,Evening (17-21),3109,32.89,73.65,2.88,High Performer
POST_0156,2023-11-25 07:46:00,Instagram,Story,Festive/Seasonal,36678,30714,1393,206,44,29,605,2023-11-25,2023,11,Nov,47,Saturday,7,4,Morning (6-11),1672,5.44,83.74,1.65,Needs Improvement
POST_0157,2023-06-24 11:17:00,Twitter,Image,Behind the Scenes,7569,5763,428,76,25,0,135,2023-06-24,2023,6,Jun,25,Saturday,11,2,Morning (6-11),529,9.18,76.14,1.78,Needs Improvement
POST_0158,2023-02-27 07:34:00,Instagram,Reel,Promotion/Sale,47457,40276,12307,968,440,748,1193,2023-02-27,2023,2,Feb,9,Monday,7,1,Morning (6-11),14463,35.91,84.87,2.51,High Performer
POST_0159,2023-05-31 09:18:00,Facebook,Image,Promotion/Sale,29517,22283,2435,247,119,0,880,2023-05-31,2023,5,May,22,Wednesday,9,2,Morning (6-11),2801,12.57,75.49,2.98,Average
POST_0160,2023-08-11 23:01:00,Twitter,Carousel,Festive/Seasonal,4867,4251,446,34,14,0,125,2023-08-11,2023,8,Aug,32,Friday,23,3,Night (22-5),494,11.62,87.34,2.57,Average
POST_0161,2023-03-22 09:32:00,Instagram,Image,Festive/Seasonal,34831,31070,2044,333,172,135,1098,2023-03-22,2023,3,Mar,12,Wednesday,9,1,Morning (6-11),2684,8.64,89.2,3.15,Needs Improvement
POST_0162,2023-08-21 21:52:00,Twitter,Image,Promotion/Sale,13209,10653,645,34,60,0,303,2023-08-21,2023,8,Aug,34,Monday,21,3,Evening (17-21),739,6.94,80.65,2.29,Needs Improvement
POST_0163,2023-01-02 15:44:00,Twitter,Carousel,Festive/Seasonal,3763,2563,437,46,19,0,63,2023-01-02,2023,1,Jan,1,Monday,15,1,Afternoon (12-16),502,19.59,68.11,1.67,Average
POST_0164,2023-05-15 02:43:00,Instagram,Carousel,Festive/Seasonal,12193,9699,1074,165,55,50,100,2023-05-15,2023,5,May,20,Monday,2,2,Night (22-5),1344,13.86,79.55,0.82,Average
POST_0165,2023-09-14 08:27:00,Twitter,Text,User Generated Content,5087,4069,154,21,13,0,135,2023-09-14,2023,9,Sep,37,Thursday,8,3,Morning (6-11),188,4.62,79.99,2.65,Needs Improvement
POST_0166,2023-04-02 22:51:00,Instagram,Image,User Generated Content,5106,3932,228,18,22,6,98,2023-04-02,2023,4,Apr,13,Sunday,22,2,Night (22-5),274,6.97,77.01,1.92,Needs Improvement
POST_0167,2023-09-17 22:58:00,Twitter,Reel,User Generated Content,17561,11457,2424,284,87,0,235,2023-09-17,2023,9,Sep,37,Sunday,22,3,Night (22-5),2795,24.4,65.24,1.34,High Performer
POST_0168,2023-02-24 20:11:00,Instagram,Carousel,Festive/Seasonal,23452,15704,2028,136,141,124,534,2023-02-24,2023,2,Feb,8,Friday,20,1,Evening (17-21),2429,15.47,66.96,2.28,Average
POST_0169,2023-11-17 03:06:00,Facebook,Carousel,Festive/Seasonal,6265,5069,880,47,84,0,58,2023-11-17,2023,11,Nov,46,Friday,3,4,Night (22-5),1011,19.94,80.91,0.93,Average
POST_0170,2023-06-02 07:58:00,Instagram,Reel,Product Launch,77103,63784,22386,3197,1927,903,2197,2023-06-02,2023,6,Jun,22,Friday,7,2,Morning (6-11),28413,44.55,82.73,2.85,High Performer
POST_0171,2023-11-24 15:06:00,Instagram,Carousel,Festive/Seasonal,23639,19168,2833,411,101,66,333,2023-11-24,2023,11,Nov,47,Friday,15,4,Afternoon (12-16),3411,17.8,81.09,1.41,Average
POST_0172,2023-09-17 23:33:00,Instagram,Image,Festive/Seasonal,8134,7059,487,86,26,15,237,2023-09-17,2023,9,Sep,37,Sunday,23,3,Night (22-5),614,8.7,86.78,2.91,Needs Improvement
POST_0173,2023-11-08 01:09:00,Instagram,Text,Product Launch,7020,5825,203,36,19,11,93,2023-11-08,2023,11,Nov,45,Wednesday,1,4,Night (22-5),269,4.62,82.98,1.32,Needs Improvement
POST_0174,2023-04-12 08:15:00,Twitter,Carousel,User Generated Content,28145,18802,1436,119,89,0,677,2023-04-12,2023,4,Apr,15,Wednesday,8,2,Morning (6-11),1644,8.74,66.8,2.41,Needs Improvement
POST_0175,2023-03-20 23:12:00,Instagram,Story,Festive/Seasonal,10721,7895,495,88,16,35,216,2023-03-20,2023,3,Mar,12,Monday,23,1,Night (22-5),634,8.03,73.64,2.01,Needs Improvement
POST_0176,2023-07-11 19:39:00,Instagram,Image,Product Launch,32904,27353,2590,423,240,117,500,2023-07-11,2023,7,Jul,28,Tuesday,19,3,Evening (17-21),3370,12.32,83.13,1.52,Average
POST_0177,2023-03-24 06:33:00,Instagram,Reel,Behind the Scenes,26717,21526,6235,905,244,392,802,2023-03-24,2023,3,Mar,12,Friday,6,1,Morning (6-11),7776,36.12,80.57,3.0,High Performer
POST_0178,2023-10-04 20:16:00,Facebook,Video,Product Launch,29997,21279,7013,515,629,0,527,2023-10-04,2023,10,Oct,40,Wednesday,20,4,Evening (17-21),8157,38.33,70.94,1.76,High Performer
POST_0179,2023-09-29 13:52:00,Facebook,Reel,Tutorial,41769,32525,7154,909,296,0,706,2023-09-29,2023,9,Sep,39,Friday,13,3,Afternoon (12-16),8359,25.7,77.87,1.69,High Performer
POST_0180,2023-01-01 14:22:00,Facebook,Reel,User Generated Content,58359,41699,12348,1139,1038,0,580,2023-01-01,2023,1,Jan,52,Sunday,14,1,Afternoon (12-16),14525,34.83,71.45,0.99,High Performer
POST_0181,2023-11-03 20:17:00,Instagram,Story,User Generated Content,15350,10259,494,58,26,34,235,2023-11-03,2023,11,Nov,44,Friday,20,4,Evening (17-21),612,5.97,66.83,1.53,Needs Improvement
POST_0182,2023-06-15 07:50:00,Twitter,Video,Promotion/Sale,19280,15506,4191,300,174,0,172,2023-06-15,2023,6,Jun,24,Thursday,7,2,Morning (6-11),4665,30.09,80.43,0.89,High Performer
POST_0183,2023-09-08 19:25:00,Instagram,Reel,Tutorial,91430,78725,26313,3317,2388,851,1051,2023-09-08,2023,9,Sep,36,Friday,19,3,Evening (17-21),32869,41.75,86.1,1.15,High Performer
POST_0184,2023-01-10 19:05:00,Instagram,Image,Tutorial,27235,18091,1790,307,58,48,426,2023-01-10,2023,1,Jan,2,Tuesday,19,1,Evening (17-21),2203,12.18,66.43,1.56,Average
POST_0185,2023-02-27 14:23:00,Instagram,Story,Behind the Scenes,16505,10899,508,90,49,10,420,2023-02-27,2023,2,Feb,9,Monday,14,1,Afternoon (12-16),657,6.03,66.03,2.54,Needs Improvement
POST_0186,2023-07-05 08:25:00,Instagram,Story,Behind the Scenes,28839,25002,1718,201,110,103,354,2023-07-05,2023,7,Jul,27,Wednesday,8,3,Morning (6-11),2132,8.53,86.7,1.23,Needs Improvement
POST_0187,2023-06-07 23:29:00,Facebook,Carousel,Product Launch,12983,11587,990,136,60,0,417,2023-06-07,2023,6,Jun,23,Wednesday,23,2,Night (22-5),1186,10.24,89.25,3.21,Average
POST_0188,2023-05-03 23:36:00,Facebook,Carousel,User Generated Content,9148,7530,1450,250,112,0,187,2023-05-03,2023,5,May,18,Wednesday,23,2,Night (22-5),1812,24.06,82.31,2.04,High Performer
POST_0190,2023-05-04 19:44:00,Twitter,Image,Tutorial,10004,8131,473,64,47,0,93,2023-05-04,2023,5,May,18,Thursday,19,2,Evening (17-21),584,7.18,81.28,0.93,Needs Improvement
POST_0191,2023-10-18 03:14:00,Facebook,Carousel,Tutorial,18870,15956,2451,357,224,0,353,2023-10-18,2023,10,Oct,42,Wednesday,3,4,Night (22-5),3032,19.0,84.56,1.87,Average
POST_0192,2023-02-10 20:19:00,Instagram,Story,Behind the Scenes,19154,15646,1473,219,126,67,540,2023-02-10,2023,2,Feb,6,Friday,20,1,Evening (17-21),1885,12.05,81.69,2.82,Average
POST_0193,2023-02-13 04:43:00,Instagram,Story,Festive/Seasonal,4134,3022,188,19,14,8,70,2023-02-13,2023,2,Feb,7,Monday,4,1,Night (22-5),229,7.58,73.1,1.69,Needs Improvement
POST_0194,2023-09-06 09:52:00,Facebook,Image,Product Launch,10969,8153,569,33,41,0,244,2023-09-06,2023,9,Sep,36,Wednesday,9,3,Morning (6-11),643,7.89,74.33,2.22,Needs Improvement
POST_0195,2023-02-05 19:54:00,Instagram,Carousel,Product Launch,33474,28982,4253,477,135,172,620,2023-02-05,2023,2,Feb,5,Sunday,19,1,Evening (17-21),5037,17.38,86.58,1.85,Average
POST_0196,2023-09-30 14:05:00,Facebook,Reel,User Generated Content,51382,40850,10809,1394,903,0,1404,2023-09-30,2023,9,Sep,39,Saturday,14,3,Afternoon (12-16),13106,32.08,79.5,2.73,High Performer
POST_0197,2023-03-06 00:41:00,Instagram,Image,Product Launch,18998,12634,1739,166,64,85,223,2023-03-06,2023,3,Mar,10,Monday,0,1,Night (22-5),2054,16.26,66.5,1.17,Average
POST_0198,2023-03-07 07:54:00,Facebook,Image,Festive/Seasonal,16128,11722,1466,176,75,0,331,2023-03-07,2023,3,Mar,10,Tuesday,7,1,Morning (6-11),1717,14.65,72.68,2.05,Average
POST_0199,2023-12-04 04:41:00,Instagram,Carousel,User Generated Content,14265,9706,952,131,40,49,303,2023-12-04,2023,12,Dec,49,Monday,4,4,Night (22-5),1172,12.08,68.04,2.12,Average
POST_0200,2023-09-01 10:48:00,Instagram,Story,Festive/Seasonal,6227,4930,268,46,17,18,130,2023-09-01,2023,9,Sep,35,Friday,10,3,Morning (6-11),349,7.08,79.17,2.09,Needs Improvement
POST_0201,2023-10-09 03:02:00,Instagram,Video,Product Launch,48783,39046,11538,1903,530,377,1106,2023-10-09,2023,10,Oct,41,Monday,3,4,Night (22-5),14348,36.75,80.04,2.27,High Performer
POST_0202,2023-03-26 02:05:00,Facebook,Image,Product Launch,7201,6192,832,79,38,0,206,2023-03-26,2023,3,Mar,12,Sunday,2,1,Night (22-5),949,15.33,85.99,2.86,Average
POST_0203,2023-05-16 11:25:00,Instagram,Carousel,Promotion/Sale,20923,17091,1465,192,90,80,257,2023-05-16,2023,5,May,20,Tuesday,11,2,Morning (6-11),1827,10.69,81.69,1.23,Average
POST_0204,2023-09-28 09:24:00,Twitter,Image,Festive/Seasonal,12315,10661,733,45,23,0,311,2023-09-28,2023,9,Sep,39,Thursday,9,3,Morning (6-11),801,7.51,86.57,2.53,Needs Improvement
POST_0205,2023-11-07 14:24:00,Instagram,Text,Festive/Seasonal,9175,6860,360,41,35,10,211,2023-11-07,2023,11,Nov,45,Tuesday,14,4,Afternoon (12-16),446,6.5,74.77,2.3,Needs Improvement
POST_0206,2023-08-05 11:35:00,Twitter,Reel,Promotion/Sale,16084,12176,3795,531,377,0,168,2023-08-05,2023,8,Aug,31,Saturday,11,3,Morning (6-11),4703,38.63,75.7,1.04,High Performer
POST_0207,2023-04-19 07:30:00,Instagram,Story,Festive/Seasonal,26315,18908,788,48,72,24,372,2023-04-19,2023,4,Apr,16,Wednesday,7,2,Morning (6-11),932,4.93,71.85,1.41,Needs Improvement
POST_0208,2023-10-04 14:03:00,Instagram,Reel,User Generated Content,36300,26816,3909,459,135,265,456,2023-10-04,2023,10,Oct,40,Wednesday,14,4,Afternoon (12-16),4768,17.78,73.87,1.26,Average
POST_0209,2023-12-20 18:40:00,Facebook,Image,Tutorial,12564,9840,778,72,59,0,391,2023-12-20,2023,12,Dec,51,Wednesday,18,4,Evening (17-21),909,9.24,78.32,3.11,Needs Improvement
POST_0210,2023-04-13 21:00:00,Instagram,Reel,Tutorial,98391,77674,24470,2703,837,1314,3008,2023-04-13,2023,4,Apr,15,Thursday,21,2,Evening (17-21),29324,37.75,78.94,3.06,High Performer
POST_0211,2023-06-09 16:44:00,Instagram,Video,Promotion/Sale,21923,17186,2297,249,190,93,514,2023-06-09,2023,6,Jun,23,Friday,16,2,Afternoon (12-16),2829,16.46,78.39,2.34,Average
POST_0212,2023-07-24 08:10:00,Instagram,Video,Tutorial,77977,68759,11314,1153,460,900,2599,2023-07-24,2023,7,Jul,30,Monday,8,3,Morning (6-11),13827,20.11,88.18,3.33,Average
POST_0213,2023-12-10 15:05:00,Instagram,Image,Behind the Scenes,16853,13581,768,113,29,53,454,2023-12-10,2023,12,Dec,49,Sunday,15,4,Afternoon (12-16),963,7.09,80.59,2.69,Needs Improvement
POST_0214,2023-11-29 01:31:00,Facebook,Reel,Tutorial,30245,19932,4098,345,226,0,251,2023-11-29,2023,11,Nov,48,Wednesday,1,4,Night (22-5),4669,23.42,65.9,0.83,Average
POST_0215,2023-07-11 23:54:00,Facebook,Story,Product Launch,5159,3865,263,33,17,0,145,2023-07-11,2023,7,Jul,28,Tuesday,23,3,Night (22-5),313,8.1,74.92,2.81,Needs Improvement
POST_0216,2023-08-13 20:27:00,Facebook,Image,Tutorial,22931,20592,2671,205,254,0,277,2023-08-13,2023,8,Aug,32,Sunday,20,3,Evening (17-21),3130,15.2,89.8,1.21,Average
POST_0217,2023-09-22 10:41:00,Facebook,Carousel,Promotion/Sale,17543,15210,2860,436,146,0,189,2023-09-22,2023,9,Sep,38,Friday,10,3,Morning (6-11),3442,22.63,86.7,1.08,Average
POST_0218,2023-08-20 03:50:00,Twitter,Carousel,Promotion/Sale,7723,5354,921,87,90,0,156,2023-08-20,2023,8,Aug,33,Sunday,3,3,Night (22-5),1098,20.51,69.33,2.02,Average
POST_0219,2023-03-03 18:21:00,Facebook,Carousel,Behind the Scenes,18122,15959,2268,292,189,0,243,2023-03-03,2023,3,Mar,9,Friday,18,1,Evening (17-21),2749,17.23,88.06,1.34,Average
POST_0220,2023-05-07 11:36:00,Twitter,Image,Festive/Seasonal,4926,3692,229,22,7,0,39,2023-05-07,2023,5,May,18,Sunday,11,2,Morning (6-11),258,6.99,74.95,0.79,Needs Improvement
POST_0221,2023-04-26 21:54:00,Instagram,Carousel,User Generated Content,45918,33426,4842,518,181,283,550,2023-04-26,2023,4,Apr,17,Wednesday,21,2,Evening (17-21),5824,17.42,72.79,1.2,Average
POST_0223,2023-06-23 05:57:00,Twitter,Reel,Product Launch,20505,14554,2392,157,122,0,189,2023-06-23,2023,6,Jun,25,Friday,5,2,Night (22-5),2671,18.35,70.98,0.92,Average
POST_0224,2023-01-11 04:33:00,Instagram,Image,Tutorial,15183,10105,979,175,85,55,193,2023-01-11,2023,1,Jan,2,Wednesday,4,1,Night (22-5),1294,12.81,66.55,1.27,Average
POST_0225,2023-10-29 15:58:00,Instagram,Image,Tutorial,13261,9052,1204,130,52,50,202,2023-10-29,2023,10,Oct,43,Sunday,15,4,Afternoon (12-16),1436,15.86,68.26,1.52,Average
POST_0226,2023-10-11 14:02:00,Instagram,Carousel,User Generated Content,69084,57574,10523,541,622,514,608,2023-10-11,2023,10,Oct,41,Wednesday,14,4,Afternoon (12-16),12200,21.19,83.34,0.88,Average
POST_0227,2023-04-28 18:14:00,Facebook,Image,Festive/Seasonal,5838,4575,314,16,14,0,179,2023-04-28,2023,4,Apr,17,Friday,18,2,Evening (17-21),344,7.52,78.37,3.07,Needs Improvement
POST_0228,2023-10-29 09:13:00,Instagram,Reel,Product Launch,92326,82160,20777,1335,1420,981,2902,2023-10-29,2023,10,Oct,43,Sunday,9,4,Morning (6-11),24513,29.84,88.99,3.14,High Performer
POST_0229,2023-04-23 14:57:00,Facebook,Reel,Promotion/Sale,23260,17006,5386,602,303,0,371,2023-04-23,2023,4,Apr,16,Sunday,14,2,Afternoon (12-16),6291,36.99,73.11,1.6,High Performer
POST_0230,2023-01-04 08:55:00,Facebook,Story,User Generated Content,11699,9900,992,172,84,0,192,2023-01-04,2023,1,Jan,1,Wednesday,8,1,Morning (6-11),1248,12.61,84.62,1.64,Average
POST_0231,2023-02-06 12:44:00,Instagram,Video,Festive/Seasonal,32817,28229,3404,569,212,198,840,2023-02-06,2023,2,Feb,6,Monday,12,1,Afternoon (12-16),4383,15.53,86.02,2.56,Average
POST_0232,2023-12-29 10:56:00,Facebook,Image,Promotion/Sale,17750,14362,1535,90,101,0,208,2023-12-29,2023,12,Dec,52,Friday,10,4,Morning (6-11),1726,12.02,80.91,1.17,Average
POST_0233,2023-11-20 19:36:00,Instagram,Story,Behind the Scenes,28074,18540,780,111,27,18,192,2023-11-20,2023,11,Nov,47,Monday,19,4,Evening (17-21),936,5.05,66.04,0.68,Needs Improvement
POST_0234,2023-01-31 03:30:00,Twitter,Carousel,User Generated Content,14748,12305,1511,133,82,0,409,2023-01-31,2023,1,Jan,5,Tuesday,3,1,Night (22-5),1726,14.03,83.44,2.77,Average
POST_0235,2023-04-28 16:17:00,Twitter,Carousel,User Generated Content,3412,2301,384,57,18,0,24,2023-04-28,2023,4,Apr,17,Friday,16,2,Afternoon (12-16),459,19.95,67.44,0.7,Average
POST_0236,2023-02-04 21:02:00,Twitter,Image,User Generated Content,5962,5317,406,60,29,0,114,2023-02-04,2023,2,Feb,5,Saturday,21,1,Evening (17-21),495,9.31,89.18,1.91,Needs Improvement
POST_0237,2023-01-17 13:59:00,Twitter,Story,Behind the Scenes,6467,5455,449,53,14,0,213,2023-01-17,2023,1,Jan,3,Tuesday,13,1,Afternoon (12-16),516,9.46,84.35,3.29,Average
POST_0239,2023-02-06 10:43:00,Instagram,Text,User Generated Content,4057,2980,204,16,11,9,69,2023-02-06,2023,2,Feb,6,Monday,10,1,Morning (6-11),240,8.05,73.45,1.7,Needs Improvement
POST_0240,2023-09-21 21:59:00,Instagram,Image,Promotion/Sale,41703,36939,2626,172,115,192,1085,2023-09-21,2023,9,Sep,38,Thursday,21,3,Evening (17-21),3105,8.41,88.58,2.6,Needs Improvement
POST_0241,2023-05-02 10:17:00,Instagram,Image,Promotion/Sale,22231,19154,2609,216,216,124,675,2023-05-02,2023,5,May,18,Tuesday,10,2,Morning (6-11),3165,16.52,86.16,3.04,Average
POST_0242,2023-05-23 20:57:00,Facebook,Reel,User Generated Content,60512,51078,15117,1104,1030,0,2019,2023-05-23,2023,5,May,21,Tuesday,20,2,Evening (17-21),17251,33.77,84.41,3.34,High Performer
POST_0243,2023-12-09 09:34:00,Instagram,Reel,User Generated Content,100572,85933,15696,1816,1394,1004,2257,2023-12-09,2023,12,Dec,49,Saturday,9,4,Morning (6-11),19910,23.17,85.44,2.24,Average
POST_0244,2023-09-06 18:36:00,Instagram,Image,User Generated Content,14412,11199,857,105,67,62,325,2023-09-06,2023,9,Sep,36,Wednesday,18,3,Evening (17-21),1091,9.74,77.71,2.26,Average
POST_0245,2023-04-20 08:42:00,Instagram,Carousel,Festive/Seasonal,37881,24711,2656,383,264,68,544,2023-04-20,2023,4,Apr,16,Thursday,8,2,Morning (6-11),3371,13.64,65.23,1.44,Average
POST_0246,2023-10-04 08:02:00,Facebook,Image,User Generated Content,30041,21059,2133,309,155,0,329,2023-10-04,2023,10,Oct,40,Wednesday,8,4,Morning (6-11),2597,12.33,70.1,1.1,Average
POST_0247,2023-03-09 07:11:00,Twitter,Image,Product Launch,14255,9284,1123,61,92,0,149,2023-03-09,2023,3,Mar,10,Thursday,7,1,Morning (6-11),1276,13.74,65.13,1.05,Average
POST_0248,2023-10-20 22:59:00,Instagram,Reel,Tutorial,48005,35618,7540,522,387,547,1420,2023-10-20,2023,10,Oct,42,Friday,22,4,Night (22-5),8996,25.26,74.2,2.96,High Performer
POST_0249,2023-10-23 17:54:00,Instagram,Image,Festive/Seasonal,14017,12216,1281,129,75,79,123,2023-10-23,2023,10,Oct,43,Monday,17,4,Evening (17-21),1564,12.8,87.15,0.88,Average
POST_0250,2023-08-31 12:20:00,Twitter,Image,User Generated Content,5383,3977,494,30,35,0,97,2023-08-31,2023,8,Aug,35,Thursday,12,3,Afternoon (12-16),559,14.06,73.88,1.8,Average
POST_0251,2023-05-05 03:01:00,Twitter,Image,Behind the Scenes,4594,3630,369,47,28,0,123,2023-05-05,2023,5,May,18,Friday,3,2,Night (22-5),444,12.23,79.02,2.68,Average
POST_0252,2023-08-31 02:13:00,Instagram,Story,Tutorial,7446,6375,458,27,15,18,213,2023-08-31,2023,8,Aug,35,Thursday,2,3,Night (22-5),518,8.13,85.62,2.86,Needs Improvement
POST_0253,2023-07-28 10:37:00,Instagram,Image,Festive/Seasonal,16064,12209,758,70,45,19,202,2023-07-28,2023,7,Jul,30,Friday,10,3,Morning (6-11),892,7.31,76.0,1.26,Needs Improvement
POST_0254,2023-04-08 19:09:00,Facebook,Image,Behind the Scenes,25610,21356,3071,526,230,0,483,2023-04-08,2023,4,Apr,14,Saturday,19,2,Evening (17-21),3827,17.92,83.39,1.89,Average
POST_0255,2023-02-18 09:48:00,Instagram,Image,Behind the Scenes,20392,15344,1973,197,138,109,238,2023-02-18,2023,2,Feb,7,Saturday,9,1,Morning (6-11),2417,15.75,75.25,1.17,Average
POST_0256,2023-02-19 04:52:00,Instagram,Image,Promotion/Sale,12328,9044,456,24,40,16,231,2023-02-19,2023,2,Feb,7,Sunday,4,1,Night (22-5),536,5.93,73.36,1.87,Needs Improvement
POST_0257,2023-12-04 02:45:00,Facebook,Reel,User Generated Content,17807,13487,4739,755,203,0,459,2023-12-04,2023,12,Dec,49,Monday,2,4,Night (22-5),5697,42.24,75.74,2.58,High Performer
POST_0258,2023-08-09 22:52:00,Instagram,Image,Behind the Scenes,12195,9399,571,34,46,28,217,2023-08-09,2023,8,Aug,32,Wednesday,22,3,Night (22-5),679,7.22,77.07,1.78,Needs Improvement
POST_0259,2023-07-01 13:25:00,Instagram,Story,Promotion/Sale,11856,9515,435,64,33,33,114,2023-07-01,2023,7,Jul,26,Saturday,13,3,Afternoon (12-16),565,5.94,80.25,0.96,Needs Improvement
POST_0260,2023-08-05 16:59:00,Facebook,Carousel,Behind the Scenes,7162,5160,565,46,52,0,90,2023-08-05,2023,8,Aug,31,Saturday,16,3,Afternoon (12-16),663,12.85,72.05,1.26,Average
POST_0261,2023-07-30 10:04:00,Facebook,Video,User Generated Content,22872,19308,2445,277,79,0,229,2023-07-30,2023,7,Jul,30,Sunday,10,3,Morning (6-11),2801,14.51,84.42,1.0,Average
POST_0262,2023-08-28 21:19:00,Facebook,Video,User Generated Content,58740,40225,9302,962,505,0,1488,2023-08-28,2023,8,Aug,35,Monday,21,3,Evening (17-21),10769,26.77,68.48,2.53,High Performer
POST_0263,2023-01-28 22:10:00,Instagram,Image,User Generated Content,20435,13549,1195,100,96,94,239,2023-01-28,2023,1,Jan,4,Saturday,22,1,Night (22-5),1485,10.96,66.3,1.17,Average
POST_0264,2023-12-11 10:36:00,Instagram,Image,User Generated Content,17295,12098,1237,136,121,69,247,2023-12-11,2023,12,Dec,50,Monday,10,4,Morning (6-11),1563,12.92,69.95,1.43,Average
POST_0265,2023-12-01 21:15:00,Twitter,Image,Behind the Scenes,13089,10344,1016,65,91,0,327,2023-12-01,2023,12,Dec,48,Friday,21,4,Evening (17-21),1172,11.33,79.03,2.5,Average
POST_0266,2023-11-27 01:36:00,Facebook,Story,Promotion/Sale,2667,2205,165,10,10,0,54,2023-11-27,2023,11,Nov,48,Monday,1,4,Night (22-5),185,8.39,82.68,2.02,Needs Improvement
POST_0267,2023-02-20 08:53:00,Instagram,Reel,Product Launch,83713,63030,18571,2245,638,942,2155,2023-02-20,2023,2,Feb,8,Monday,8,1,Morning (6-11),22396,35.53,75.29,2.57,High Performer
POST_0268,2023-02-01 08:54:00,Facebook,Story,Tutorial,16980,11257,1042,79,50,0,168,2023-02-01,2023,2,Feb,5,Wednesday,8,1,Morning (6-11),1171,10.4,66.3,0.99,Average
POST_0269,2023-07-26 03:24:00,Instagram,Story,Product Launch,12512,8773,870,142,79,29,206,2023-07-26,2023,7,Jul,30,Wednesday,3,3,Night (22-5),1120,12.77,70.12,1.65,Average
POST_0270,2023-06-23 12:43:00,Instagram,Image,Product Launch,30365,25597,1295,75,80,96,669,2023-06-23,2023,6,Jun,25,Friday,12,2,Afternoon (12-16),1546,6.04,84.3,2.2,Needs Improvement
POST_0271,2023-02-25 05:57:00,Facebook,Image,Promotion/Sale,8439,7219,610,92,59,0,116,2023-02-25,2023,2,Feb,8,Saturday,5,1,Night (22-5),761,10.54,85.54,1.37,Average
POST_0272,2023-05-08 12:34:00,Facebook,Image,Behind the Scenes,15526,11206,1390,173,103,0,380,2023-05-08,2023,5,May,19,Monday,12,2,Afternoon (12-16),1666,14.87,72.18,2.45,Average
POST_0273,2023-04-09 20:21:00,Twitter,Story,User Generated Content,9710,6694,576,88,30,0,239,2023-04-09,2023,4,Apr,14,Sunday,20,2,Evening (17-21),694,10.37,68.94,2.46,Average
POST_0274,2023-04-08 09:24:00,Facebook,Image,Behind the Scenes,28835,20738,2953,201,130,0,321,2023-04-08,2023,4,Apr,14,Saturday,9,2,Morning (6-11),3284,15.84,71.92,1.11,Average
POST_0275,2023-10-02 13:48:00,Instagram,Image,Behind the Scenes,13999,10640,1139,69,104,77,267,2023-10-02,2023,10,Oct,40,Monday,13,4,Afternoon (12-16),1389,13.05,76.01,1.91,Average
POST_0276,2023-08-18 03:47:00,Facebook,Image,Promotion/Sale,15858,11963,1704,233,126,0,179,2023-08-18,2023,8,Aug,33,Friday,3,3,Night (22-5),2063,17.24,75.44,1.13,Average
POST_0277,2023-03-13 08:08:00,Twitter,Story,User Generated Content,4636,3028,231,27,18,0,111,2023-03-13,2023,3,Mar,11,Monday,8,1,Morning (6-11),276,9.11,65.31,2.39,Needs Improvement
POST_0278,2023-08-05 07:50:00,Instagram,Image,Festive/Seasonal,17930,14933,985,159,86,51,467,2023-08-05,2023,8,Aug,31,Saturday,7,3,Morning (6-11),1281,8.58,83.28,2.6,Needs Improvement
POST_0279,2023-04-04 10:44:00,Facebook,Carousel,Promotion/Sale,17222,13171,1626,185,143,0,264,2023-04-04,2023,4,Apr,14,Tuesday,10,2,Morning (6-11),1954,14.84,76.48,1.53,Average
POST_0280,2023-05-23 13:46:00,Instagram,Reel,User Generated Content,22410,18555,6298,397,294,179,379,2023-05-23,2023,5,May,21,Tuesday,13,2,Afternoon (12-16),7168,38.63,82.8,1.69,High Performer
POST_0281,2023-08-25 19:05:00,Instagram,Image,Tutorial,47266,38060,3114,496,196,245,1104,2023-08-25,2023,8,Aug,34,Friday,19,3,Evening (17-21),4051,10.64,80.52,2.34,Average
POST_0282,2023-05-08 15:32:00,Instagram,Reel,Behind the Scenes,18203,14909,3149,438,109,96,531,2023-05-08,2023,5,May,19,Monday,15,2,Afternoon (12-16),3792,25.43,81.9,2.92,High Performer
POST_0283,2023-02-08 16:47:00,Facebook,Carousel,Promotion/Sale,10866,8809,1514,176,77,0,144,2023-02-08,2023,2,Feb,6,Wednesday,16,1,Afternoon (12-16),1767,20.06,81.07,1.33,Average
POST_0284,2023-08-15 13:22:00,Facebook,Reel,Behind the Scenes,16049,11651,3439,591,312,0,384,2023-08-15,2023,8,Aug,33,Tuesday,13,3,Afternoon (12-16),4342,37.27,72.6,2.39,High Performer
POST_0285,2023-10-09 14:03:00,Twitter,Story,Behind the Scenes,4876,4275,360,44,13,0,100,2023-10-09,2023,10,Oct,41,Monday,14,4,Afternoon (12-16),417,9.75,87.67,2.05,Average
POST_0286,2023-02-20 16:06:00,Facebook,Video,User Generated Content,23951,20744,4863,483,478,0,276,2023-02-20,2023,2,Feb,8,Monday,16,1,Afternoon (12-16),5824,28.08,86.61,1.15,High Performer
POST_0287,2023-01-26 17:27:00,Facebook,Reel,Product Launch,27047,23788,4750,767,239,0,887,2023-01-26,2023,1,Jan,4,Thursday,17,1,Evening (17-21),5756,24.2,87.95,3.28,High Performer
POST_0288,2023-11-30 00:14:00,Instagram,Story,Festive/Seasonal,12712,10820,403,70,32,15,377,2023-11-30,2023,11,Nov,48,Thursday,0,4,Night (22-5),520,4.81,85.12,2.97,Needs Improvement
POST_0289,2023-10-04 07:53:00,Instagram,Reel,Festive/Seasonal,48840,40338,10746,672,504,222,970,2023-10-04,2023,10,Oct,40,Wednesday,7,4,Morning (6-11),12144,30.11,82.59,1.99,High Performer
POST_0290,2023-01-08 19:04:00,Twitter,Reel,User Generated Content,20236,16180,3302,293,270,0,185,2023-01-08,2023,1,Jan,1,Sunday,19,1,Evening (17-21),3865,23.89,79.96,0.91,High Performer
POST_0291,2023-02-17 21:21:00,Facebook,Image,Promotion/Sale,35286,24570,1365,110,116,0,271,2023-02-17,2023,2,Feb,7,Friday,21,1,Evening (17-21),1591,6.48,69.63,0.77,Needs Improvement
POST_0292,2023-05-02 09:38:00,Facebook,Reel,Festive/Seasonal,79322,71299,24744,2914,852,0,2491,2023-05-02,2023,5,May,18,Tuesday,9,2,Morning (6-11),28510,39.99,89.89,3.14,High Performer
POST_0293,2023-03-27 06:49:00,Instagram,Story,Promotion/Sale,4143,3635,306,48,28,16,92,2023-03-27,2023,3,Mar,13,Monday,6,1,Morning (6-11),398,10.95,87.74,2.22,Average
POST_0294,2023-07-28 04:39:00,Instagram,Story,Tutorial,9527,6947,467,70,33,34,161,2023-07-28,2023,7,Jul,30,Friday,4,3,Night (22-5),604,8.69,72.92,1.69,Needs Improvement
POST_0295,2023-09-06 16:38:00,Instagram,Image,Tutorial,19421,16035,1135,132,42,48,394,2023-09-06,2023,9,Sep,36,Wednesday,16,3,Afternoon (12-16),1357,8.46,82.57,2.03,Needs Improvement
POST_0296,2023-09-04 02:25:00,Instagram,Story,User Generated Content,14821,13155,1042,152,68,60,159,2023-09-04,2023,9,Sep,36,Monday,2,3,Night (22-5),1322,10.05,88.76,1.07,Average
POST_0297,2023-04-20 19:49:00,Instagram,Reel,Promotion/Sale,66398,43916,7195,618,705,286,1074,2023-04-20,2023,4,Apr,16,Thursday,19,2,Evening (17-21),8804,20.05,66.14,1.62,Average
POST_0298,2023-07-25 23:20:00,Instagram,Reel,Behind the Scenes,16496,13241,2646,203,175,53,135,2023-07-25,2023,7,Jul,30,Tuesday,23,3,Night (22-5),3077,23.24,80.27,0.82,Average
POST_0299,2023-01-31 03:01:00,Facebook,Text,User Generated Content,5639,4471,217,19,20,0,97,2023-01-31,2023,1,Jan,5,Tuesday,3,1,Night (22-5),256,5.73,79.29,1.72,Needs Improvement
POST_0300,2023-03-26 13:40:00,Twitter,Image,Festive/Seasonal,3471,2791,164,15,10,0,101,2023-03-26,2023,3,Mar,12,Sunday,13,1,Afternoon (12-16),189,6.77,80.41,2.91,Needs Improvement
POST_0301,2023-07-14 09:17:00,Twitter,Reel,Product Launch,63258,43197,8567,867,509,0,964,2023-07-14,2023,7,Jul,28,Friday,9,3,Morning (6-11),9943,23.02,68.29,1.52,Average
POST_0302,2023-01-02 11:50:00,Facebook,Video,Behind the Scenes,30274,25082,6224,561,545,0,969,2023-01-02,2023,1,Jan,1,Monday,11,1,Morning (6-11),7330,29.22,82.85,3.2,High Performer
POST_0303,2023-07-19 05:28:00,Facebook,Text,Promotion/Sale,2825,1878,99,13,3,0,40,2023-07-19,2023,7,Jul,29,Wednesday,5,3,Night (22-5),115,6.12,66.48,1.42,Needs Improvement
POST_0304,2023-05-16 08:31:00,Instagram,Story,Product Launch,22119,16418,734,76,60,17,203,2023-05-16,2023,5,May,20,Tuesday,8,2,Morning (6-11),887,5.4,74.23,0.92,Needs Improvement
POST_0305,2023-08-21 08:14:00,Instagram,Image,Tutorial,40079,32851,2718,345,83,158,1228,2023-08-21,2023,8,Aug,34,Monday,8,3,Morning (6-11),3304,10.06,81.97,3.06,Average
POST_0306,2023-05-27 22:22:00,Instagram,Image,Tutorial,14511,12601,1480,97,137,35,327,2023-05-27,2023,5,May,21,Saturday,22,2,Night (22-5),1749,13.88,86.84,2.25,Average
POST_0307,2023-08-05 14:35:00,Facebook,Video,Tutorial,22913,18199,2216,146,153,0,369,2023-08-05,2023,8,Aug,31,Saturday,14,3,Afternoon (12-16),2515,13.82,79.43,1.61,Average
POST_0308,2023-12-23 21:24:00,Instagram,Video,Festive/Seasonal,78348,63702,19200,2688,1153,1159,1163,2023-12-23,2023,12,Dec,51,Saturday,21,4,Evening (17-21),24200,37.99,81.31,1.48,High Performer
POST_0309,2023-10-12 05:27:00,Facebook,Carousel,Festive/Seasonal,14856,12621,2403,388,226,0,289,2023-10-12,2023,10,Oct,41,Thursday,5,4,Night (22-5),3017,23.9,84.96,1.95,High Performer
POST_0310,2023-12-05 19:11:00,Facebook,Image,Behind the Scenes,13661,10868,908,116,72,0,333,2023-12-05,2023,12,Dec,49,Tuesday,19,4,Evening (17-21),1096,10.08,79.55,2.44,Average
POST_0311,2023-09-07 01:43:00,Instagram,Reel,Promotion/Sale,25282,17334,6168,585,251,132,509,2023-09-07,2023,9,Sep,36,Thursday,1,3,Night (22-5),7136,41.17,68.56,2.01,High Performer
POST_0312,2023-03-21 02:37:00,Instagram,Story,Tutorial,10603,7794,320,33,16,19,219,2023-03-21,2023,3,Mar,12,Tuesday,2,1,Night (22-5),388,4.98,73.51,2.07,Needs Improvement
POST_0313,2023-04-08 11:42:00,Instagram,Image,Behind the Scenes,15799,12062,1375,93,87,29,303,2023-04-08,2023,4,Apr,14,Saturday,11,2,Morning (6-11),1584,13.13,76.35,1.92,Average
POST_0314,2023-06-01 10:24:00,Instagram,Image,User Generated Content,18156,13545,700,37,40,20,144,2023-06-01,2023,6,Jun,22,Thursday,10,2,Morning (6-11),797,5.88,74.6,0.79,Needs Improvement
POST_0315,2023-04-22 14:05:00,Instagram,Story,Tutorial,12050,10544,467,81,24,34,296,2023-04-22,2023,4,Apr,16,Saturday,14,2,Afternoon (12-16),606,5.75,87.5,2.46,Needs Improvement
POST_0316,2023-01-30 10:49:00,Twitter,Reel,Behind the Scenes,23147,20739,4185,732,239,0,447,2023-01-30,2023,1,Jan,5,Monday,10,1,Morning (6-11),5156,24.86,89.6,1.93,High Performer
POST_0317,2023-10-24 07:39:00,Instagram,Image,Promotion/Sale,19561,15422,1542,229,136,71,294,2023-10-24,2023,10,Oct,43,Tuesday,7,4,Morning (6-11),1978,12.83,78.84,1.5,Average
POST_0318,2023-10-05 12:18:00,Instagram,Image,Tutorial,9552,6673,357,33,17,27,178,2023-10-05,2023,10,Oct,40,Thursday,12,4,Afternoon (12-16),434,6.5,69.86,1.86,Needs Improvement
POST_0319,2023-02-01 09:51:00,Twitter,Video,Behind the Scenes,17036,12964,3270,371,190,0,516,2023-02-01,2023,2,Feb,5,Wednesday,9,1,Morning (6-11),3831,29.55,76.1,3.03,High Performer
POST_0320,2023-06-10 03:15:00,Facebook,Reel,User Generated Content,21753,17529,4798,627,211,0,383,2023-06-10,2023,6,Jun,23,Saturday,3,2,Night (22-5),5636,32.15,80.58,1.76,High Performer
POST_0321,2023-01-30 16:45:00,Facebook,Image,Festive/Seasonal,9219,6517,915,153,73,0,169,2023-01-30,2023,1,Jan,5,Monday,16,1,Afternoon (12-16),1141,17.51,70.69,1.83,Average
POST_0322,2023-01-26 14:04:00,Facebook,Video,Product Launch,45158,30827,8911,590,762,0,563,2023-01-26,2023,1,Jan,4,Thursday,14,1,Afternoon (12-16),10263,33.29,68.26,1.25,High Performer
POST_0323,2023-10-27 13:05:00,Instagram,Story,User Generated Content,26159,20164,1979,250,111,73,324,2023-10-27,2023,10,Oct,43,Friday,13,4,Afternoon (12-16),2413,11.97,77.08,1.24,Average
POST_0324,2023-09-02 08:17:00,Instagram,Image,Tutorial,30420,22712,2204,251,155,158,895,2023-09-02,2023,9,Sep,35,Saturday,8,3,Morning (6-11),2768,12.19,74.66,2.94,Average
POST_0325,2023-09-15 07:09:00,Facebook,Reel,Festive/Seasonal,87737,69608,25946,1973,976,0,2479,2023-09-15,2023,9,Sep,37,Friday,7,3,Morning (6-11),28895,41.51,79.34,2.83,High Performer
POST_0326,2023-09-29 23:24:00,Instagram,Image,User Generated Content,11437,9855,1317,76,120,61,249,2023-09-29,2023,9,Sep,39,Friday,23,3,Night (22-5),1574,15.97,86.17,2.18,Average
POST_0327,2023-03-22 01:45:00,Instagram,Image,User Generated Content,6329,4868,555,79,43,15,92,2023-03-22,2023,3,Mar,12,Wednesday,1,1,Night (22-5),692,14.22,76.92,1.45,Average
POST_0328,2023-01-30 06:50:00,Instagram,Reel,Behind the Scenes,30439,25906,5164,399,501,106,1034,2023-01-30,2023,1,Jan,5,Monday,6,1,Morning (6-11),6170,23.82,85.11,3.4,Average
POST_0329,2023-09-18 22:40:00,Instagram,Carousel,Behind the Scenes,17804,11636,2074,328,169,59,379,2023-09-18,2023,9,Sep,38,Monday,22,3,Night (22-5),2630,22.6,65.36,2.13,Average
POST_0330,2023-02-11 19:09:00,Instagram,Image,Promotion/Sale,44103,35927,4366,698,318,110,884,2023-02-11,2023,2,Feb,6,Saturday,19,1,Evening (17-21),5492,15.29,81.46,2.0,Average
POST_0331,2023-04-06 19:47:00,Twitter,Reel,Behind the Scenes,24755,16499,3585,230,310,0,634,2023-04-06,2023,4,Apr,14,Thursday,19,2,Evening (17-21),4125,25.0,66.65,2.56,High Performer
POST_0332,2023-02-05 08:24:00,Instagram,Image,User Generated Content,12527,11133,1092,97,38,54,376,2023-02-05,2023,2,Feb,5,Sunday,8,1,Morning (6-11),1281,11.51,88.87,3.0,Average
POST_0333,2023-11-01 04:20:00,Instagram,Video,Tutorial,14509,10892,1940,155,96,132,412,2023-11-01,2023,11,Nov,44,Wednesday,4,4,Night (22-5),2323,21.33,75.07,2.84,Average
POST_0334,2023-02-04 12:23:00,Twitter,Reel,Promotion/Sale,19456,17053,3586,401,164,0,498,2023-02-04,2023,2,Feb,5,Saturday,12,1,Afternoon (12-16),4151,24.34,87.65,2.56,High Performer
POST_0335,2023-12-12 10:06:00,Twitter,Image,Behind the Scenes,3965,3219,192,31,12,0,75,2023-12-12,2023,12,Dec,50,Tuesday,10,4,Morning (6-11),235,7.3,81.19,1.89,Needs Improvement
POST_0336,2023-05-01 04:05:00,Instagram,Image,Promotion/Sale,15402,12417,681,94,31,42,430,2023-05-01,2023,5,May,18,Monday,4,2,Night (22-5),848,6.83,80.62,2.79,Needs Improvement
POST_0337,2023-07-26 13:00:00,Twitter,Text,Promotion/Sale,4344,2978,182,15,11,0,55,2023-07-26,2023,7,Jul,30,Wednesday,13,3,Afternoon (12-16),208,6.98,68.55,1.27,Needs Improvement
POST_0338,2023-03-03 07:19:00,Twitter,Image,User Generated Content,7712,6226,331,48,17,0,62,2023-03-03,2023,3,Mar,9,Friday,7,1,Morning (6-11),396,6.36,80.73,0.8,Needs Improvement
POST_0339,2023-10-19 13:28:00,Facebook,Reel,Promotion/Sale,25796,21326,3071,488,92,0,371,2023-10-19,2023,10,Oct,42,Thursday,13,4,Afternoon (12-16),3651,17.12,82.67,1.44,Average
POST_0340,2023-05-07 16:23:00,Instagram,Image,Festive/Seasonal,17107,12472,720,69,35,50,241,2023-05-07,2023,5,May,18,Sunday,16,2,Afternoon (12-16),874,7.01,72.91,1.41,Needs Improvement
POST_0341,2023-10-24 09:48:00,Facebook,Image,Behind the Scenes,19533,17139,1443,253,52,0,524,2023-10-24,2023,10,Oct,43,Tuesday,9,4,Morning (6-11),1748,10.2,87.74,2.68,Average
POST_0342,2023-11-01 09:17:00,Facebook,Story,Product Launch,15588,11642,949,134,28,0,174,2023-11-01,2023,11,Nov,44,Wednesday,9,4,Morning (6-11),1111,9.54,74.69,1.12,Average
POST_0343,2023-01-21 19:06:00,Instagram,Image,Product Launch,56256,47269,6583,930,334,173,1581,2023-01-21,2023,1,Jan,3,Saturday,19,1,Evening (17-21),8020,16.97,84.02,2.81,Average
POST_0344,2023-11-14 10:08:00,Instagram,Image,Product Launch,19355,12813,1057,184,68,48,304,2023-11-14,2023,11,Nov,46,Tuesday,10,4,Morning (6-11),1357,10.59,66.2,1.57,Average
POST_0345,2023-02-11 11:05:00,Instagram,Image,Tutorial,9934,6587,801,83,70,56,107,2023-02-11,2023,2,Feb,6,Saturday,11,1,Morning (6-11),1010,15.33,66.31,1.08,Average
POST_0346,2023-08-03 02:11:00,Twitter,Carousel,User Generated Content,6368,4891,972,75,75,0,138,2023-08-03,2023,8,Aug,31,Thursday,2,3,Night (22-5),1122,22.94,76.81,2.17,Average
POST_0347,2023-12-03 08:27:00,Instagram,Text,Promotion/Sale,15219,12702,497,66,28,31,202,2023-12-03,2023,12,Dec,48,Sunday,8,4,Morning (6-11),622,4.9,83.46,1.33,Needs Improvement
POST_0348,2023-10-26 10:28:00,Facebook,Carousel,Tutorial,17801,12849,1605,92,60,0,327,2023-10-26,2023,10,Oct,43,Thursday,10,4,Morning (6-11),1757,13.67,72.18,1.84,Average
POST_0349,2023-10-17 09:35:00,Twitter,Story,Promotion/Sale,3884,2892,174,9,6,0,64,2023-10-17,2023,10,Oct,42,Tuesday,9,4,Morning (6-11),189,6.54,74.46,1.65,Needs Improvement
POST_0350,2023-09-25 15:35:00,Facebook,Story,Behind the Scenes,5885,4420,328,41,10,0,105,2023-09-25,2023,9,Sep,39,Monday,15,3,Afternoon (12-16),379,8.57,75.11,1.78,Needs Improvement
POST_0351,2023-06-11 08:32:00,Facebook,Story,Product Launch,18423,13411,1230,185,81,0,526,2023-06-11,2023,6,Jun,23,Sunday,8,2,Morning (6-11),1496,11.16,72.79,2.86,Average
POST_0352,2023-05-14 09:26:00,Instagram,Carousel,User Generated Content,27711,18129,3315,513,127,119,190,2023-05-14,2023,5,May,19,Sunday,9,2,Morning (6-11),4074,22.47,65.42,0.69,Average
POST_0353,2023-04-15 22:06:00,Instagram,Video,Product Launch,37721,27801,5428,272,276,319,1090,2023-04-15,2023,4,Apr,15,Saturday,22,2,Night (22-5),6295,22.64,73.7,2.89,Average
POST_0355,2023-06-10 22:05:00,Facebook,Story,Festive/Seasonal,4104,2920,206,30,13,0,34,2023-06-10,2023,6,Jun,23,Saturday,22,2,Night (22-5),249,8.53,71.15,0.83,Needs Improvement
POST_0356,2023-05-03 11:22:00,Instagram,Story,Behind the Scenes,14821,13126,1214,217,82,94,161,2023-05-03,2023,5,May,18,Wednesday,11,2,Morning (6-11),1607,12.24,88.56,1.09,Average
POST_0357,2023-05-16 17:35:00,Instagram,Image,User Generated Content,6283,4305,463,70,32,13,147,2023-05-16,2023,5,May,20,Tuesday,17,2,Evening (17-21),578,13.43,68.52,2.34,Average
POST_0358,2023-07-22 09:05:00,Instagram,Reel,Product Launch,82233,61431,18464,1547,1000,1385,1149,2023-07-22,2023,7,Jul,29,Saturday,9,3,Morning (6-11),22396,36.46,74.7,1.4,High Performer
POST_0359,2023-03-09 10:38:00,Instagram,Image,Festive/Seasonal,19791,13171,818,41,60,38,184,2023-03-09,2023,3,Mar,10,Thursday,10,1,Morning (6-11),957,7.27,66.55,0.93,Needs Improvement
POST_0360,2023-12-10 03:38:00,Twitter,Reel,Product Launch,19227,15043,2857,328,221,0,184,2023-12-10,2023,12,Dec,49,Sunday,3,4,Night (22-5),3406,22.64,78.24,0.96,Average
POST_0361,2023-11-27 10:50:00,Facebook,Video,User Generated Content,22879,17997,3760,209,156,0,420,2023-11-27,2023,11,Nov,48,Monday,10,4,Morning (6-11),4125,22.92,78.66,1.84,Average
POST_0362,2023-06-03 09:20:00,Instagram,Carousel,Tutorial,25882,17146,3317,588,283,236,295,2023-06-03,2023,6,Jun,22,Saturday,9,2,Morning (6-11),4424,25.8,66.25,1.14,High Performer
POST_0363,2023-08-23 02:55:00,Instagram,Image,Promotion/Sale,8320,6642,365,47,36,11,224,2023-08-23,2023,8,Aug,34,Wednesday,2,3,Night (22-5),459,6.91,79.83,2.69,Needs Improvement
POST_0364,2023-06-11 20:24:00,Instagram,Image,User Generated Content,49205,43591,6110,719,601,399,647,2023-06-11,2023,6,Jun,23,Sunday,20,2,Evening (17-21),7829,17.96,88.59,1.31,Average
POST_0365,2023-02-07 19:00:00,Facebook,Image,Promotion/Sale,19117,15487,1734,123,120,0,513,2023-02-07,2023,2,Feb,6,Tuesday,19,1,Evening (17-21),1977,12.77,81.01,2.68,Average
POST_0366,2023-01-05 07:18:00,Twitter,Image,Behind the Scenes,10373,6773,330,31,31,0,114,2023-01-05,2023,1,Jan,1,Thursday,7,1,Morning (6-11),392,5.79,65.29,1.1,Needs Improvement
POST_0367,2023-08-23 19:26:00,Instagram,Video,Product Launch,41590,35851,9868,615,592,214,875,2023-08-23,2023,8,Aug,34,Wednesday,19,3,Evening (17-21),11289,31.49,86.2,2.1,High Performer
POST_0368,2023-11-15 02:24:00,Instagram,Reel,Behind the Scenes,47253,32114,6485,659,611,516,364,2023-11-15,2023,11,Nov,46,Wednesday,2,4,Night (22-5),8271,25.76,67.96,0.77,High Performer
POST_0370,2023-02-21 13:05:00,Instagram,Reel,User Generated Content,102846,73303,19967,1929,1516,687,1154,2023-02-21,2023,2,Feb,8,Tuesday,13,1,Afternoon (12-16),24099,32.88,71.27,1.12,High Performer
POST_0371,2023-02-07 06:46:00,Twitter,Reel,Product Launch,3910,2576,445,72,22,0,99,2023-02-07,2023,2,Feb,6,Tuesday,6,1,Morning (6-11),539,20.92,65.88,2.53,Average
POST_0372,2023-10-03 19:57:00,Instagram,Image,Tutorial,33418,25369,2630,308,218,97,522,2023-10-03,2023,10,Oct,40,Tuesday,19,4,Evening (17-21),3253,12.82,75.91,1.56,Average
POST_0373,2023-04-20 09:35:00,Facebook,Story,Festive/Seasonal,19442,14952,1073,82,76,0,233,2023-04-20,2023,4,Apr,16,Thursday,9,2,Morning (6-11),1231,8.23,76.91,1.2,Needs Improvement
POST_0374,2023-09-17 22:57:00,Instagram,Reel,Promotion/Sale,33337,28795,5212,308,181,398,725,2023-09-17,2023,9,Sep,37,Sunday,22,3,Night (22-5),6099,21.18,86.38,2.17,Average
POST_0375,2023-05-16 15:15:00,Instagram,Story,Promotion/Sale,17444,12787,1098,164,83,31,463,2023-05-16,2023,5,May,20,Tuesday,15,2,Afternoon (12-16),1376,10.76,73.3,2.65,Average
POST_0376,2023-03-09 05:36:00,Instagram,Image,Promotion/Sale,12829,9244,821,45,31,54,92,2023-03-09,2023,3,Mar,10,Thursday,5,1,Night (22-5),951,10.29,72.06,0.72,Average
POST_0377,2023-06-28 03:33:00,Instagram,Image,Promotion/Sale,7009,6260,436,39,22,14,62,2023-06-28,2023,6,Jun,26,Wednesday,3,2,Night (22-5),511,8.16,89.31,0.88,Needs Improvement
POST_0378,2023-02-05 07:10:00,Instagram,Carousel,Behind the Scenes,28246,25187,2626,357,215,186,571,2023-02-05,2023,2,Feb,5,Sunday,7,1,Morning (6-11),3384,13.44,89.17,2.02,Average
POST_0379,2023-05-06 05:43:00,Instagram,Story,Promotion/Sale,9808,8377,411,40,38,28,331,2023-05-06,2023,5,May,18,Saturday,5,2,Night (22-5),517,6.17,85.41,3.37,Needs Improvement
POST_0380,2023-07-09 05:24:00,Instagram,Image,Behind the Scenes,13128,9823,1028,139,36,54,307,2023-07-09,2023,7,Jul,27,Sunday,5,3,Night (22-5),1257,12.8,74.82,2.34,Average
POST_0381,2023-05-26 19:10:00,Twitter,Image,Product Launch,13027,11568,602,50,43,0,218,2023-05-26,2023,5,May,21,Friday,19,2,Evening (17-21),695,6.01,88.8,1.67,Needs Improvement
POST_0382,2023-03-22 02:08:00,Facebook,Image,Tutorial,9826,8251,477,55,31,0,173,2023-03-22,2023,3,Mar,12,Wednesday,2,1,Night (22-5),563,6.82,83.97,1.76,Needs Improvement
POST_0383,2023-08-13 22:17:00,Instagram,Carousel,Festive/Seasonal,23030,20272,3487,504,314,127,693,2023-08-13,2023,8,Aug,32,Sunday,22,3,Night (22-5),4432,21.86,88.02,3.01,Average
POST_0384,2023-10-06 15:19:00,Facebook,Carousel,Behind the Scenes,10062,7409,891,157,80,0,229,2023-10-06,2023,10,Oct,40,Friday,15,4,Afternoon (12-16),1128,15.22,73.63,2.28,Average
POST_0385,2023-12-27 11:17:00,Instagram,Carousel,Promotion/Sale,33283,25763,3266,232,277,209,554,2023-12-27,2023,12,Dec,52,Wednesday,11,4,Morning (6-11),3984,15.46,77.41,1.66,Average
POST_0386,2023-06-04 13:31:00,Facebook,Carousel,Behind the Scenes,13025,11198,824,116,80,0,259,2023-06-04,2023,6,Jun,22,Sunday,13,2,Afternoon (12-16),1020,9.11,85.97,1.99,Needs Improvement
POST_0387,2023-11-10 14:09:00,Twitter,Image,Product Launch,12913,10157,1430,81,93,0,320,2023-11-10,2023,11,Nov,45,Friday,14,4,Afternoon (12-16),1604,15.79,78.66,2.48,Average
POST_0388,2023-12-01 17:04:00,Instagram,Text,Festive/Seasonal,7592,5275,329,40,19,9,189,2023-12-01,2023,12,Dec,48,Friday,17,4,Evening (17-21),397,7.53,69.48,2.49,Needs Improvement
POST_0389,2023-09-28 21:10:00,Facebook,Image,Behind the Scenes,13636,11834,1332,204,63,0,340,2023-09-28,2023,9,Sep,39,Thursday,21,3,Evening (17-21),1599,13.51,86.78,2.49,Average
POST_0390,2023-01-05 15:27:00,Instagram,Image,Tutorial,11889,10203,1377,71,106,31,270,2023-01-05,2023,1,Jan,1,Thursday,15,1,Afternoon (12-16),1585,15.53,85.82,2.27,Average
POST_0391,2023-12-08 23:17:00,Instagram,Image,User Generated Content,8711,7015,561,81,32,13,235,2023-12-08,2023,12,Dec,49,Friday,23,4,Night (22-5),687,9.79,80.53,2.7,Average
POST_0392,2023-10-11 08:26:00,Instagram,Story,Product Launch,13136,9959,850,79,28,36,381,2023-10-11,2023,10,Oct,41,Wednesday,8,4,Morning (6-11),993,9.97,75.81,2.9,Average
POST_0393,2023-06-03 23:19:00,Facebook,Image,User Generated Content,13055,9135,805,118,29,0,167,2023-06-03,2023,6,Jun,22,Saturday,23,2,Night (22-5),952,10.42,69.97,1.28,Average
POST_0394,2023-12-06 08:30:00,Twitter,Reel,Tutorial,25901,19633,7440,437,493,0,301,2023-12-06,2023,12,Dec,49,Wednesday,8,4,Morning (6-11),8370,42.63,75.8,1.16,High Performer
POST_0395,2023-02-23 11:50:00,Facebook,Carousel,User Generated Content,21465,16220,1977,201,95,0,262,2023-02-23,2023,2,Feb,8,Thursday,11,1,Morning (6-11),2273,14.01,75.56,1.22,Average
POST_0396,2023-03-10 12:04:00,Twitter,Image,Product Launch,6961,4991,377,51,36,0,140,2023-03-10,2023,3,Mar,10,Friday,12,1,Afternoon (12-16),464,9.3,71.7,2.01,Needs Improvement
POST_0397,2023-05-16 15:23:00,Facebook,Text,Tutorial,2213,1769,95,12,4,0,18,2023-05-16,2023,5,May,20,Tuesday,15,2,Afternoon (12-16),111,6.27,79.94,0.81,Needs Improvement
POST_0398,2023-03-01 19:16:00,Instagram,Video,Behind the Scenes,114016,81261,21406,3036,1556,830,1473,2023-03-01,2023,3,Mar,9,Wednesday,19,1,Evening (17-21),26828,33.01,71.27,1.29,High Performer
POST_0399,2023-02-24 14:15:00,Instagram,Carousel,Product Launch,62893,42545,4011,693,327,292,684,2023-02-24,2023,2,Feb,8,Friday,14,1,Afternoon (12-16),5323,12.51,67.65,1.09,Average
POST_0400,2023-10-11 09:46:00,Instagram,Video,Product Launch,82210,67846,17934,1848,557,985,1193,2023-10-11,2023,10,Oct,41,Wednesday,9,4,Morning (6-11),21324,31.43,82.53,1.45,High Performer
POST_0401,2023-03-21 02:40:00,Twitter,Image,Promotion/Sale,4627,3978,262,36,25,0,51,2023-03-21,2023,3,Mar,12,Tuesday,2,1,Night (22-5),323,8.12,85.97,1.1,Needs Improvement
POST_0402,2023-05-20 11:31:00,Instagram,Carousel,Promotion/Sale,8034,6092,519,76,48,23,108,2023-05-20,2023,5,May,20,Saturday,11,2,Morning (6-11),666,10.93,75.83,1.34,Average
POST_0403,2023-05-25 01:38:00,Facebook,Image,Product Launch,4839,3858,412,54,19,0,121,2023-05-25,2023,5,May,21,Thursday,1,2,Night (22-5),485,12.57,79.73,2.5,Average
POST_0404,2023-11-06 09:39:00,Facebook,Video,Tutorial,21613,15125,4666,681,144,0,263,2023-11-06,2023,11,Nov,45,Monday,9,4,Morning (6-11),5491,36.3,69.98,1.22,High Performer
POST_0405,2023-04-18 08:12:00,Facebook,Reel,User Generated Content,32238,21458,5267,765,381,0,647,2023-04-18,2023,4,Apr,16,Tuesday,8,2,Morning (6-11),6413,29.89,66.56,2.01,High Performer
POST_0406,2023-06-25 15:29:00,Twitter,Image,Product Launch,1940,1722,221,34,19,0,65,2023-06-25,2023,6,Jun,25,Sunday,15,2,Afternoon (12-16),274,15.91,88.76,3.35,Average
POST_0407,2023-04-15 23:06:00,Instagram,Image,Product Launch,10859,9075,1078,126,37,45,341,2023-04-15,2023,4,Apr,15,Saturday,23,2,Night (22-5),1286,14.17,83.57,3.14,Average
POST_0408,2023-12-18 03:08:00,Twitter,Carousel,Tutorial,8128,6377,706,69,65,0,191,2023-12-18,2023,12,Dec,51,Monday,3,4,Night (22-5),840,13.17,78.46,2.35,Average
POST_0409,2023-11-21 14:19:00,Instagram,Story,Product Launch,18760,13358,1159,122,70,68,508,2023-11-21,2023,11,Nov,47,Tuesday,14,4,Afternoon (12-16),1419,10.62,71.2,2.71,Average
POST_0410,2023-05-16 09:00:00,Twitter,Carousel,Behind the Scenes,9969,8535,973,104,30,0,162,2023-05-16,2023,5,May,20,Tuesday,9,2,Morning (6-11),1107,12.97,85.62,1.63,Average
POST_0411,2023-09-16 14:25:00,Instagram,Image,Tutorial,19339,17052,991,148,58,58,303,2023-09-16,2023,9,Sep,37,Saturday,14,3,Afternoon (12-16),1255,7.36,88.17,1.57,Needs Improvement
POST_0412,2023-09-08 22:21:00,Instagram,Video,Product Launch,18271,12609,1611,119,123,117,434,2023-09-08,2023,9,Sep,36,Friday,22,3,Night (22-5),1970,15.62,69.01,2.38,Average
POST_0413,2023-05-09 19:53:00,Instagram,Story,Promotion/Sale,14589,10612,573,67,38,23,218,2023-05-09,2023,5,May,19,Tuesday,19,2,Evening (17-21),701,6.61,72.74,1.49,Needs Improvement
POST_0414,2023-01-27 01:39:00,Instagram,Video,Promotion/Sale,45881,38876,7034,1187,680,278,802,2023-01-27,2023,1,Jan,4,Friday,1,1,Night (22-5),9179,23.61,84.73,1.75,Average
POST_0415,2023-02-17 21:24:00,Instagram,Story,Tutorial,37581,25391,1632,199,106,51,908,2023-02-17,2023,2,Feb,7,Friday,21,1,Evening (17-21),1988,7.83,67.56,2.42,Needs Improvement
POST_0416,2023-11-21 14:51:00,Facebook,Image,Tutorial,18363,15782,2058,303,125,0,446,2023-11-21,2023,11,Nov,47,Tuesday,14,4,Afternoon (12-16),2486,15.75,85.94,2.43,Average
POST_0417,2023-08-05 06:55:00,Instagram,Image,Promotion/Sale,8908,7335,513,33,21,10,231,2023-08-05,2023,8,Aug,31,Saturday,6,3,Morning (6-11),577,7.87,82.34,2.59,Needs Improvement
POST_0418,2023-05-22 14:21:00,Twitter,Reel,Promotion/Sale,22505,17525,2967,180,92,0,262,2023-05-22,2023,5,May,21,Monday,14,2,Afternoon (12-16),3239,18.48,77.87,1.16,Average
POST_0419,2023-01-23 12:28:00,Instagram,Video,Product Launch,41211,27872,4509,529,327,156,326,2023-01-23,2023,1,Jan,4,Monday,12,1,Afternoon (12-16),5521,19.81,67.63,0.79,Average
POST_0420,2023-01-02 22:21:00,Facebook,Reel,Behind the Scenes,22182,15717,2895,505,211,0,419,2023-01-02,2023,1,Jan,1,Monday,22,1,Night (22-5),3611,22.98,70.85,1.89,Average
POST_0421,2023-06-20 11:27:00,Instagram,Reel,Tutorial,25271,20826,6409,463,416,286,752,2023-06-20,2023,6,Jun,25,Tuesday,11,2,Morning (6-11),7574,36.37,82.41,2.98,High Performer
POST_0422,2023-03-08 20:52:00,Facebook,Image,Promotion/Sale,14564,11405,673,86,25,0,229,2023-03-08,2023,3,Mar,10,Wednesday,20,1,Evening (17-21),784,6.87,78.31,1.57,Needs Improvement
POST_0423,2023-11-23 20:52:00,Twitter,Story,Promotion/Sale,5699,4262,428,32,28,0,96,2023-11-23,2023,11,Nov,47,Thursday,20,4,Evening (17-21),488,11.45,74.79,1.68,Average
POST_0424,2023-05-15 23:55:00,Instagram,Story,Product Launch,3510,2977,121,13,8,6,91,2023-05-15,2023,5,May,20,Monday,23,2,Night (22-5),148,4.97,84.81,2.59,Needs Improvement
POST_0425,2023-03-24 02:41:00,Facebook,Reel,User Generated Content,34859,29816,10253,1159,547,0,1006,2023-03-24,2023,3,Mar,12,Friday,2,1,Night (22-5),11959,40.11,85.53,2.89,High Performer
POST_0426,2023-08-15 15:38:00,Facebook,Image,Festive/Seasonal,11225,7811,1016,167,63,0,95,2023-08-15,2023,8,Aug,33,Tuesday,15,3,Afternoon (12-16),1246,15.95,69.59,0.85,Average
POST_0427,2023-10-10 01:08:00,Twitter,Reel,Tutorial,23296,16327,2369,388,135,0,428,2023-10-10,2023,10,Oct,41,Tuesday,1,4,Night (22-5),2892,17.71,70.08,1.84,Average
POST_0428,2023-12-28 17:19:00,Facebook,Video,Behind the Scenes,29199,19465,5006,298,281,0,664,2023-12-28,2023,12,Dec,52,Thursday,17,4,Evening (17-21),5585,28.69,66.66,2.27,High Performer
POST_0429,2023-08-07 23:20:00,Twitter,Image,Product Launch,1960,1445,121,7,6,0,34,2023-08-07,2023,8,Aug,32,Monday,23,3,Night (22-5),134,9.27,73.72,1.73,Needs Improvement
POST_0430,2023-10-15 13:38:00,Instagram,Reel,Festive/Seasonal,86145,70137,21703,1108,981,1295,1719,2023-10-15,2023,10,Oct,41,Sunday,13,4,Afternoon (12-16),25087,35.77,81.42,2.0,High Performer
POST_0431,2023-01-05 14:44:00,Facebook,Story,User Generated Content,5732,4824,376,57,31,0,164,2023-01-05,2023,1,Jan,1,Thursday,14,1,Afternoon (12-16),464,9.62,84.16,2.86,Average
POST_0432,2023-02-27 09:12:00,Facebook,Image,Tutorial,26827,18378,2066,269,169,0,277,2023-02-27,2023,2,Feb,9,Monday,9,1,Morning (6-11),2504,13.62,68.51,1.03,Average
POST_0433,2023-02-08 21:30:00,Facebook,Text,Festive/Seasonal,13499,11839,715,91,54,0,434,2023-02-08,2023,2,Feb,6,Wednesday,21,1,Evening (17-21),860,7.26,87.7,3.22,Needs Improvement
POST_0434,2023-12-20 09:20:00,Instagram,Reel,Tutorial,86185,69645,11704,1306,938,424,1119,2023-12-20,2023,12,Dec,51,Wednesday,9,4,Morning (6-11),14372,20.64,80.81,1.3,Average
POST_0435,2023-03-18 19:11:00,Instagram,Carousel,Festive/Seasonal,23338,17648,3577,414,154,88,545,2023-03-18,2023,3,Mar,11,Saturday,19,1,Evening (17-21),4233,23.99,75.62,2.34,High Performer
POST_0436,2023-10-07 16:25:00,Facebook,Reel,Promotion/Sale,17039,14576,4326,664,212,0,448,2023-10-07,2023,10,Oct,40,Saturday,16,4,Afternoon (12-16),5202,35.69,85.54,2.63,High Performer
POST_0437,2023-01-19 01:20:00,Facebook,Video,Behind the Scenes,24418,17852,3077,230,241,0,295,2023-01-19,2023,1,Jan,3,Thursday,1,1,Night (22-5),3548,19.87,73.11,1.21,Average
POST_0438,2023-07-09 15:18:00,Twitter,Image,Behind the Scenes,5209,3730,416,64,35,0,122,2023-07-09,2023,7,Jul,27,Sunday,15,3,Afternoon (12-16),515,13.81,71.61,2.34,Average
POST_0439,2023-10-26 08:47:00,Instagram,Reel,User Generated Content,60024,39483,7677,417,702,265,1054,2023-10-26,2023,10,Oct,43,Thursday,8,4,Morning (6-11),9061,22.95,65.78,1.76,Average
POST_0440,2023-10-10 08:44:00,Instagram,Story,Festive/Seasonal,13040,10649,631,105,58,24,394,2023-10-10,2023,10,Oct,41,Tuesday,8,4,Morning (6-11),818,7.68,81.66,3.02,Needs Improvement
POST_0441,2023-03-17 13:40:00,Facebook,Image,User Generated Content,14962,9976,569,102,30,0,323,2023-03-17,2023,3,Mar,11,Friday,13,1,Afternoon (12-16),701,7.03,66.68,2.16,Needs Improvement
POST_0442,2023-08-09 09:31:00,Facebook,Reel,Behind the Scenes,83025,71775,27518,2239,903,0,1603,2023-08-09,2023,8,Aug,32,Wednesday,9,3,Morning (6-11),30660,42.72,86.45,1.93,High Performer
POST_0443,2023-03-07 07:36:00,Twitter,Image,Tutorial,14490,10551,1169,93,36,0,347,2023-03-07,2023,3,Mar,10,Tuesday,7,1,Morning (6-11),1298,12.3,72.82,2.39,Average
POST_0444,2023-01-22 20:50:00,Twitter,Reel,Product Launch,29123,24480,3377,536,247,0,658,2023-01-22,2023,1,Jan,3,Sunday,20,1,Evening (17-21),4160,16.99,84.06,2.26,Average
POST_0446,2023-07-06 14:20:00,Instagram,Image,Tutorial,20965,14826,1561,266,148,63,382,2023-07-06,2023,7,Jul,27,Thursday,14,3,Afternoon (12-16),2038,13.75,70.72,1.82,Average
POST_0447,2023-01-21 05:24:00,Facebook,Video,Festive/Seasonal,25743,17076,3651,502,282,0,361,2023-01-21,2023,1,Jan,3,Saturday,5,1,Night (22-5),4435,25.97,66.33,1.4,High Performer
POST_0448,2023-07-03 02:17:00,Facebook,Video,Tutorial,37062,25640,5745,803,452,0,755,2023-07-03,2023,7,Jul,27,Monday,2,3,Night (22-5),7000,27.3,69.18,2.04,High Performer
POST_0449,2023-04-18 16:52:00,Instagram,Image,Behind the Scenes,13103,10480,683,96,42,41,368,2023-04-18,2023,4,Apr,16,Tuesday,16,2,Afternoon (12-16),862,8.23,79.98,2.81,Needs Improvement
POST_0450,2023-12-16 21:50:00,Instagram,Video,Product Launch,38460,25183,7215,932,569,507,858,2023-12-16,2023,12,Dec,50,Saturday,21,4,Evening (17-21),9223,36.62,65.48,2.23,High Performer
POST_0451,2023-05-08 08:25:00,Instagram,Video,Product Launch,70191,52676,7713,959,380,580,1448,2023-05-08,2023,5,May,19,Monday,8,2,Morning (6-11),9632,18.29,75.05,2.06,Average
POST_0452,2023-12-08 16:23:00,Facebook,Image,Festive/Seasonal,10896,8049,426,23,25,0,100,2023-12-08,2023,12,Dec,49,Friday,16,4,Afternoon (12-16),474,5.89,73.87,0.92,Needs Improvement
POST_0453,2023-02-22 16:07:00,Facebook,Reel,Behind the Scenes,40723,33179,6041,979,555,0,527,2023-02-22,2023,2,Feb,8,Wednesday,16,1,Afternoon (12-16),7575,22.83,81.47,1.29,Average
POST_0454,2023-07-01 04:59:00,Instagram,Video,Tutorial,41737,30118,8788,1578,282,648,863,2023-07-01,2023,7,Jul,26,Saturday,4,3,Night (22-5),11296,37.51,72.16,2.07,High Performer
POST_0455,2023-10-14 17:36:00,Instagram,Image,Promotion/Sale,18619,12392,993,58,97,68,440,2023-10-14,2023,10,Oct,41,Saturday,17,4,Evening (17-21),1216,9.81,66.56,2.36,Average
POST_0456,2023-07-28 02:12:00,Twitter,Carousel,User Generated Content,11795,7917,1009,59,45,0,133,2023-07-28,2023,7,Jul,30,Friday,2,3,Night (22-5),1113,14.06,67.12,1.13,Average
POST_0457,2023-11-14 13:37:00,Facebook,Image,Tutorial,5153,3565,221,39,18,0,139,2023-11-14,2023,11,Nov,46,Tuesday,13,4,Afternoon (12-16),278,7.8,69.18,2.7,Needs Improvement
POST_0458,2023-03-21 15:34:00,Instagram,Story,Festive/Seasonal,8779,6317,590,54,30,20,87,2023-03-21,2023,3,Mar,12,Tuesday,15,1,Afternoon (12-16),694,10.99,71.96,0.99,Average
POST_0459,2023-05-02 08:11:00,Instagram,Video,Promotion/Sale,72157,48030,7644,1186,307,310,1726,2023-05-02,2023,5,May,18,Tuesday,8,2,Morning (6-11),9447,19.67,66.56,2.39,Average
POST_0460,2023-03-25 04:43:00,Instagram,Image,Festive/Seasonal,5742,3851,363,32,25,24,54,2023-03-25,2023,3,Mar,12,Saturday,4,1,Night (22-5),444,11.53,67.07,0.94,Average
POST_0461,2023-04-01 17:49:00,Instagram,Carousel,Product Launch,11787,9500,1058,119,37,50,182,2023-04-01,2023,4,Apr,13,Saturday,17,2,Evening (17-21),1264,13.31,80.6,1.54,Average
POST_0462,2023-07-31 22:35:00,Instagram,Image,Tutorial,28230,18751,1653,181,133,90,562,2023-07-31,2023,7,Jul,31,Monday,22,3,Night (22-5),2057,10.97,66.42,1.99,Average
POST_0463,2023-01-13 23:01:00,Facebook,Video,Tutorial,17524,13747,4126,737,380,0,290,2023-01-13,2023,1,Jan,2,Friday,23,1,Night (22-5),5243,38.14,78.45,1.65,High Performer
POST_0464,2023-04-02 21:46:00,Instagram,Image,Promotion/Sale,20592,15904,1895,216,120,133,331,2023-04-02,2023,4,Apr,13,Sunday,21,2,Evening (17-21),2364,14.86,77.23,1.61,Average
POST_0465,2023-06-20 03:29:00,Twitter,Reel,Tutorial,9456,7219,2333,154,102,0,278,2023-06-20,2023,6,Jun,25,Tuesday,3,2,Night (22-5),2589,35.86,76.34,2.94,High Performer
POST_0466,2023-07-30 16:45:00,Twitter,Reel,Behind the Scenes,9315,7376,2038,231,153,0,124,2023-07-30,2023,7,Jul,30,Sunday,16,3,Afternoon (12-16),2422,32.84,79.18,1.33,High Performer
POST_0467,2023-12-09 12:13:00,Facebook,Image,User Generated Content,10482,7183,738,54,36,0,118,2023-12-09,2023,12,Dec,49,Saturday,12,4,Afternoon (12-16),828,11.53,68.53,1.13,Average
POST_0468,2023-05-08 00:28:00,Twitter,Image,User Generated Content,3432,2939,221,37,21,0,79,2023-05-08,2023,5,May,19,Monday,0,2,Night (22-5),279,9.49,85.64,2.3,Average
POST_0469,2023-05-17 08:51:00,Instagram,Reel,Festive/Seasonal,101788,75511,11347,1388,1011,768,1151,2023-05-17,2023,5,May,20,Wednesday,8,2,Morning (6-11),14514,19.22,74.18,1.13,Average
POST_0470,2023-03-23 22:18:00,Instagram,Reel,Festive/Seasonal,34108,24050,4421,723,209,158,240,2023-03-23,2023,3,Mar,12,Thursday,22,1,Night (22-5),5511,22.91,70.51,0.7,Average
POST_0471,2023-12-26 08:53:00,Facebook,Image,User Generated Content,24617,20618,1290,141,70,0,264,2023-12-26,2023,12,Dec,52,Tuesday,8,4,Morning (6-11),1501,7.28,83.76,1.07,Needs Improvement
POST_0472,2023-02-25 19:44:00,Facebook,Story,Promotion/Sale,15984,14068,547,48,24,0,241,2023-02-25,2023,2,Feb,8,Saturday,19,1,Evening (17-21),619,4.4,88.01,1.51,Needs Improvement
POST_0473,2023-07-15 06:04:00,Instagram,Reel,Behind the Scenes,33382,28045,4698,532,282,262,1121,2023-07-15,2023,7,Jul,28,Saturday,6,3,Morning (6-11),5774,20.59,84.01,3.36,Average
POST_0474,2023-01-20 23:52:00,Facebook,Image,Product Launch,13749,10304,1313,94,42,0,166,2023-01-20,2023,1,Jan,3,Friday,23,1,Night (22-5),1449,14.06,74.94,1.21,Average
POST_0475,2023-08-29 05:54:00,Facebook,Image,Promotion/Sale,10322,9059,878,101,29,0,100,2023-08-29,2023,8,Aug,35,Tuesday,5,3,Night (22-5),1008,11.13,87.76,0.97,Average
POST_0476,2023-04-24 08:50:00,Instagram,Carousel,Tutorial,27629,20985,4046,286,128,189,359,2023-04-24,2023,4,Apr,17,Monday,8,2,Morning (6-11),4649,22.15,75.95,1.3,Average
POST_0477,2023-04-13 19:50:00,Instagram,Image,Product Launch,23405,16228,1370,211,78,89,223,2023-04-13,2023,4,Apr,15,Thursday,19,2,Evening (17-21),1748,10.77,69.34,0.95,Average
POST_0478,2023-08-24 12:26:00,Twitter,Story,Festive/Seasonal,6622,4696,398,49,37,0,101,2023-08-24,2023,8,Aug,34,Thursday,12,3,Afternoon (12-16),484,10.31,70.92,1.53,Average
POST_0479,2023-06-29 13:43:00,Instagram,Image,User Generated Content,30762,21798,1768,95,172,106,828,2023-06-29,2023,6,Jun,26,Thursday,13,2,Afternoon (12-16),2141,9.82,70.86,2.69,Average
POST_0480,2023-06-06 19:31:00,Instagram,Story,Behind the Scenes,20521,16475,1397,127,124,107,602,2023-06-06,2023,6,Jun,23,Tuesday,19,2,Evening (17-21),1755,10.65,80.28,2.93,Average
POST_0481,2023-04-27 13:08:00,Facebook,Story,User Generated Content,6879,6128,225,32,17,0,175,2023-04-27,2023,4,Apr,17,Thursday,13,2,Afternoon (12-16),274,4.47,89.08,2.54,Needs Improvement
POST_0482,2023-04-25 16:40:00,Instagram,Carousel,Product Launch,37537,27325,3305,199,201,117,554,2023-04-25,2023,4,Apr,17,Tuesday,16,2,Afternoon (12-16),3822,13.99,72.79,1.48,Average
POST_0483,2023-01-13 21:19:00,Instagram,Story,User Generated Content,31127,20713,883,62,63,25,808,2023-01-13,2023,1,Jan,2,Friday,21,1,Evening (17-21),1033,4.99,66.54,2.6,Needs Improvement
POST_0484,2023-12-04 14:15:00,Facebook,Image,Festive/Seasonal,10884,8439,604,67,46,0,274,2023-12-04,2023,12,Dec,49,Monday,14,4,Afternoon (12-16),717,8.5,77.54,2.52,Needs Improvement
POST_0485,2023-04-09 14:16:00,Instagram,Reel,Promotion/Sale,98210,83905,27000,1545,822,884,2509,2023-04-09,2023,4,Apr,14,Sunday,14,2,Afternoon (12-16),30251,36.05,85.43,2.55,High Performer
POST_0486,2023-07-24 05:42:00,Facebook,Video,Product Launch,23980,17999,5582,928,522,0,349,2023-07-24,2023,7,Jul,30,Monday,5,3,Night (22-5),7032,39.07,75.06,1.46,High Performer
POST_0487,2023-06-18 06:09:00,Instagram,Image,User Generated Content,6480,4511,364,38,32,9,144,2023-06-18,2023,6,Jun,24,Sunday,6,2,Morning (6-11),443,9.82,69.61,2.22,Average
POST_0488,2023-05-23 17:45:00,Facebook,Reel,Festive/Seasonal,28918,20878,5306,472,380,0,480,2023-05-23,2023,5,May,21,Tuesday,17,2,Evening (17-21),6158,29.5,72.2,1.66,High Performer
POST_0489,2023-02-05 15:27:00,Facebook,Story,Product Launch,6356,5296,441,75,38,0,142,2023-02-05,2023,2,Feb,5,Sunday,15,1,Afternoon (12-16),554,10.46,83.32,2.23,Average
POST_0490,2023-05-23 21:50:00,Facebook,Carousel,Promotion/Sale,36698,32095,4157,384,127,0,1116,2023-05-23,2023,5,May,21,Tuesday,21,2,Evening (17-21),4668,14.54,87.46,3.04,Average
POST_0491,2023-06-29 18:24:00,Instagram,Story,Product Launch,10571,8097,360,63,16,8,225,2023-06-29,2023,6,Jun,26,Thursday,18,2,Evening (17-21),447,5.52,76.6,2.13,Needs Improvement
POST_0492,2023-11-25 01:04:00,Twitter,Reel,User Generated Content,16514,10868,3223,384,119,0,164,2023-11-25,2023,11,Nov,47,Saturday,1,4,Night (22-5),3726,34.28,65.81,0.99,High Performer
POST_0494,2023-07-24 18:38:00,Instagram,Carousel,Product Launch,10201,6765,1161,127,53,65,118,2023-07-24,2023,7,Jul,30,Monday,18,3,Evening (17-21),1406,20.78,66.32,1.16,Average
POST_0495,2023-12-14 22:30:00,Instagram,Image,Behind the Scenes,11513,9845,923,88,51,63,195,2023-12-14,2023,12,Dec,50,Thursday,22,4,Night (22-5),1125,11.43,85.51,1.69,Average
POST_0496,2023-10-02 14:37:00,Instagram,Story,Tutorial,13349,8959,623,70,55,20,191,2023-10-02,2023,10,Oct,40,Monday,14,4,Afternoon (12-16),768,8.57,67.11,1.43,Needs Improvement
POST_0497,2023-06-19 19:25:00,Instagram,Carousel,Festive/Seasonal,42865,32782,3791,649,145,288,1000,2023-06-19,2023,6,Jun,25,Monday,19,2,Evening (17-21),4873,14.86,76.48,2.33,Average
POST_0498,2023-01-15 19:34:00,Instagram,Carousel,Promotion/Sale,51425,33846,4754,489,196,282,1324,2023-01-15,2023,1,Jan,2,Sunday,19,1,Evening (17-21),5721,16.9,65.82,2.57,Average
POST_0499,2023-03-01 07:32:00,Instagram,Image,Tutorial,19605,14790,875,113,83,52,181,2023-03-01,2023,3,Mar,9,Wednesday,7,1,Morning (6-11),1123,7.59,75.44,0.92,Needs Improvement
POST_0500,2023-05-14 07:59:00,Instagram,Carousel,Product Launch,41187,32441,4219,668,367,239,687,2023-05-14,2023,5,May,19,Sunday,7,2,Morning (6-11),5493,16.93,78.77,1.67,Average
POST_0501,2023-04-02 22:58:00,Instagram,Image,Promotion/Sale,9909,7464,842,114,29,36,115,2023-04-02,2023,4,Apr,13,Sunday,22,2,Night (22-5),1021,13.68,75.33,1.16,Average
POST_0502,2023-10-25 19:55:00,Twitter,Image,User Generated Content,5985,5128,266,27,11,0,186,2023-10-25,2023,10,Oct,43,Wednesday,19,4,Evening (17-21),304,5.93,85.68,3.11,Needs Improvement
POST_0503,2023-05-16 21:44:00,Facebook,Reel,Behind the Scenes,37585,31303,11684,919,1075,0,1190,2023-05-16,2023,5,May,20,Tuesday,21,2,Evening (17-21),13678,43.7,83.29,3.17,High Performer
POST_0504,2023-01-20 06:26:00,Instagram,Reel,Festive/Seasonal,56312,45548,13174,1349,1089,683,1381,2023-01-20,2023,1,Jan,3,Friday,6,1,Morning (6-11),16295,35.78,80.89,2.45,High Performer
POST_0505,2023-02-25 16:34:00,Instagram,Reel,Behind the Scenes,64960,44602,15219,1829,1356,698,953,2023-02-25,2023,2,Feb,8,Saturday,16,1,Afternoon (12-16),19102,42.83,68.66,1.47,High Performer
POST_0506,2023-11-02 14:02:00,Instagram,Reel,Product Launch,81495,58089,19989,2257,1319,769,1579,2023-11-02,2023,11,Nov,44,Thursday,14,4,Afternoon (12-16),24334,41.89,71.28,1.94,High Performer
POST_0507,2023-08-11 11:50:00,Twitter,Image,Behind the Scenes,3277,2135,303,53,17,0,68,2023-08-11,2023,8,Aug,32,Friday,11,3,Morning (6-11),373,17.47,65.15,2.08,Average
POST_0508,2023-06-26 19:23:00,Instagram,Image,Product Launch,24222,19808,2482,429,143,166,356,2023-06-26,2023,6,Jun,26,Monday,19,2,Evening (17-21),3220,16.26,81.78,1.47,Average
POST_0509,2023-06-10 19:44:00,Facebook,Story,Behind the Scenes,24645,16760,1735,127,127,0,279,2023-06-10,2023,6,Jun,23,Saturday,19,2,Evening (17-21),1989,11.87,68.01,1.13,Average
POST_0510,2023-08-12 12:57:00,Instagram,Image,Promotion/Sale,21166,16649,1465,103,61,66,544,2023-08-12,2023,8,Aug,32,Saturday,12,3,Afternoon (12-16),1695,10.18,78.66,2.57,Average
POST_0511,2023-11-07 10:51:00,Twitter,Image,Behind the Scenes,1650,1345,142,10,6,0,14,2023-11-07,2023,11,Nov,45,Tuesday,10,4,Morning (6-11),158,11.75,81.52,0.85,Average
POST_0512,2023-09-19 05:34:00,Instagram,Reel,Tutorial,47237,42214,6867,549,623,519,953,2023-09-19,2023,9,Sep,38,Tuesday,5,3,Night (22-5),8558,20.27,89.37,2.02,Average
POST_0515,2023-10-23 20:58:00,Instagram,Text,User Generated Content,15250,10105,449,71,38,15,169,2023-10-23,2023,10,Oct,43,Monday,20,4,Evening (17-21),573,5.67,66.26,1.11,Needs Improvement
POST_0516,2023-04-08 01:05:00,Instagram,Image,Product Launch,21117,18637,1065,115,57,76,233,2023-04-08,2023,4,Apr,14,Saturday,1,2,Night (22-5),1313,7.05,88.26,1.1,Needs Improvement
POST_0517,2023-05-11 12:06:00,Twitter,Reel,Promotion/Sale,11320,8751,2110,197,121,0,226,2023-05-11,2023,5,May,19,Thursday,12,2,Afternoon (12-16),2428,27.75,77.31,2.0,High Performer
POST_0518,2023-01-23 09:49:00,Facebook,Image,User Generated Content,10112,8018,1004,149,40,0,116,2023-01-23,2023,1,Jan,4,Monday,9,1,Morning (6-11),1193,14.88,79.29,1.15,Average
POST_0519,2023-12-29 21:15:00,Instagram,Reel,Tutorial,60205,49363,7034,383,403,434,780,2023-12-29,2023,12,Dec,52,Friday,21,4,Evening (17-21),8254,16.72,81.99,1.3,Average
POST_0520,2023-08-12 18:42:00,Instagram,Reel,Product Launch,30164,21565,7652,1273,388,258,481,2023-08-12,2023,8,Aug,32,Saturday,18,3,Evening (17-21),9571,44.38,71.49,1.59,High Performer
POST_0521,2023-01-01 12:42:00,Instagram,Reel,Festive/Seasonal,96956,79336,26897,2732,1101,1728,1651,2023-01-01,2023,1,Jan,52,Sunday,12,1,Afternoon (12-16),32458,40.91,81.83,1.7,High Performer
POST_0522,2023-09-24 04:22:00,Instagram,Reel,Product Launch,32783,23527,3500,626,143,277,925,2023-09-24,2023,9,Sep,38,Sunday,4,3,Night (22-5),4546,19.32,71.77,2.82,Average
POST_0523,2023-10-03 02:10:00,Facebook,Image,Product Launch,10810,9367,709,78,52,0,209,2023-10-03,2023,10,Oct,40,Tuesday,2,4,Night (22-5),839,8.96,86.65,1.93,Needs Improvement
POST_0524,2023-12-18 05:41:00,Facebook,Story,Festive/Seasonal,7386,5410,414,66,18,0,205,2023-12-18,2023,12,Dec,51,Monday,5,4,Night (22-5),498,9.21,73.25,2.78,Needs Improvement
POST_0525,2023-12-10 11:39:00,Twitter,Image,Promotion/Sale,5979,5051,250,39,8,0,185,2023-12-10,2023,12,Dec,49,Sunday,11,4,Morning (6-11),297,5.88,84.48,3.09,Needs Improvement
POST_0526,2023-04-11 12:02:00,Twitter,Image,User Generated Content,14280,10331,704,105,33,0,371,2023-04-11,2023,4,Apr,15,Tuesday,12,2,Afternoon (12-16),842,8.15,72.35,2.6,Needs Improvement
POST_0527,2023-07-06 20:36:00,Facebook,Carousel,Behind the Scenes,33323,26610,4227,586,297,0,608,2023-07-06,2023,7,Jul,27,Thursday,20,3,Evening (17-21),5110,19.2,79.85,1.82,Average
POST_0528,2023-08-09 03:41:00,Instagram,Reel,Promotion/Sale,30409,25608,4761,666,220,273,830,2023-08-09,2023,8,Aug,32,Wednesday,3,3,Night (22-5),5920,23.12,84.21,2.73,Average
POST_0529,2023-02-05 21:43:00,Instagram,Reel,Promotion/Sale,120950,79978,25268,2384,1604,1913,1596,2023-02-05,2023,2,Feb,5,Sunday,21,1,Evening (17-21),31169,38.97,66.12,1.32,High Performer
POST_0530,2023-12-07 20:41:00,Instagram,Story,Tutorial,17442,11396,477,39,15,27,259,2023-12-07,2023,12,Dec,49,Thursday,20,4,Evening (17-21),558,4.9,65.34,1.48,Needs Improvement
POST_0531,2023-06-19 21:25:00,Twitter,Reel,Product Launch,16178,13200,4951,279,457,0,360,2023-06-19,2023,6,Jun,25,Monday,21,2,Evening (17-21),5687,43.08,81.59,2.23,High Performer
POST_0532,2023-11-16 21:48:00,Instagram,Image,Product Launch,33793,26191,1431,88,103,57,982,2023-11-16,2023,11,Nov,46,Thursday,21,4,Evening (17-21),1679,6.41,77.5,2.91,Needs Improvement
POST_0533,2023-06-10 10:21:00,Facebook,Image,Behind the Scenes,8724,6310,621,87,57,0,213,2023-06-10,2023,6,Jun,23,Saturday,10,2,Morning (6-11),765,12.12,72.33,2.44,Average
POST_0534,2023-12-06 09:50:00,Twitter,Image,Tutorial,12353,10128,1405,124,42,0,183,2023-12-06,2023,12,Dec,49,Wednesday,9,4,Morning (6-11),1571,15.51,81.99,1.48,Average
POST_0535,2023-03-05 09:27:00,Facebook,Reel,Behind the Scenes,70529,56307,7441,1077,391,0,1686,2023-03-05,2023,3,Mar,9,Sunday,9,1,Morning (6-11),8909,15.82,79.84,2.39,Average
POST_0536,2023-06-03 09:06:00,Facebook,Video,Behind the Scenes,38803,28546,4057,252,357,0,1071,2023-06-03,2023,6,Jun,22,Saturday,9,2,Morning (6-11),4666,16.35,73.57,2.76,Average
POST_0537,2023-09-17 02:00:00,Instagram,Image,Promotion/Sale,9899,8238,1012,66,30,63,170,2023-09-17,2023,9,Sep,37,Sunday,2,3,Night (22-5),1171,14.21,83.22,1.72,Average
POST_0538,2023-06-08 07:06:00,Twitter,Image,User Generated Content,8055,5261,525,84,50,0,141,2023-06-08,2023,6,Jun,23,Thursday,7,2,Morning (6-11),659,12.53,65.31,1.75,Average
POST_0539,2023-12-08 08:16:00,Twitter,Reel,Promotion/Sale,25234,18799,5328,535,249,0,241,2023-12-08,2023,12,Dec,49,Friday,8,4,Morning (6-11),6112,32.51,74.5,0.96,High Performer
POST_0540,2023-07-29 03:14:00,Instagram,Text,User Generated Content,5176,3489,113,20,6,5,126,2023-07-29,2023,7,Jul,30,Saturday,3,3,Night (22-5),144,4.13,67.41,2.43,Needs Improvement
POST_0541,2023-06-17 18:32:00,Instagram,Story,Product Launch,6754,5070,428,59,22,11,146,2023-06-17,2023,6,Jun,24,Saturday,18,2,Evening (17-21),520,10.26,75.07,2.16,Average
POST_0542,2023-07-26 08:47:00,Instagram,Image,Promotion/Sale,20152,16013,1834,258,151,132,400,2023-07-26,2023,7,Jul,30,Wednesday,8,3,Morning (6-11),2375,14.83,79.46,1.98,Average
POST_0543,2023-12-23 04:33:00,Facebook,Text,Behind the Scenes,3161,2074,78,8,5,0,73,2023-12-23,2023,12,Dec,51,Saturday,4,4,Night (22-5),91,4.39,65.61,2.31,Needs Improvement
POST_0544,2023-06-01 01:35:00,Facebook,Reel,Tutorial,19249,13116,4913,314,311,0,361,2023-06-01,2023,6,Jun,22,Thursday,1,2,Night (22-5),5538,42.22,68.14,1.88,High Performer
POST_0545,2023-10-11 21:37:00,Facebook,Text,User Generated Content,3915,2647,137,16,6,0,77,2023-10-11,2023,10,Oct,41,Wednesday,21,4,Evening (17-21),159,6.01,67.61,1.97,Needs Improvement
POST_0546,2023-03-07 12:44:00,Instagram,Reel,Behind the Scenes,85137,56224,14366,2005,684,552,1597,2023-03-07,2023,3,Mar,10,Tuesday,12,1,Afternoon (12-16),17607,31.32,66.04,1.88,High Performer
POST_0547,2023-04-09 20:36:00,Twitter,Story,Festive/Seasonal,8943,7245,503,37,39,0,193,2023-04-09,2023,4,Apr,14,Sunday,20,2,Evening (17-21),579,7.99,81.01,2.16,Needs Improvement
POST_0548,2023-08-04 19:14:00,Twitter,Reel,Festive/Seasonal,26659,23402,3120,284,106,0,772,2023-08-04,2023,8,Aug,31,Friday,19,3,Evening (17-21),3510,15.0,87.78,2.9,Average
POST_0549,2023-12-07 12:28:00,Twitter,Carousel,User Generated Content,11691,8756,1583,172,93,0,333,2023-12-07,2023,12,Dec,49,Thursday,12,4,Afternoon (12-16),1848,21.11,74.9,2.85,Average
POST_0550,2023-07-14 14:23:00,Facebook,Reel,Festive/Seasonal,35220,23953,6650,1170,375,0,284,2023-07-14,2023,7,Jul,28,Friday,14,3,Afternoon (12-16),8195,34.21,68.01,0.81,High Performer
POST_0551,2023-12-13 21:25:00,Facebook,Image,Festive/Seasonal,12169,9911,1425,154,78,0,218,2023-12-13,2023,12,Dec,50,Wednesday,21,4,Evening (17-21),1657,16.72,81.44,1.79,Average
POST_0552,2023-03-31 00:29:00,Instagram,Text,User Generated Content,2044,1779,78,7,5,3,52,2023-03-31,2023,3,Mar,13,Friday,0,1,Night (22-5),93,5.23,87.04,2.54,Needs Improvement
POST_0553,2023-11-12 07:49:00,Facebook,Video,Tutorial,75207,51731,11326,1452,800,0,1140,2023-11-12,2023,11,Nov,45,Sunday,7,4,Morning (6-11),13578,26.25,68.78,1.52,High Performer
POST_0554,2023-10-19 05:43:00,Instagram,Reel,User Generated Content,31329,21357,4875,346,396,158,251,2023-10-19,2023,10,Oct,42,Thursday,5,4,Night (22-5),5775,27.04,68.17,0.8,High Performer
POST_0555,2023-06-04 21:37:00,Instagram,Story,Behind the Scenes,47005,37333,2272,350,154,56,1007,2023-06-04,2023,6,Jun,22,Sunday,21,2,Evening (17-21),2832,7.59,79.42,2.14,Needs Improvement
POST_0556,2023-07-27 14:44:00,Instagram,Story,Product Launch,31371,23499,1347,92,54,61,654,2023-07-27,2023,7,Jul,30,Thursday,14,3,Afternoon (12-16),1554,6.61,74.91,2.08,Needs Improvement
POST_0557,2023-10-08 10:32:00,Instagram,Image,Product Launch,20309,13607,1276,168,112,85,249,2023-10-08,2023,10,Oct,40,Sunday,10,4,Morning (6-11),1641,12.06,67.0,1.23,Average
POST_0559,2023-06-05 07:22:00,Facebook,Image,Festive/Seasonal,24038,21249,2391,269,207,0,818,2023-06-05,2023,6,Jun,23,Monday,7,2,Morning (6-11),2867,13.49,88.4,3.4,Average
POST_0560,2023-05-27 04:01:00,Twitter,Image,Festive/Seasonal,994,890,50,7,2,0,12,2023-05-27,2023,5,May,21,Saturday,4,2,Night (22-5),59,6.63,89.54,1.21,Needs Improvement
POST_0561,2023-04-18 07:30:00,Facebook,Image,Tutorial,24162,16034,1692,283,96,0,264,2023-04-18,2023,4,Apr,16,Tuesday,7,2,Morning (6-11),2071,12.92,66.36,1.09,Average
POST_0562,2023-08-09 15:06:00,Instagram,Reel,Product Launch,27382,18129,6128,964,436,252,616,2023-08-09,2023,8,Aug,32,Wednesday,15,3,Afternoon (12-16),7780,42.91,66.21,2.25,High Performer
POST_0563,2023-10-24 15:18:00,Facebook,Carousel,Festive/Seasonal,19205,16249,2570,266,249,0,426,2023-10-24,2023,10,Oct,43,Tuesday,15,4,Afternoon (12-16),3085,18.99,84.61,2.22,Average
POST_0564,2023-11-07 02:26:00,Instagram,Text,Product Launch,7766,5475,295,36,12,6,154,2023-11-07,2023,11,Nov,45,Tuesday,2,4,Night (22-5),349,6.37,70.5,1.98,Needs Improvement
POST_0565,2023-12-02 20:58:00,Instagram,Reel,Tutorial,55728,45509,6758,726,280,209,731,2023-12-02,2023,12,Dec,48,Saturday,20,4,Evening (17-21),7973,17.52,81.66,1.31,Average
POST_0566,2023-06-14 12:05:00,Twitter,Image,Behind the Scenes,9222,6112,526,61,33,0,131,2023-06-14,2023,6,Jun,24,Wednesday,12,2,Afternoon (12-16),620,10.14,66.28,1.42,Average
POST_0567,2023-08-27 13:07:00,Twitter,Reel,Behind the Scenes,20887,13900,2032,253,141,0,505,2023-08-27,2023,8,Aug,34,Sunday,13,3,Afternoon (12-16),2426,17.45,66.55,2.42,Average
POST_0568,2023-08-15 15:53:00,Instagram,Story,User Generated Content,11012,9800,387,24,12,12,257,2023-08-15,2023,8,Aug,33,Tuesday,15,3,Afternoon (12-16),435,4.44,88.99,2.33,Needs Improvement
POST_0569,2023-08-15 14:46:00,Instagram,Carousel,Festive/Seasonal,47924,41240,4730,283,198,130,564,2023-08-15,2023,8,Aug,33,Tuesday,14,3,Afternoon (12-16),5341,12.95,86.05,1.18,Average
POST_0570,2023-12-12 18:09:00,Instagram,Image,Tutorial,13881,9875,813,145,63,62,140,2023-12-12,2023,12,Dec,50,Tuesday,18,4,Evening (17-21),1083,10.97,71.14,1.01,Average
POST_0571,2023-04-20 08:22:00,Instagram,Reel,Product Launch,47444,30888,9255,1234,543,456,693,2023-04-20,2023,4,Apr,16,Thursday,8,2,Morning (6-11),11488,37.19,65.1,1.46,High Performer
POST_0573,2023-08-31 09:21:00,Instagram,Carousel,User Generated Content,25300,17058,1667,256,129,88,413,2023-08-31,2023,8,Aug,35,Thursday,9,3,Morning (6-11),2140,12.55,67.42,1.63,Average
POST_0574,2023-03-28 14:29:00,Twitter,Carousel,Product Launch,12458,8324,935,89,79,0,331,2023-03-28,2023,3,Mar,13,Tuesday,14,1,Afternoon (12-16),1103,13.25,66.82,2.66,Average
POST_0575,2023-12-04 06:50:00,Instagram,Carousel,Product Launch,30505,21541,2789,287,274,86,731,2023-12-04,2023,12,Dec,49,Monday,6,4,Morning (6-11),3436,15.95,70.61,2.4,Average
POST_0576,2023-02-13 16:13:00,Facebook,Reel,User Generated Content,17527,14595,3437,430,303,0,498,2023-02-13,2023,2,Feb,7,Monday,16,1,Afternoon (12-16),4170,28.57,83.27,2.84,High Performer
POST_0577,2023-05-26 13:33:00,Facebook,Story,Product Launch,8572,6747,438,51,43,0,94,2023-05-26,2023,5,May,21,Friday,13,2,Afternoon (12-16),532,7.88,78.71,1.1,Needs Improvement
POST_0578,2023-09-21 09:30:00,Twitter,Reel,Behind the Scenes,37822,28328,4590,324,442,0,1030,2023-09-21,2023,9,Sep,38,Thursday,9,3,Morning (6-11),5356,18.91,74.9,2.72,Average
POST_0579,2023-12-06 22:22:00,Twitter,Image,Tutorial,5023,3872,341,32,24,0,105,2023-12-06,2023,12,Dec,49,Wednesday,22,4,Night (22-5),397,10.25,77.09,2.09,Average
POST_0580,2023-11-21 13:30:00,Instagram,Carousel,User Generated Content,15457,11869,1800,223,80,116,127,2023-11-21,2023,11,Nov,47,Tuesday,13,4,Afternoon (12-16),2219,18.7,76.79,0.82,Average
POST_0581,2023-11-14 19:06:00,Facebook,Image,Tutorial,26935,19266,2210,273,189,0,617,2023-11-14,2023,11,Nov,46,Tuesday,19,4,Evening (17-21),2672,13.87,71.53,2.29,Average
POST_0583,2023-02-17 00:46:00,Facebook,Story,Festive/Seasonal,1700,1315,74,10,2,0,36,2023-02-17,2023,2,Feb,7,Friday,0,1,Night (22-5),86,6.54,77.35,2.12,Needs Improvement
POST_0584,2023-05-01 20:44:00,Instagram,Reel,Behind the Scenes,126310,87608,21791,1348,1608,1155,1946,2023-05-01,2023,5,May,18,Monday,20,2,Evening (17-21),25902,29.57,69.36,1.54,High Performer
POST_0585,2023-12-11 01:28:00,Twitter,Image,Product Launch,3578,2345,306,38,28,0,65,2023-12-11,2023,12,Dec,50,Monday,1,4,Night (22-5),372,15.86,65.54,1.82,Average
POST_0586,2023-06-08 09:20:00,Instagram,Reel,Behind the Scenes,111796,84676,27093,4570,1897,835,1529,2023-06-08,2023,6,Jun,23,Thursday,9,2,Morning (6-11),34395,40.62,75.74,1.37,High Performer
POST_0587,2023-04-26 09:04:00,Instagram,Image,Behind the Scenes,20293,16006,1671,176,122,41,202,2023-04-26,2023,4,Apr,17,Wednesday,9,2,Morning (6-11),2010,12.56,78.87,1.0,Average
POST_0588,2023-04-12 19:19:00,Instagram,Reel,Tutorial,41558,32395,5921,514,343,406,337,2023-04-12,2023,4,Apr,15,Wednesday,19,2,Evening (17-21),7184,22.18,77.95,0.81,Average
POST_0589,2023-03-17 09:02:00,Facebook,Image,Behind the Scenes,34707,30652,1530,107,140,0,728,2023-03-17,2023,3,Mar,11,Friday,9,1,Morning (6-11),1777,5.8,88.32,2.1,Needs Improvement
POST_0590,2023-01-13 02:51:00,Facebook,Image,Festive/Seasonal,11751,9585,1084,185,108,0,302,2023-01-13,2023,1,Jan,2,Friday,2,1,Night (22-5),1377,14.37,81.57,2.57,Average
POST_0591,2023-01-24 07:45:00,Instagram,Carousel,Product Launch,23528,16652,3350,279,152,94,595,2023-01-24,2023,1,Jan,4,Tuesday,7,1,Morning (6-11),3875,23.27,70.78,2.53,Average
POST_0592,2023-05-06 16:07:00,Instagram,Carousel,User Generated Content,18401,15065,1603,238,133,62,336,2023-05-06,2023,5,May,18,Saturday,16,2,Afternoon (12-16),2036,13.51,81.87,1.83,Average
POST_0593,2023-09-01 03:01:00,Facebook,Image,Product Launch,7493,6335,769,107,75,0,138,2023-09-01,2023,9,Sep,35,Friday,3,3,Night (22-5),951,15.01,84.55,1.84,Average
POST_0594,2023-11-09 14:54:00,Facebook,Video,Tutorial,20382,16670,4590,572,204,0,418,2023-11-09,2023,11,Nov,45,Thursday,14,4,Afternoon (12-16),5366,32.19,81.79,2.05,High Performer
POST_0595,2023-02-07 19:21:00,Facebook,Story,Behind the Scenes,15314,12807,675,69,32,0,204,2023-02-07,2023,2,Feb,6,Tuesday,19,1,Evening (17-21),776,6.06,83.63,1.33,Needs Improvement
POST_0596,2023-08-22 04:41:00,Twitter,Reel,User Generated Content,10875,9540,2125,313,197,0,337,2023-08-22,2023,8,Aug,34,Tuesday,4,3,Night (22-5),2635,27.62,87.72,3.1,High Performer
POST_0597,2023-08-01 09:06:00,Twitter,Image,Behind the Scenes,3581,2762,161,13,8,0,94,2023-08-01,2023,8,Aug,31,Tuesday,9,3,Morning (6-11),182,6.59,77.13,2.62,Needs Improvement
POST_0598,2023-11-19 08:43:00,Twitter,Story,Tutorial,9030,6552,640,103,53,0,94,2023-11-19,2023,11,Nov,46,Sunday,8,4,Morning (6-11),796,12.15,72.56,1.04,Average
POST_0599,2023-10-22 15:51:00,Facebook,Image,Tutorial,11464,8402,807,108,53,0,114,2023-10-22,2023,10,Oct,42,Sunday,15,4,Afternoon (12-16),968,11.52,73.29,0.99,Average
POST_0600,2023-04-10 20:10:00,Instagram,Reel,Behind the Scenes,64224,54628,19039,1291,1840,756,1631,2023-04-10,2023,4,Apr,15,Monday,20,2,Evening (17-21),22926,41.97,85.06,2.54,High Performer
POST_0601,2023-12-23 17:59:00,Instagram,Story,Tutorial,17457,12712,1243,83,98,80,385,2023-12-23,2023,12,Dec,51,Saturday,17,4,Evening (17-21),1504,11.83,72.82,2.21,Average
POST_0602,2023-07-16 23:47:00,Twitter,Carousel,Behind the Scenes,5569,4835,465,26,37,0,117,2023-07-16,2023,7,Jul,28,Sunday,23,3,Night (22-5),528,10.92,86.82,2.1,Average
POST_0603,2023-09-11 12:15:00,Instagram,Image,Tutorial,12694,10905,1098,81,88,55,306,2023-09-11,2023,9,Sep,37,Monday,12,3,Afternoon (12-16),1322,12.12,85.91,2.41,Average
POST_0604,2023-07-24 06:33:00,Twitter,Image,Product Launch,5448,4669,595,84,22,0,164,2023-07-24,2023,7,Jul,30,Monday,6,3,Morning (6-11),701,15.01,85.7,3.01,Average
POST_0605,2023-05-05 04:11:00,Instagram,Carousel,User Generated Content,20622,17937,3165,204,185,231,204,2023-05-05,2023,5,May,18,Friday,4,2,Night (22-5),3785,21.1,86.98,0.99,Average
POST_0606,2023-03-17 18:35:00,Facebook,Image,Behind the Scenes,16601,13609,1478,125,70,0,520,2023-03-17,2023,3,Mar,11,Friday,18,1,Evening (17-21),1673,12.29,81.98,3.13,Average
POST_0607,2023-12-02 22:10:00,Instagram,Image,Product Launch,13831,9471,464,56,45,19,196,2023-12-02,2023,12,Dec,48,Saturday,22,4,Night (22-5),584,6.17,68.48,1.42,Needs Improvement
POST_0608,2023-12-19 01:21:00,Instagram,Image,Tutorial,9185,7165,647,106,42,32,101,2023-12-19,2023,12,Dec,51,Tuesday,1,4,Night (22-5),827,11.54,78.01,1.1,Average
POST_0609,2023-01-03 06:35:00,Instagram,Video,Tutorial,35880,27045,5586,849,244,386,796,2023-01-03,2023,1,Jan,1,Tuesday,6,1,Morning (6-11),7065,26.12,75.38,2.22,High Performer
POST_0610,2023-02-24 19:27:00,Facebook,Carousel,Promotion/Sale,24232,18525,2018,298,132,0,363,2023-02-24,2023,2,Feb,8,Friday,19,1,Evening (17-21),2448,13.21,76.45,1.5,Average
POST_0611,2023-08-06 21:29:00,Facebook,Video,Behind the Scenes,44365,29444,4644,484,210,0,294,2023-08-06,2023,8,Aug,31,Sunday,21,3,Evening (17-21),5338,18.13,66.37,0.66,Average
POST_0612,2023-04-23 08:14:00,Facebook,Reel,Behind the Scenes,78566,67642,21511,1544,826,0,813,2023-04-23,2023,4,Apr,16,Sunday,8,2,Morning (6-11),23881,35.3,86.1,1.03,High Performer
POST_0613,2023-04-01 08:51:00,Instagram,Image,Product Launch,29502,20055,1949,185,109,111,632,2023-04-01,2023,4,Apr,13,Saturday,8,2,Morning (6-11),2354,11.74,67.98,2.14,Average
POST_0614,2023-12-23 09:25:00,Instagram,Image,Promotion/Sale,16651,10971,1573,126,53,49,122,2023-12-23,2023,12,Dec,51,Saturday,9,4,Morning (6-11),1801,16.42,65.89,0.73,Average
POST_0615,2023-09-23 20:40:00,Instagram,Story,Festive/Seasonal,22959,17472,1478,171,133,106,179,2023-09-23,2023,9,Sep,38,Saturday,20,3,Evening (17-21),1888,10.81,76.1,0.78,Average
POST_0616,2023-08-26 12:11:00,Facebook,Image,Festive/Seasonal,18357,14046,2007,226,198,0,458,2023-08-26,2023,8,Aug,34,Saturday,12,3,Afternoon (12-16),2431,17.31,76.52,2.49,Average
POST_0617,2023-01-26 01:11:00,Facebook,Image,User Generated Content,14725,12728,729,103,39,0,129,2023-01-26,2023,1,Jan,4,Thursday,1,1,Night (22-5),871,6.84,86.44,0.88,Needs Improvement
POST_0618,2023-10-13 15:40:00,Instagram,Story,User Generated Content,5920,4195,398,37,34,7,80,2023-10-13,2023,10,Oct,41,Friday,15,4,Afternoon (12-16),476,11.35,70.86,1.35,Average
POST_0619,2023-05-08 08:42:00,Twitter,Image,Behind the Scenes,4389,3058,309,27,18,0,65,2023-05-08,2023,5,May,19,Monday,8,2,Morning (6-11),354,11.58,69.67,1.48,Average
POST_0620,2023-03-04 20:27:00,Instagram,Story,Tutorial,27910,24458,1748,162,65,134,288,2023-03-04,2023,3,Mar,9,Saturday,20,1,Evening (17-21),2109,8.62,87.63,1.03,Needs Improvement
POST_0621,2023-08-22 01:25:00,Twitter,Video,User Generated Content,6821,4713,1354,89,100,0,64,2023-08-22,2023,8,Aug,34,Tuesday,1,3,Night (22-5),1543,32.74,69.1,0.94,High Performer
POST_0622,2023-03-10 16:01:00,Instagram,Carousel,Festive/Seasonal,7581,6651,660,103,44,16,257,2023-03-10,2023,3,Mar,10,Friday,16,1,Afternoon (12-16),823,12.37,87.73,3.39,Average
POST_0623,2023-08-26 07:47:00,Twitter,Image,Behind the Scenes,7270,6277,309,36,25,0,238,2023-08-26,2023,8,Aug,34,Saturday,7,3,Morning (6-11),370,5.89,86.34,3.27,Needs Improvement
POST_0624,2023-12-08 19:39:00,Twitter,Carousel,Tutorial,22162,18946,3787,287,188,0,353,2023-12-08,2023,12,Dec,49,Friday,19,4,Evening (17-21),4262,22.5,85.49,1.59,Average
POST_0625,2023-09-29 10:56:00,Twitter,Image,Tutorial,3595,2480,283,20,14,0,62,2023-09-29,2023,9,Sep,39,Friday,10,3,Morning (6-11),317,12.78,68.98,1.72,Average
POST_0626,2023-10-14 09:12:00,Instagram,Reel,Product Launch,74335,62059,18199,1278,1242,459,1323,2023-10-14,2023,10,Oct,41,Saturday,9,4,Morning (6-11),21178,34.13,83.49,1.78,High Performer
POST_0627,2023-11-01 11:28:00,Twitter,Text,Tutorial,1548,1376,96,9,3,0,21,2023-11-01,2023,11,Nov,44,Wednesday,11,4,Morning (6-11),108,7.85,88.89,1.36,Needs Improvement
POST_0628,2023-06-12 22:37:00,Instagram,Story,Festive/Seasonal,8475,7516,346,51,13,27,161,2023-06-12,2023,6,Jun,24,Monday,22,2,Night (22-5),437,5.81,88.68,1.9,Needs Improvement
POST_0629,2023-08-15 08:27:00,Instagram,Reel,Behind the Scenes,80530,56210,9296,1598,876,680,1616,2023-08-15,2023,8,Aug,33,Tuesday,8,3,Morning (6-11),12450,22.15,69.8,2.01,Average
POST_0630,2023-11-10 06:24:00,Instagram,Carousel,Tutorial,33556,22390,2691,244,200,111,323,2023-11-10,2023,11,Nov,45,Friday,6,4,Morning (6-11),3246,14.5,66.72,0.96,Average
POST_0631,2023-09-16 17:00:00,Twitter,Story,Behind the Scenes,3795,2592,130,10,6,0,75,2023-09-16,2023,9,Sep,37,Saturday,17,3,Evening (17-21),146,5.63,68.3,1.98,Needs Improvement
POST_0632,2023-08-07 09:45:00,Instagram,Reel,Festive/Seasonal,97275,80156,17698,2780,783,852,2727,2023-08-07,2023,8,Aug,32,Monday,9,3,Morning (6-11),22113,27.59,82.4,2.8,High Performer
POST_0633,2023-10-08 19:13:00,Instagram,Image,Festive/Seasonal,34491,22637,2586,235,87,146,389,2023-10-08,2023,10,Oct,40,Sunday,19,4,Evening (17-21),3054,13.49,65.63,1.13,Average
POST_0634,2023-08-17 07:13:00,Instagram,Image,Festive/Seasonal,30319,20318,1262,111,45,94,206,2023-08-17,2023,8,Aug,33,Thursday,7,3,Morning (6-11),1512,7.44,67.01,0.68,Needs Improvement
POST_0635,2023-03-23 02:17:00,Instagram,Image,Festive/Seasonal,8016,7066,448,78,19,28,186,2023-03-23,2023,3,Mar,12,Thursday,2,1,Night (22-5),573,8.11,88.15,2.32,Needs Improvement
POST_0636,2023-09-01 10:48:00,Facebook,Reel,Tutorial,34058,26854,7112,536,296,0,1006,2023-09-01,2023,9,Sep,35,Friday,10,3,Morning (6-11),7944,29.58,78.85,2.95,High Performer
POST_0637,2023-08-19 10:45:00,Facebook,Carousel,Product Launch,13546,9952,2080,303,149,0,362,2023-08-19,2023,8,Aug,33,Saturday,10,3,Morning (6-11),2532,25.44,73.47,2.67,High Performer
POST_0638,2023-05-13 23:51:00,Instagram,Reel,Festive/Seasonal,11423,8159,2015,160,165,151,185,2023-05-13,2023,5,May,19,Saturday,23,2,Night (22-5),2491,30.53,71.43,1.62,High Performer
POST_0639,2023-05-07 06:50:00,Facebook,Video,Promotion/Sale,20361,15724,2999,504,209,0,516,2023-05-07,2023,5,May,18,Sunday,6,2,Morning (6-11),3712,23.61,77.23,2.53,Average
POST_0640,2023-11-23 08:04:00,Facebook,Reel,User Generated Content,72372,53226,12722,2039,705,0,1799,2023-11-23,2023,11,Nov,47,Thursday,8,4,Morning (6-11),15466,29.06,73.55,2.49,High Performer
POST_0641,2023-05-22 03:36:00,Instagram,Reel,Tutorial,46962,39977,13765,1395,462,607,1207,2023-05-22,2023,5,May,21,Monday,3,2,Night (22-5),16229,40.6,85.13,2.57,High Performer
POST_0642,2023-09-24 08:06:00,Instagram,Reel,Tutorial,84502,70748,15521,2056,668,1008,1865,2023-09-24,2023,9,Sep,38,Sunday,8,3,Morning (6-11),19253,27.21,83.72,2.21,High Performer
POST_0643,2023-09-06 08:51:00,Instagram,Reel,Promotion/Sale,90994,70124,12854,2259,1029,995,1599,2023-09-06,2023,9,Sep,36,Wednesday,8,3,Morning (6-11),17137,24.44,77.06,1.76,High Performer
POST_0644,2023-11-17 11:55:00,Instagram,Reel,Promotion/Sale,27855,24358,6391,907,304,299,333,2023-11-17,2023,11,Nov,46,Friday,11,4,Morning (6-11),7901,32.44,87.45,1.2,High Performer
POST_0645,2023-05-03 18:34:00,Instagram,Carousel,Product Launch,32123,25302,2379,344,171,151,837,2023-05-03,2023,5,May,18,Wednesday,18,2,Evening (17-21),3045,12.03,78.77,2.61,Average
POST_0646,2023-05-21 05:11:00,Instagram,Image,Tutorial,15843,12569,1015,136,35,74,170,2023-05-21,2023,5,May,20,Sunday,5,2,Night (22-5),1260,10.02,79.33,1.07,Average
POST_0647,2023-08-14 11:23:00,Facebook,Image,Product Launch,11835,8857,827,133,44,0,319,2023-08-14,2023,8,Aug,33,Monday,11,3,Morning (6-11),1004,11.34,74.84,2.7,Average
POST_0648,2023-02-09 11:20:00,Facebook,Carousel,Promotion/Sale,5955,5027,975,71,58,0,75,2023-02-09,2023,2,Feb,6,Thursday,11,1,Morning (6-11),1104,21.96,84.42,1.26,Average
POST_0649,2023-05-27 18:12:00,Twitter,Carousel,Promotion/Sale,8756,6121,627,34,32,0,163,2023-05-27,2023,5,May,21,Saturday,18,2,Evening (17-21),693,11.32,69.91,1.86,Average
POST_0650,2023-05-01 21:29:00,Twitter,Reel,Tutorial,56305,45986,11011,1914,884,0,1743,2023-05-01,2023,5,May,18,Monday,21,2,Evening (17-21),13809,30.03,81.67,3.1,High Performer
POST_0651,2023-05-20 14:07:00,Facebook,Reel,Behind the Scenes,12370,10285,1635,146,109,0,277,2023-05-20,2023,5,May,20,Saturday,14,2,Afternoon (12-16),1890,18.38,83.14,2.24,Average
POST_0652,2023-06-21 10:16:00,Facebook,Story,Tutorial,7700,5325,337,43,32,0,169,2023-06-21,2023,6,Jun,25,Wednesday,10,2,Morning (6-11),412,7.74,69.16,2.19,Needs Improvement
POST_0653,2023-06-13 15:42:00,Instagram,Reel,Behind the Scenes,39765,27756,8289,1086,598,409,717,2023-06-13,2023,6,Jun,24,Tuesday,15,2,Afternoon (12-16),10382,37.4,69.8,1.8,High Performer
POST_0654,2023-10-04 19:55:00,Instagram,Video,Festive/Seasonal,57944,45186,7060,1091,303,177,1043,2023-10-04,2023,10,Oct,40,Wednesday,19,4,Evening (17-21),8631,19.1,77.98,1.8,Average
POST_0655,2023-02-11 01:31:00,Facebook,Carousel,Product Launch,8212,6483,790,135,74,0,162,2023-02-11,2023,2,Feb,6,Saturday,1,1,Night (22-5),999,15.41,78.95,1.97,Average
POST_0656,2023-03-12 16:33:00,Instagram,Video,Promotion/Sale,33960,28332,3406,380,182,256,293,2023-03-12,2023,3,Mar,10,Sunday,16,1,Afternoon (12-16),4224,14.91,83.43,0.86,Average
POST_0657,2023-03-19 09:40:00,Twitter,Story,Product Launch,10568,7094,752,88,54,0,121,2023-03-19,2023,3,Mar,11,Sunday,9,1,Morning (6-11),894,12.6,67.13,1.14,Average
POST_0658,2023-04-29 12:20:00,Instagram,Image,Tutorial,23834,18049,996,63,88,34,286,2023-04-29,2023,4,Apr,17,Saturday,12,2,Afternoon (12-16),1181,6.54,75.73,1.2,Needs Improvement
POST_0659,2023-07-16 19:38:00,Instagram,Carousel,User Generated Content,28295,22471,2003,109,67,140,304,2023-07-16,2023,7,Jul,28,Sunday,19,3,Evening (17-21),2319,10.32,79.42,1.07,Average
POST_0660,2023-12-22 05:24:00,Facebook,Image,User Generated Content,4028,3059,394,33,23,0,34,2023-12-22,2023,12,Dec,51,Friday,5,4,Night (22-5),450,14.71,75.94,0.84,Average
POST_0661,2023-03-20 01:39:00,Instagram,Story,Festive/Seasonal,15439,11318,664,42,36,17,373,2023-03-20,2023,3,Mar,12,Monday,1,1,Night (22-5),759,6.71,73.31,2.42,Needs Improvement
POST_0662,2023-12-28 20:25:00,Instagram,Video,Tutorial,78707,70247,21479,2751,1698,797,2031,2023-12-28,2023,12,Dec,52,Thursday,20,4,Evening (17-21),26725,38.04,89.25,2.58,High Performer
POST_0663,2023-04-20 16:37:00,Instagram,Story,Product Launch,10000,7204,424,72,14,20,269,2023-04-20,2023,4,Apr,16,Thursday,16,2,Afternoon (12-16),530,7.36,72.04,2.69,Needs Improvement
POST_0664,2023-02-02 10:07:00,Twitter,Story,Promotion/Sale,1734,1363,73,6,6,0,36,2023-02-02,2023,2,Feb,5,Thursday,10,1,Morning (6-11),85,6.24,78.6,2.08,Needs Improvement
POST_0665,2023-08-01 04:22:00,Instagram,Reel,Behind the Scenes,12008,10698,2401,308,85,146,406,2023-08-01,2023,8,Aug,31,Tuesday,4,3,Night (22-5),2940,27.48,89.09,3.38,High Performer
POST_0666,2023-07-28 07:22:00,Facebook,Carousel,Festive/Seasonal,33214,22636,3525,527,206,0,823,2023-07-28,2023,7,Jul,30,Friday,7,3,Morning (6-11),4258,18.81,68.15,2.48,Average
POST_0667,2023-06-19 15:54:00,Facebook,Image,User Generated Content,11646,7952,618,47,57,0,260,2023-06-19,2023,6,Jun,25,Monday,15,2,Afternoon (12-16),722,9.08,68.28,2.23,Needs Improvement
POST_0668,2023-10-05 09:29:00,Instagram,Story,Promotion/Sale,29015,21042,1036,153,65,34,599,2023-10-05,2023,10,Oct,40,Thursday,9,4,Morning (6-11),1288,6.12,72.52,2.06,Needs Improvement
POST_0669,2023-08-27 22:39:00,Facebook,Story,Product Launch,6247,4291,458,35,17,0,69,2023-08-27,2023,8,Aug,34,Sunday,22,3,Night (22-5),510,11.89,68.69,1.1,Average
POST_0670,2023-08-01 01:11:00,Instagram,Reel,User Generated Content,44375,33564,9154,482,296,427,1157,2023-08-01,2023,8,Aug,31,Tuesday,1,3,Night (22-5),10359,30.86,75.64,2.61,High Performer
POST_0671,2023-02-01 05:52:00,Twitter,Reel,Tutorial,12781,10958,1777,304,146,0,419,2023-02-01,2023,2,Feb,5,Wednesday,5,1,Night (22-5),2227,20.32,85.74,3.28,Average
POST_0672,2023-04-16 11:43:00,Instagram,Image,Promotion/Sale,16289,12067,1666,142,88,103,397,2023-04-16,2023,4,Apr,15,Sunday,11,2,Morning (6-11),1999,16.57,74.08,2.44,Average
POST_0673,2023-08-04 09:45:00,Facebook,Reel,User Generated Content,28946,21617,4331,387,427,0,633,2023-08-04,2023,8,Aug,31,Friday,9,3,Morning (6-11),5145,23.8,74.68,2.19,Average
POST_0674,2023-07-19 11:51:00,Instagram,Reel,Behind the Scenes,51714,46240,10383,1601,627,749,713,2023-07-19,2023,7,Jul,29,Wednesday,11,3,Morning (6-11),13360,28.89,89.41,1.38,High Performer
POST_0675,2023-10-27 02:19:00,Twitter,Image,Promotion/Sale,5067,4064,368,53,16,0,47,2023-10-27,2023,10,Oct,43,Friday,2,4,Night (22-5),437,10.75,80.21,0.93,Average
POST_0676,2023-12-23 04:58:00,Twitter,Reel,Promotion/Sale,8086,6214,1062,102,61,0,72,2023-12-23,2023,12,Dec,51,Saturday,4,4,Night (22-5),1225,19.71,76.85,0.89,Average
POST_0677,2023-01-11 09:39:00,Instagram,Carousel,User Generated Content,31461,25151,4218,440,333,188,632,2023-01-11,2023,1,Jan,2,Wednesday,9,1,Morning (6-11),5179,20.59,79.94,2.01,Average
POST_0678,2023-10-22 08:37:00,Instagram,Carousel,User Generated Content,19314,15894,2658,146,148,209,359,2023-10-22,2023,10,Oct,42,Sunday,8,4,Morning (6-11),3161,19.89,82.29,1.86,Average
POST_0679,2023-07-14 08:05:00,Twitter,Video,Behind the Scenes,37433,29778,8656,1405,536,0,722,2023-07-14,2023,7,Jul,28,Friday,8,3,Morning (6-11),10597,35.59,79.55,1.93,High Performer
POST_0680,2023-09-02 22:43:00,Instagram,Carousel,Promotion/Sale,17145,15287,2635,160,238,128,184,2023-09-02,2023,9,Sep,35,Saturday,22,3,Night (22-5),3161,20.68,89.16,1.07,Average
POST_0681,2023-01-04 00:08:00,Instagram,Carousel,User Generated Content,16158,11326,2163,264,73,169,287,2023-01-04,2023,1,Jan,1,Wednesday,0,1,Night (22-5),2669,23.57,70.1,1.78,Average
POST_0682,2023-06-30 06:20:00,Facebook,Story,Tutorial,6262,4805,469,42,20,0,66,2023-06-30,2023,6,Jun,26,Friday,6,2,Morning (6-11),531,11.05,76.73,1.05,Average
POST_0683,2023-06-02 12:07:00,Instagram,Story,Festive/Seasonal,19672,13905,666,62,63,27,551,2023-06-02,2023,6,Jun,22,Friday,12,2,Afternoon (12-16),818,5.88,70.68,2.8,Needs Improvement
POST_0684,2023-07-19 21:15:00,Facebook,Carousel,User Generated Content,25474,17699,3545,389,282,0,699,2023-07-19,2023,7,Jul,29,Wednesday,21,3,Evening (17-21),4216,23.82,69.48,2.74,Average
POST_0685,2023-08-03 03:19:00,Facebook,Carousel,Festive/Seasonal,6620,4368,328,49,12,0,104,2023-08-03,2023,8,Aug,31,Thursday,3,3,Night (22-5),389,8.91,65.98,1.57,Needs Improvement
POST_0686,2023-10-03 19:07:00,Instagram,Story,Tutorial,30584,23154,878,133,26,57,852,2023-10-03,2023,10,Oct,40,Tuesday,19,4,Evening (17-21),1094,4.72,75.71,2.79,Needs Improvement
POST_0687,2023-10-07 17:11:00,Facebook,Image,Product Launch,10778,8054,1072,178,57,0,229,2023-10-07,2023,10,Oct,40,Saturday,17,4,Evening (17-21),1307,16.23,74.73,2.12,Average
POST_0688,2023-11-05 07:23:00,Facebook,Reel,Tutorial,41847,37265,9625,1047,476,0,1444,2023-11-05,2023,11,Nov,44,Sunday,7,4,Morning (6-11),11148,29.92,89.05,3.45,High Performer
POST_0689,2023-04-23 14:44:00,Facebook,Story,Tutorial,8789,6325,412,74,13,0,173,2023-04-23,2023,4,Apr,16,Sunday,14,2,Afternoon (12-16),499,7.89,71.96,1.97,Needs Improvement
POST_0690,2023-09-07 17:09:00,Facebook,Image,Product Launch,3442,2370,213,24,10,0,46,2023-09-07,2023,9,Sep,36,Thursday,17,3,Evening (17-21),247,10.42,68.86,1.34,Average
POST_0691,2023-04-23 23:32:00,Instagram,Image,Tutorial,19579,17350,1390,172,130,28,595,2023-04-23,2023,4,Apr,16,Sunday,23,2,Night (22-5),1720,9.91,88.62,3.04,Average
POST_0692,2023-05-20 06:24:00,Instagram,Carousel,User Generated Content,27237,18325,1745,305,118,36,324,2023-05-20,2023,5,May,20,Saturday,6,2,Morning (6-11),2204,12.03,67.28,1.19,Average
POST_0693,2023-08-12 04:26:00,Twitter,Image,Promotion/Sale,8292,7453,563,67,37,0,165,2023-08-12,2023,8,Aug,32,Saturday,4,3,Night (22-5),667,8.95,89.88,1.99,Needs Improvement
POST_0694,2023-09-06 02:38:00,Instagram,Carousel,User Generated Content,10813,9670,1884,216,136,63,254,2023-09-06,2023,9,Sep,36,Wednesday,2,3,Night (22-5),2299,23.77,89.43,2.35,Average
POST_0695,2023-01-15 05:08:00,Instagram,Video,Promotion/Sale,50505,40547,7910,1189,331,340,827,2023-01-15,2023,1,Jan,2,Sunday,5,1,Night (22-5),9770,24.1,80.28,1.64,High Performer
POST_0696,2023-07-19 18:36:00,Instagram,Video,Product Launch,39295,33221,7323,1122,515,296,1139,2023-07-19,2023,7,Jul,29,Wednesday,18,3,Evening (17-21),9256,27.86,84.54,2.9,High Performer
POST_0697,2023-06-22 23:24:00,Instagram,Carousel,Tutorial,16921,12102,887,119,58,41,472,2023-06-22,2023,6,Jun,25,Thursday,23,2,Night (22-5),1105,9.13,71.52,2.79,Needs Improvement
POST_0698,2023-12-09 20:27:00,Instagram,Text,User Generated Content,14044,12160,373,46,33,20,383,2023-12-09,2023,12,Dec,49,Saturday,20,4,Evening (17-21),472,3.88,86.59,2.73,Needs Improvement
POST_0699,2023-12-14 22:11:00,Facebook,Story,User Generated Content,5329,3989,392,32,38,0,154,2023-12-14,2023,12,Dec,50,Thursday,22,4,Night (22-5),462,11.58,74.85,2.89,Average
POST_0700,2023-07-27 23:31:00,Instagram,Image,Promotion/Sale,8784,6473,867,152,52,34,166,2023-07-27,2023,7,Jul,30,Thursday,23,3,Night (22-5),1105,17.07,73.69,1.89,Average
POST_0701,2023-03-26 16:40:00,Facebook,Carousel,Promotion/Sale,13175,8733,690,69,37,0,170,2023-03-26,2023,3,Mar,12,Sunday,16,1,Afternoon (12-16),796,9.11,66.28,1.29,Needs Improvement
POST_0702,2023-08-28 18:34:00,Instagram,Story,Festive/Seasonal,11640,8499,423,38,41,18,198,2023-08-28,2023,8,Aug,35,Monday,18,3,Evening (17-21),520,6.12,73.02,1.7,Needs Improvement
POST_0703,2023-03-07 13:44:00,Instagram,Image,Promotion/Sale,16553,13578,1585,204,57,96,161,2023-03-07,2023,3,Mar,10,Tuesday,13,1,Afternoon (12-16),1942,14.3,82.03,0.97,Average
POST_0704,2023-11-15 08:58:00,Instagram,Reel,Promotion/Sale,90768,75781,13792,2198,443,974,1804,2023-11-15,2023,11,Nov,46,Wednesday,8,4,Morning (6-11),17407,22.97,83.49,1.99,Average
POST_0705,2023-10-01 08:41:00,Facebook,Image,Promotion/Sale,28372,18957,1272,121,93,0,499,2023-10-01,2023,10,Oct,39,Sunday,8,4,Morning (6-11),1486,7.84,66.82,1.76,Needs Improvement
POST_0706,2023-01-14 05:59:00,Facebook,Image,Behind the Scenes,4526,3269,231,17,13,0,101,2023-01-14,2023,1,Jan,2,Saturday,5,1,Night (22-5),261,7.98,72.23,2.23,Needs Improvement
POST_0707,2023-07-21 18:11:00,Facebook,Carousel,Festive/Seasonal,10152,9077,1901,292,89,0,109,2023-07-21,2023,7,Jul,29,Friday,18,3,Evening (17-21),2282,25.14,89.41,1.07,High Performer
POST_0708,2023-10-31 17:35:00,Instagram,Story,User Generated Content,5821,4171,302,45,27,21,86,2023-10-31,2023,10,Oct,44,Tuesday,17,4,Evening (17-21),395,9.47,71.65,1.48,Average
POST_0709,2023-10-16 05:10:00,Twitter,Image,Tutorial,1731,1428,69,7,3,0,43,2023-10-16,2023,10,Oct,42,Monday,5,4,Night (22-5),79,5.53,82.5,2.48,Needs Improvement
POST_0710,2023-12-06 09:31:00,Facebook,Image,Product Launch,32601,23669,2980,262,182,0,752,2023-12-06,2023,12,Dec,49,Wednesday,9,4,Morning (6-11),3424,14.47,72.6,2.31,Average
POST_0712,2023-02-12 23:08:00,Instagram,Reel,Tutorial,26306,19293,5330,882,372,308,493,2023-02-12,2023,2,Feb,6,Sunday,23,1,Night (22-5),6892,35.72,73.34,1.87,High Performer
POST_0713,2023-11-26 19:11:00,Facebook,Reel,User Generated Content,20164,15647,3295,275,205,0,219,2023-11-26,2023,11,Nov,47,Sunday,19,4,Evening (17-21),3775,24.13,77.6,1.09,High Performer
POST_0714,2023-08-08 07:20:00,Instagram,Image,Promotion/Sale,45003,39014,4522,288,381,309,1288,2023-08-08,2023,8,Aug,32,Tuesday,7,3,Morning (6-11),5500,14.1,86.69,2.86,Average
POST_0715,2023-03-11 12:53:00,Facebook,Reel,Tutorial,59969,47635,13979,1531,936,0,525,2023-03-11,2023,3,Mar,10,Saturday,12,1,Afternoon (12-16),16446,34.53,79.43,0.88,High Performer
POST_0716,2023-08-25 09:28:00,Facebook,Reel,User Generated Content,52380,35113,8404,739,572,0,491,2023-08-25,2023,8,Aug,34,Friday,9,3,Morning (6-11),9715,27.67,67.04,0.94,High Performer
POST_0717,2023-04-04 14:39:00,Twitter,Video,Promotion/Sale,13505,9130,1320,216,88,0,219,2023-04-04,2023,4,Apr,14,Tuesday,14,2,Afternoon (12-16),1624,17.79,67.6,1.62,Average
POST_0718,2023-01-26 11:03:00,Twitter,Reel,Festive/Seasonal,7513,6103,2137,336,157,0,74,2023-01-26,2023,1,Jan,4,Thursday,11,1,Morning (6-11),2630,43.09,81.23,0.98,High Performer
POST_0719,2023-05-14 23:55:00,Instagram,Text,Tutorial,4137,3087,213,27,18,13,41,2023-05-14,2023,5,May,19,Sunday,23,2,Night (22-5),271,8.78,74.62,0.99,Needs Improvement
POST_0720,2023-07-14 04:22:00,Instagram,Reel,Tutorial,41607,29906,8720,822,870,312,549,2023-07-14,2023,7,Jul,28,Friday,4,3,Night (22-5),10724,35.86,71.88,1.32,High Performer
POST_0721,2023-06-17 21:00:00,Instagram,Image,Promotion/Sale,51615,46123,6533,382,571,384,1356,2023-06-17,2023,6,Jun,24,Saturday,21,2,Evening (17-21),7870,17.06,89.36,2.63,Average
POST_0722,2023-04-19 02:31:00,Facebook,Story,Promotion/Sale,4355,3538,377,63,22,0,39,2023-04-19,2023,4,Apr,16,Wednesday,2,2,Night (22-5),462,13.06,81.24,0.9,Average
POST_0723,2023-08-21 09:08:00,Twitter,Video,Festive/Seasonal,38063,29111,3619,381,227,0,1102,2023-08-21,2023,8,Aug,34,Monday,9,3,Morning (6-11),4227,14.52,76.48,2.9,Average
POST_0724,2023-06-17 18:12:00,Facebook,Story,Festive/Seasonal,7028,5115,377,22,36,0,106,2023-06-17,2023,6,Jun,24,Saturday,18,2,Evening (17-21),435,8.5,72.78,1.51,Needs Improvement
POST_0725,2023-06-22 12:52:00,Instagram,Video,Behind the Scenes,36240,29555,8045,682,419,221,876,2023-06-22,2023,6,Jun,25,Thursday,12,2,Afternoon (12-16),9367,31.69,81.55,2.42,High Performer
POST_0726,2023-07-14 10:24:00,Instagram,Image,Festive/Seasonal,5526,4417,580,96,35,27,54,2023-07-14,2023,7,Jul,28,Friday,10,3,Morning (6-11),738,16.71,79.93,0.98,Average
POST_0727,2023-05-23 10:35:00,Instagram,Carousel,Product Launch,16505,12466,2403,394,112,127,196,2023-05-23,2023,5,May,21,Tuesday,10,2,Morning (6-11),3036,24.35,75.53,1.19,High Performer
POST_0728,2023-08-04 14:32:00,Instagram,Carousel,Tutorial,19647,17245,3279,487,109,231,399,2023-08-04,2023,8,Aug,31,Friday,14,3,Afternoon (12-16),4106,23.81,87.77,2.03,Average
POST_0729,2023-05-10 04:41:00,Instagram,Reel,Behind the Scenes,20125,16888,4679,347,202,145,197,2023-05-10,2023,5,May,19,Wednesday,4,2,Night (22-5),5373,31.82,83.92,0.98,High Performer
POST_0730,2023-02-11 08:31:00,Facebook,Image,Festive/Seasonal,13264,11408,566,31,39,0,394,2023-02-11,2023,2,Feb,6,Saturday,8,1,Morning (6-11),636,5.58,86.01,2.97,Needs Improvement
POST_0731,2023-08-29 02:26:00,Instagram,Reel,Product Launch,30250,21736,2930,426,216,160,700,2023-08-29,2023,8,Aug,35,Tuesday,2,3,Night (22-5),3732,17.17,71.85,2.31,Average
POST_0732,2023-01-10 11:43:00,Twitter,Image,Product Launch,4193,2941,240,15,9,0,89,2023-01-10,2023,1,Jan,2,Tuesday,11,1,Morning (6-11),264,8.98,70.14,2.12,Needs Improvement
POST_0733,2023-10-04 12:31:00,Facebook,Video,Product Launch,14323,12220,2952,384,250,0,380,2023-10-04,2023,10,Oct,40,Wednesday,12,4,Afternoon (12-16),3586,29.35,85.32,2.65,High Performer
POST_0734,2023-01-27 04:26:00,Instagram,Reel,Product Launch,54045,35888,11461,1840,573,669,697,2023-01-27,2023,1,Jan,4,Friday,4,1,Night (22-5),14543,40.52,66.4,1.29,High Performer
POST_0735,2023-06-29 20:45:00,Facebook,Image,Product Launch,19251,13359,943,107,88,0,218,2023-06-29,2023,6,Jun,26,Thursday,20,2,Evening (17-21),1138,8.52,69.39,1.13,Needs Improvement
POST_0736,2023-04-25 13:53:00,Twitter,Image,Behind the Scenes,4907,4120,395,66,15,0,121,2023-04-25,2023,4,Apr,17,Tuesday,13,2,Afternoon (12-16),476,11.55,83.96,2.47,Average
POST_0737,2023-11-29 14:28:00,Facebook,Carousel,Festive/Seasonal,24410,19489,3521,317,216,0,431,2023-11-29,2023,11,Nov,48,Wednesday,14,4,Afternoon (12-16),4054,20.8,79.84,1.77,Average
POST_0738,2023-02-05 19:31:00,Instagram,Carousel,Product Launch,65132,47094,5390,517,374,189,1764,2023-02-05,2023,2,Feb,5,Sunday,19,1,Evening (17-21),6470,13.74,72.31,2.71,Average
POST_0739,2023-11-30 04:10:00,Twitter,Reel,Tutorial,7261,5911,2129,153,208,0,139,2023-11-30,2023,11,Nov,48,Thursday,4,4,Night (22-5),2490,42.12,81.41,1.91,High Performer
POST_0740,2023-01-21 12:05:00,Instagram,Reel,Promotion/Sale,87364,71569,14686,1093,752,375,1024,2023-01-21,2023,1,Jan,3,Saturday,12,1,Afternoon (12-16),16906,23.62,81.92,1.17,Average
POST_0741,2023-01-16 20:36:00,Instagram,Image,Festive/Seasonal,39508,27076,1638,218,71,42,406,2023-01-16,2023,1,Jan,3,Monday,20,1,Evening (17-21),1969,7.27,68.53,1.03,Needs Improvement
POST_0742,2023-05-07 20:01:00,Twitter,Image,Tutorial,13317,11390,933,126,63,0,345,2023-05-07,2023,5,May,18,Sunday,20,2,Evening (17-21),1122,9.85,85.53,2.59,Average
POST_0743,2023-04-13 12:50:00,Twitter,Image,Tutorial,7031,4638,425,70,29,0,162,2023-04-13,2023,4,Apr,15,Thursday,12,2,Afternoon (12-16),524,11.3,65.97,2.3,Average
POST_0744,2023-01-11 08:48:00,Twitter,Video,Promotion/Sale,51822,35804,9558,1315,942,0,1416,2023-01-11,2023,1,Jan,2,Wednesday,8,1,Morning (6-11),11815,33.0,69.09,2.73,High Performer
POST_0745,2023-11-15 05:14:00,Instagram,Story,Product Launch,10536,7130,657,110,37,37,163,2023-11-15,2023,11,Nov,46,Wednesday,5,4,Night (22-5),841,11.8,67.67,1.55,Average
POST_0746,2023-03-20 21:18:00,Facebook,Story,Behind the Scenes,16213,11796,1071,183,102,0,179,2023-03-20,2023,3,Mar,12,Monday,21,1,Evening (17-21),1356,11.5,72.76,1.1,Average
POST_0747,2023-05-03 07:02:00,Instagram,Reel,Product Launch,60922,40624,7986,1346,593,505,719,2023-05-03,2023,5,May,18,Wednesday,7,2,Morning (6-11),10430,25.67,66.68,1.18,High Performer
POST_0748,2023-03-06 22:17:00,Instagram,Carousel,Promotion/Sale,27999,18396,2318,304,93,160,313,2023-03-06,2023,3,Mar,10,Monday,22,1,Night (22-5),2875,15.63,65.7,1.12,Average
POST_0749,2023-08-31 12:14:00,Twitter,Reel,Festive/Seasonal,18933,12815,1695,285,82,0,443,2023-08-31,2023,8,Aug,35,Thursday,12,3,Afternoon (12-16),2062,16.09,67.69,2.34,Average
POST_0750,2023-12-09 08:34:00,Twitter,Story,User Generated Content,17407,12234,673,91,65,0,458,2023-12-09,2023,12,Dec,49,Saturday,8,4,Morning (6-11),829,6.78,70.28,2.63,Needs Improvement
POST_0751,2023-02-28 02:18:00,Instagram,Image,Tutorial,9609,8593,1207,86,61,31,155,2023-02-28,2023,2,Feb,9,Tuesday,2,1,Night (22-5),1385,16.12,89.43,1.61,Average
POST_0752,2023-10-16 06:10:00,Instagram,Story,User Generated Content,13723,10217,432,40,42,24,229,2023-10-16,2023,10,Oct,42,Monday,6,4,Morning (6-11),538,5.27,74.45,1.67,Needs Improvement
POST_0753,2023-04-22 22:49:00,Facebook,Video,User Generated Content,8833,5866,815,102,77,0,146,2023-04-22,2023,4,Apr,16,Saturday,22,2,Night (22-5),994,16.95,66.41,1.65,Average
POST_0754,2023-08-27 08:29:00,Instagram,Image,Promotion/Sale,49784,37909,4398,638,185,183,1103,2023-08-27,2023,8,Aug,34,Sunday,8,3,Morning (6-11),5404,14.26,76.15,2.22,Average
POST_0755,2023-12-25 15:36:00,Twitter,Video,Tutorial,11032,9918,2165,337,130,0,336,2023-12-25,2023,12,Dec,52,Monday,15,4,Afternoon (12-16),2632,26.54,89.9,3.05,High Performer
POST_0756,2023-05-12 14:47:00,Twitter,Image,User Generated Content,7924,6906,603,77,44,0,155,2023-05-12,2023,5,May,19,Friday,14,2,Afternoon (12-16),724,10.48,87.15,1.96,Average
POST_0757,2023-07-08 03:49:00,Instagram,Video,User Generated Content,33804,24677,5561,395,540,395,886,2023-07-08,2023,7,Jul,27,Saturday,3,3,Night (22-5),6891,27.92,73.0,2.62,High Performer
POST_0758,2023-03-27 15:49:00,Facebook,Reel,User Generated Content,18090,15206,2506,128,78,0,419,2023-03-27,2023,3,Mar,13,Monday,15,1,Afternoon (12-16),2712,17.84,84.06,2.32,Average
POST_0759,2023-11-07 14:31:00,Instagram,Story,Tutorial,8550,6460,566,60,45,19,222,2023-11-07,2023,11,Nov,45,Tuesday,14,4,Afternoon (12-16),690,10.68,75.56,2.6,Average
POST_0760,2023-11-07 14:35:00,Instagram,Story,User Generated Content,8137,5717,303,39,26,13,101,2023-11-07,2023,11,Nov,45,Tuesday,14,4,Afternoon (12-16),381,6.66,70.26,1.24,Needs Improvement
POST_0761,2023-02-28 05:32:00,Instagram,Story,Festive/Seasonal,10023,7737,392,51,21,31,188,2023-02-28,2023,2,Feb,9,Tuesday,5,1,Night (22-5),495,6.4,77.19,1.88,Needs Improvement
POST_0762,2023-03-25 15:07:00,Instagram,Video,Behind the Scenes,35431,28042,8899,1371,547,561,773,2023-03-25,2023,3,Mar,12,Saturday,15,1,Afternoon (12-16),11378,40.57,79.15,2.18,High Performer
POST_0763,2023-06-09 21:36:00,Instagram,Carousel,Promotion/Sale,31308,22274,4538,424,438,235,644,2023-06-09,2023,6,Jun,23,Friday,21,2,Evening (17-21),5635,25.3,71.14,2.06,High Performer
POST_0764,2023-02-25 08:07:00,Twitter,Carousel,Behind the Scenes,16917,11543,1455,91,107,0,270,2023-02-25,2023,2,Feb,8,Saturday,8,1,Morning (6-11),1653,14.32,68.23,1.6,Average
POST_0765,2023-10-24 21:17:00,Facebook,Reel,Tutorial,27678,20802,7597,1081,450,0,530,2023-10-24,2023,10,Oct,43,Tuesday,21,4,Evening (17-21),9128,43.88,75.16,1.91,High Performer
POST_0766,2023-01-14 01:49:00,Instagram,Image,Behind the Scenes,7540,6756,756,65,53,20,263,2023-01-14,2023,1,Jan,2,Saturday,1,1,Night (22-5),894,13.23,89.6,3.49,Average
POST_0767,2023-06-09 20:34:00,Instagram,Image,Festive/Seasonal,23020,19092,2340,321,170,172,235,2023-06-09,2023,6,Jun,23,Friday,20,2,Evening (17-21),3003,15.73,82.94,1.02,Average
POST_0768,2023-10-22 02:52:00,Twitter,Carousel,Product Launch,4457,3173,679,68,55,0,96,2023-10-22,2023,10,Oct,42,Sunday,2,4,Night (22-5),802,25.28,71.19,2.15,High Performer
POST_0769,2023-12-13 22:23:00,Instagram,Image,Behind the Scenes,8441,6354,447,23,40,34,128,2023-12-13,2023,12,Dec,50,Wednesday,22,4,Night (22-5),544,8.56,75.28,1.52,Needs Improvement
POST_0770,2023-07-12 19:34:00,Instagram,Carousel,Festive/Seasonal,31128,20288,3448,542,138,101,683,2023-07-12,2023,7,Jul,28,Wednesday,19,3,Evening (17-21),4229,20.84,65.18,2.19,Average
POST_0771,2023-07-23 07:52:00,Facebook,Reel,User Generated Content,55696,40503,9007,1351,781,0,891,2023-07-23,2023,7,Jul,29,Sunday,7,3,Morning (6-11),11139,27.5,72.72,1.6,High Performer
POST_0772,2023-04-12 07:48:00,Twitter,Carousel,Product Launch,25508,19172,3511,396,325,0,713,2023-04-12,2023,4,Apr,15,Wednesday,7,2,Morning (6-11),4232,22.07,75.16,2.8,Average
POST_0773,2023-02-08 14:02:00,Twitter,Text,User Generated Content,2850,2426,157,13,15,0,27,2023-02-08,2023,2,Feb,6,Wednesday,14,1,Afternoon (12-16),185,7.63,85.12,0.95,Needs Improvement
POST_0774,2023-10-31 14:48:00,Instagram,Text,Behind the Scenes,7296,5722,295,39,9,22,64,2023-10-31,2023,10,Oct,44,Tuesday,14,4,Afternoon (12-16),365,6.38,78.43,0.88,Needs Improvement
POST_0775,2023-12-20 01:46:00,Twitter,Story,Behind the Scenes,4863,4161,153,18,9,0,103,2023-12-20,2023,12,Dec,51,Wednesday,1,4,Night (22-5),180,4.33,85.56,2.12,Needs Improvement
POST_0776,2023-11-18 21:28:00,Instagram,Carousel,Promotion/Sale,22568,18530,2676,399,171,77,545,2023-11-18,2023,11,Nov,46,Saturday,21,4,Evening (17-21),3323,17.93,82.11,2.41,Average
POST_0777,2023-05-05 13:34:00,Facebook,Reel,Festive/Seasonal,47026,32415,12134,1424,425,0,933,2023-05-05,2023,5,May,18,Friday,13,2,Afternoon (12-16),13983,43.14,68.93,1.98,High Performer
POST_0778,2023-02-22 15:13:00,Instagram,Image,Promotion/Sale,9091,7735,978,173,63,46,252,2023-02-22,2023,2,Feb,8,Wednesday,15,1,Afternoon (12-16),1260,16.29,85.08,2.77,Average
POST_0779,2023-12-23 08:27:00,Facebook,Story,Product Launch,16401,11027,728,117,65,0,143,2023-12-23,2023,12,Dec,51,Saturday,8,4,Morning (6-11),910,8.25,67.23,0.87,Needs Improvement
POST_0780,2023-06-04 07:06:00,Facebook,Reel,Product Launch,21414,15325,5393,360,433,0,199,2023-06-04,2023,6,Jun,22,Sunday,7,2,Morning (6-11),6186,40.37,71.57,0.93,High Performer
POST_0781,2023-12-17 20:47:00,Facebook,Image,Festive/Seasonal,19019,13473,1473,118,117,0,487,2023-12-17,2023,12,Dec,50,Sunday,20,4,Evening (17-21),1708,12.68,70.84,2.56,Average
POST_0782,2023-11-04 09:53:00,Twitter,Image,User Generated Content,7491,6492,681,45,40,0,96,2023-11-04,2023,11,Nov,44,Saturday,9,4,Morning (6-11),766,11.8,86.66,1.28,Average
POST_0783,2023-03-03 11:41:00,Twitter,Story,Tutorial,2251,1747,165,28,10,0,67,2023-03-03,2023,3,Mar,9,Friday,11,1,Morning (6-11),203,11.62,77.61,2.98,Average
POST_0784,2023-10-17 17:48:00,Facebook,Image,Tutorial,10663,7981,1032,117,65,0,197,2023-10-17,2023,10,Oct,42,Tuesday,17,4,Evening (17-21),1214,15.21,74.85,1.85,Average
POST_0785,2023-01-22 05:15:00,Twitter,Image,Behind the Scenes,4411,3234,307,38,14,0,109,2023-01-22,2023,1,Jan,3,Sunday,5,1,Night (22-5),359,11.1,73.32,2.47,Average
POST_0786,2023-06-27 10:19:00,Instagram,Image,Promotion/Sale,13774,10103,588,47,56,22,152,2023-06-27,2023,6,Jun,26,Tuesday,10,2,Morning (6-11),713,7.06,73.35,1.1,Needs Improvement
POST_0787,2023-09-30 11:55:00,Instagram,Image,User Generated Content,3636,2657,266,32,14,12,103,2023-09-30,2023,9,Sep,39,Saturday,11,3,Morning (6-11),324,12.19,73.07,2.83,Average
POST_0788,2023-08-08 08:02:00,Twitter,Carousel,Festive/Seasonal,12749,9109,975,106,81,0,147,2023-08-08,2023,8,Aug,32,Tuesday,8,3,Morning (6-11),1162,12.76,71.45,1.15,Average
POST_0789,2023-12-05 04:28:00,Instagram,Story,Product Launch,10286,8135,412,60,13,29,129,2023-12-05,2023,12,Dec,49,Tuesday,4,4,Night (22-5),514,6.32,79.09,1.25,Needs Improvement
POST_0790,2023-07-09 20:16:00,Instagram,Image,Tutorial,40149,29635,3478,318,324,95,455,2023-07-09,2023,7,Jul,27,Sunday,20,3,Evening (17-21),4215,14.22,73.81,1.13,Average
POST_0791,2023-02-05 08:22:00,Facebook,Reel,Festive/Seasonal,28371,25135,9500,939,898,0,662,2023-02-05,2023,2,Feb,5,Sunday,8,1,Morning (6-11),11337,45.1,88.59,2.33,High Performer
POST_0792,2023-09-17 23:55:00,Instagram,Image,User Generated Content,9547,7882,876,156,42,52,91,2023-09-17,2023,9,Sep,37,Sunday,23,3,Night (22-5),1126,14.29,82.56,0.95,Average
POST_0793,2023-11-28 09:52:00,Twitter,Carousel,Product Launch,12437,8554,966,95,80,0,224,2023-11-28,2023,11,Nov,48,Tuesday,9,4,Morning (6-11),1141,13.34,68.78,1.8,Average
POST_0794,2023-06-24 09:05:00,Facebook,Carousel,Product Launch,19349,12664,1098,113,104,0,368,2023-06-24,2023,6,Jun,25,Saturday,9,2,Morning (6-11),1315,10.38,65.45,1.9,Average
POST_0795,2023-01-07 19:28:00,Facebook,Text,Festive/Seasonal,8143,5513,364,55,15,0,139,2023-01-07,2023,1,Jan,1,Saturday,19,1,Evening (17-21),434,7.87,67.7,1.71,Needs Improvement
POST_0796,2023-08-04 12:55:00,Facebook,Image,Promotion/Sale,19070,15375,2134,267,144,0,176,2023-08-04,2023,8,Aug,31,Friday,12,3,Afternoon (12-16),2545,16.55,80.62,0.92,Average
POST_0797,2023-09-08 03:07:00,Instagram,Reel,Festive/Seasonal,42802,29477,6045,497,338,213,727,2023-09-08,2023,9,Sep,36,Friday,3,3,Night (22-5),7093,24.06,68.87,1.7,High Performer
POST_0798,2023-02-24 07:49:00,Twitter,Image,Festive/Seasonal,10397,9322,497,34,16,0,268,2023-02-24,2023,2,Feb,8,Friday,7,1,Morning (6-11),547,5.87,89.66,2.58,Needs Improvement
POST_0799,2023-08-10 04:51:00,Twitter,Image,Product Launch,8196,5677,380,34,27,0,92,2023-08-10,2023,8,Aug,32,Thursday,4,3,Night (22-5),441,7.77,69.27,1.12,Needs Improvement
POST_0800,2023-07-05 11:15:00,Facebook,Carousel,Festive/Seasonal,9080,8104,609,93,51,0,153,2023-07-05,2023,7,Jul,27,Wednesday,11,3,Morning (6-11),753,9.29,89.25,1.69,Needs Improvement
POST_0801,2023-11-22 04:13:00,Facebook,Carousel,User Generated Content,21240,18784,3224,226,151,0,662,2023-11-22,2023,11,Nov,47,Wednesday,4,4,Night (22-5),3601,19.17,88.44,3.12,Average
POST_0802,2023-08-24 01:51:00,Facebook,Reel,User Generated Content,19523,13043,4017,411,379,0,384,2023-08-24,2023,8,Aug,34,Thursday,1,3,Night (22-5),4807,36.86,66.81,1.97,High Performer
POST_0803,2023-12-29 22:47:00,Instagram,Image,User Generated Content,9758,6467,618,40,35,25,214,2023-12-29,2023,12,Dec,52,Friday,22,4,Night (22-5),718,11.1,66.27,2.19,Average
POST_0804,2023-03-20 20:37:00,Facebook,Image,Behind the Scenes,20789,14310,1190,117,48,0,485,2023-03-20,2023,3,Mar,12,Monday,20,1,Evening (17-21),1355,9.47,68.83,2.33,Average
POST_0805,2023-08-11 10:44:00,Instagram,Reel,Festive/Seasonal,24293,16433,4746,312,469,317,356,2023-08-11,2023,8,Aug,32,Friday,10,3,Morning (6-11),5844,35.56,67.65,1.47,High Performer
POST_0806,2023-04-01 22:22:00,Facebook,Image,Festive/Seasonal,10816,9494,960,69,54,0,335,2023-04-01,2023,4,Apr,13,Saturday,22,2,Night (22-5),1083,11.41,87.78,3.1,Average
POST_0807,2023-09-25 21:55:00,Facebook,Carousel,Promotion/Sale,55319,48320,9879,615,672,0,1556,2023-09-25,2023,9,Sep,39,Monday,21,3,Evening (17-21),11166,23.11,87.35,2.81,Average
POST_0808,2023-11-30 20:45:00,Instagram,Story,Festive/Seasonal,37344,29937,1437,220,115,36,715,2023-11-30,2023,11,Nov,48,Thursday,20,4,Evening (17-21),1808,6.04,80.17,1.91,Needs Improvement
POST_0809,2023-05-19 21:39:00,Twitter,Reel,Promotion/Sale,10925,8194,2202,287,168,0,287,2023-05-19,2023,5,May,20,Friday,21,2,Evening (17-21),2657,32.43,75.0,2.63,High Performer
POST_0810,2023-11-12 18:40:00,Twitter,Image,Promotion/Sale,2484,1689,219,15,21,0,59,2023-11-12,2023,11,Nov,45,Sunday,18,4,Evening (17-21),255,15.1,68.0,2.38,Average
POST_0811,2023-10-03 06:27:00,Facebook,Story,Promotion/Sale,3685,2674,219,20,20,0,32,2023-10-03,2023,10,Oct,40,Tuesday,6,4,Morning (6-11),259,9.69,72.56,0.87,Average
POST_0812,2023-09-05 05:10:00,Instagram,Story,Festive/Seasonal,10512,8385,695,57,38,49,132,2023-09-05,2023,9,Sep,36,Tuesday,5,3,Night (22-5),839,10.01,79.77,1.26,Average
POST_0813,2023-08-27 23:39:00,Twitter,Carousel,Tutorial,9765,8089,824,102,74,0,185,2023-08-27,2023,8,Aug,34,Sunday,23,3,Night (22-5),1000,12.36,82.84,1.89,Average
POST_0814,2023-08-12 11:08:00,Facebook,Image,Product Launch,17206,13129,810,81,78,0,257,2023-08-12,2023,8,Aug,32,Saturday,11,3,Morning (6-11),969,7.38,76.3,1.49,Needs Improvement
POST_0815,2023-10-31 21:50:00,Instagram,Video,Tutorial,77827,56648,16279,1750,1041,1085,1216,2023-10-31,2023,10,Oct,44,Tuesday,21,4,Evening (17-21),20155,35.58,72.79,1.56,High Performer
POST_0816,2023-05-18 12:13:00,Instagram,Reel,Product Launch,53695,39951,8870,1049,768,369,1027,2023-05-18,2023,5,May,20,Thursday,12,2,Afternoon (12-16),11056,27.67,74.4,1.91,High Performer
POST_0817,2023-06-15 03:52:00,Instagram,Carousel,Promotion/Sale,11061,9770,1721,215,129,37,278,2023-06-15,2023,6,Jun,24,Thursday,3,2,Night (22-5),2102,21.51,88.33,2.51,Average
POST_0818,2023-05-06 09:13:00,Facebook,Reel,Product Launch,64020,50347,11076,671,482,0,1939,2023-05-06,2023,5,May,18,Saturday,9,2,Morning (6-11),12229,24.29,78.64,3.03,High Performer
POST_0819,2023-02-14 11:51:00,Instagram,Story,Product Launch,3789,2498,218,26,14,7,80,2023-02-14,2023,2,Feb,7,Tuesday,11,1,Morning (6-11),265,10.61,65.93,2.11,Average
POST_0820,2023-05-23 07:03:00,Instagram,Reel,User Generated Content,25194,17572,4321,376,204,253,518,2023-05-23,2023,5,May,21,Tuesday,7,2,Morning (6-11),5154,29.33,69.75,2.06,High Performer
POST_0821,2023-08-19 14:36:00,Instagram,Story,Behind the Scenes,7779,5588,595,75,47,12,142,2023-08-19,2023,8,Aug,33,Saturday,14,3,Afternoon (12-16),729,13.05,71.83,1.83,Average
POST_0823,2023-08-26 08:34:00,Facebook,Carousel,Behind the Scenes,14899,11419,1217,135,75,0,313,2023-08-26,2023,8,Aug,34,Saturday,8,3,Morning (6-11),1427,12.5,76.64,2.1,Average
POST_0824,2023-10-19 14:17:00,Instagram,Reel,User Generated Content,54073,37368,9601,1516,734,386,1422,2023-10-19,2023,10,Oct,42,Thursday,14,4,Afternoon (12-16),12237,32.75,69.11,2.63,High Performer
POST_0825,2023-11-09 20:38:00,Twitter,Story,Behind the Scenes,8782,5769,310,34,22,0,154,2023-11-09,2023,11,Nov,45,Thursday,20,4,Evening (17-21),366,6.34,65.69,1.75,Needs Improvement
POST_0826,2023-12-09 16:34:00,Instagram,Image,User Generated Content,20161,14514,1483,91,87,96,447,2023-12-09,2023,12,Dec,49,Saturday,16,4,Afternoon (12-16),1757,12.11,71.99,2.22,Average
POST_0827,2023-07-14 08:10:00,Instagram,Image,Promotion/Sale,16432,14201,1614,265,71,116,167,2023-07-14,2023,7,Jul,28,Friday,8,3,Morning (6-11),2066,14.55,86.42,1.02,Average
POST_0828,2023-06-22 00:20:00,Facebook,Story,Promotion/Sale,9656,7070,414,48,39,0,80,2023-06-22,2023,6,Jun,25,Thursday,0,2,Night (22-5),501,7.09,73.22,0.83,Needs Improvement
POST_0829,2023-01-15 03:45:00,Instagram,Image,Behind the Scenes,13756,9626,854,85,80,56,242,2023-01-15,2023,1,Jan,2,Sunday,3,1,Night (22-5),1075,11.17,69.98,1.76,Average
POST_0830,2023-09-11 04:18:00,Instagram,Image,Product Launch,19348,14826,794,66,48,23,569,2023-09-11,2023,9,Sep,37,Monday,4,3,Night (22-5),931,6.28,76.63,2.94,Needs Improvement
POST_0831,2023-06-16 07:18:00,Instagram,Image,Festive/Seasonal,28354,23544,3257,536,215,216,632,2023-06-16,2023,6,Jun,24,Friday,7,2,Morning (6-11),4224,17.94,83.04,2.23,Average
POST_0832,2023-04-04 09:36:00,Twitter,Story,Promotion/Sale,10144,6884,310,36,15,0,73,2023-04-04,2023,4,Apr,14,Tuesday,9,2,Morning (6-11),361,5.24,67.86,0.72,Needs Improvement
POST_0833,2023-09-07 09:17:00,Facebook,Reel,Festive/Seasonal,100070,77159,11132,1354,989,0,3079,2023-09-07,2023,9,Sep,36,Thursday,9,3,Morning (6-11),13475,17.46,77.11,3.08,Average
POST_0834,2023-04-19 01:54:00,Instagram,Image,Festive/Seasonal,17761,12966,1750,131,127,77,145,2023-04-19,2023,4,Apr,16,Wednesday,1,2,Night (22-5),2085,16.08,73.0,0.82,Average
POST_0835,2023-07-01 01:32:00,Instagram,Story,Tutorial,9039,8019,443,68,15,23,97,2023-07-01,2023,7,Jul,26,Saturday,1,3,Night (22-5),549,6.85,88.72,1.07,Needs Improvement
POST_0836,2023-05-13 13:57:00,Instagram,Image,Tutorial,28765,24208,2691,422,202,210,760,2023-05-13,2023,5,May,19,Saturday,13,2,Afternoon (12-16),3525,14.56,84.16,2.64,Average
POST_0837,2023-06-24 09:43:00,Facebook,Carousel,User Generated Content,16450,12864,1161,147,74,0,368,2023-06-24,2023,6,Jun,25,Saturday,9,2,Morning (6-11),1382,10.74,78.2,2.24,Average
POST_0838,2023-05-24 08:52:00,Twitter,Text,User Generated Content,2583,1804,85,14,4,0,41,2023-05-24,2023,5,May,21,Wednesday,8,2,Morning (6-11),103,5.71,69.84,1.59,Needs Improvement
POST_0839,2023-11-02 09:06:00,Facebook,Carousel,Product Launch,26380,19856,2052,360,80,0,420,2023-11-02,2023,11,Nov,44,Thursday,9,4,Morning (6-11),2492,12.55,75.27,1.59,Average
POST_0840,2023-12-26 11:08:00,Twitter,Carousel,Promotion/Sale,4001,2822,520,39,18,0,68,2023-12-26,2023,12,Dec,52,Tuesday,11,4,Morning (6-11),577,20.45,70.53,1.7,Average
POST_0841,2023-05-22 13:48:00,Facebook,Image,Tutorial,25318,21865,2483,141,210,0,773,2023-05-22,2023,5,May,21,Monday,13,2,Afternoon (12-16),2834,12.96,86.36,3.05,Average
POST_0842,2023-10-12 20:50:00,Twitter,Video,Promotion/Sale,38811,30160,4951,791,400,0,1188,2023-10-12,2023,10,Oct,41,Thursday,20,4,Evening (17-21),6142,20.36,77.71,3.06,Average
POST_0843,2023-01-06 15:26:00,Facebook,Image,Tutorial,5256,4457,293,17,29,0,47,2023-01-06,2023,1,Jan,1,Friday,15,1,Afternoon (12-16),339,7.61,84.8,0.89,Needs Improvement
POST_0844,2023-09-22 14:58:00,Facebook,Image,Tutorial,18836,13963,1798,219,167,0,527,2023-09-22,2023,9,Sep,38,Friday,14,3,Afternoon (12-16),2184,15.64,74.13,2.8,Average
POST_0845,2023-04-08 04:03:00,Instagram,Reel,Product Launch,59972,45877,13000,968,1122,1014,828,2023-04-08,2023,4,Apr,14,Saturday,4,2,Night (22-5),16104,35.1,76.5,1.38,High Performer
POST_0846,2023-02-13 03:17:00,Instagram,Reel,Tutorial,26809,18003,4881,563,195,227,360,2023-02-13,2023,2,Feb,7,Monday,3,1,Night (22-5),5866,32.58,67.15,1.34,High Performer
POST_0847,2023-05-04 09:55:00,Twitter,Carousel,Behind the Scenes,10035,8431,1472,143,49,0,275,2023-05-04,2023,5,May,18,Thursday,9,2,Morning (6-11),1664,19.74,84.02,2.74,Average
POST_0848,2023-07-28 23:41:00,Twitter,Image,Tutorial,8255,5861,463,34,32,0,85,2023-07-28,2023,7,Jul,30,Friday,23,3,Night (22-5),529,9.03,71.0,1.03,Needs Improvement
POST_0849,2023-09-08 13:08:00,Twitter,Image,User Generated Content,11061,8258,729,89,22,0,102,2023-09-08,2023,9,Sep,36,Friday,13,3,Afternoon (12-16),840,10.17,74.66,0.92,Average
POST_0850,2023-10-12 09:44:00,Instagram,Video,Behind the Scenes,82293,55092,14892,2525,728,628,1491,2023-10-12,2023,10,Oct,41,Thursday,9,4,Morning (6-11),18773,34.08,66.95,1.81,High Performer
POST_0851,2023-05-04 04:55:00,Facebook,Reel,Festive/Seasonal,26206,19722,4900,276,212,0,664,2023-05-04,2023,5,May,18,Thursday,4,2,Night (22-5),5388,27.32,75.26,2.53,High Performer
POST_0852,2023-12-20 14:08:00,Facebook,Carousel,Promotion/Sale,22343,16207,2063,332,170,0,294,2023-12-20,2023,12,Dec,51,Wednesday,14,4,Afternoon (12-16),2565,15.83,72.54,1.32,Average
POST_0853,2023-09-01 09:15:00,Facebook,Carousel,Tutorial,42497,33801,5030,641,279,0,1156,2023-09-01,2023,9,Sep,35,Friday,9,3,Morning (6-11),5950,17.6,79.54,2.72,Average
POST_0854,2023-11-27 01:09:00,Instagram,Video,Tutorial,28494,19352,2726,326,260,104,698,2023-11-27,2023,11,Nov,48,Monday,1,4,Night (22-5),3416,17.65,67.92,2.45,Average
POST_0855,2023-12-31 01:45:00,Instagram,Image,Product Launch,4960,3350,395,30,22,19,106,2023-12-31,2023,12,Dec,52,Sunday,1,4,Night (22-5),466,13.91,67.54,2.14,Average
POST_0856,2023-09-09 18:20:00,Instagram,Reel,Promotion/Sale,21971,16513,4164,500,363,126,565,2023-09-09,2023,9,Sep,36,Saturday,18,3,Evening (17-21),5153,31.21,75.16,2.57,High Performer
POST_0857,2023-08-18 19:53:00,Facebook,Image,Festive/Seasonal,27643,20815,1275,174,85,0,607,2023-08-18,2023,8,Aug,33,Friday,19,3,Evening (17-21),1534,7.37,75.3,2.2,Needs Improvement
POST_0858,2023-01-09 13:15:00,Instagram,Video,Promotion/Sale,58276,51091,12444,760,765,813,1728,2023-01-09,2023,1,Jan,2,Monday,13,1,Afternoon (12-16),14782,28.93,87.67,2.97,High Performer
POST_0859,2023-02-17 05:48:00,Instagram,Image,Tutorial,11396,8577,1151,191,89,82,108,2023-02-17,2023,2,Feb,7,Friday,5,1,Night (22-5),1513,17.64,75.26,0.95,Average
POST_0861,2023-04-24 04:43:00,Facebook,Image,User Generated Content,5576,4422,399,37,32,0,162,2023-04-24,2023,4,Apr,17,Monday,4,2,Night (22-5),468,10.58,79.3,2.91,Average
POST_0862,2023-07-27 21:25:00,Facebook,Story,Product Launch,18193,13335,1194,83,46,0,271,2023-07-27,2023,7,Jul,30,Thursday,21,3,Evening (17-21),1323,9.92,73.3,1.49,Average
POST_0863,2023-12-21 08:31:00,Instagram,Video,Behind the Scenes,29516,20157,6134,812,292,327,520,2023-12-21,2023,12,Dec,51,Thursday,8,4,Morning (6-11),7565,37.53,68.29,1.76,High Performer
POST_0864,2023-05-05 09:09:00,Instagram,Image,Festive/Seasonal,41147,29144,3817,344,299,80,617,2023-05-05,2023,5,May,18,Friday,9,2,Morning (6-11),4540,15.58,70.83,1.5,Average
POST_0865,2023-06-06 14:36:00,Twitter,Carousel,User Generated Content,6642,5629,581,80,50,0,151,2023-06-06,2023,6,Jun,23,Tuesday,14,2,Afternoon (12-16),711,12.63,84.75,2.27,Average
POST_0866,2023-12-06 20:40:00,Instagram,Reel,Tutorial,60714,49510,10843,1682,548,588,1602,2023-12-06,2023,12,Dec,49,Wednesday,20,4,Evening (17-21),13661,27.59,81.55,2.64,High Performer
POST_0867,2023-10-25 14:17:00,Twitter,Reel,Festive/Seasonal,14398,12302,4503,544,343,0,456,2023-10-25,2023,10,Oct,43,Wednesday,14,4,Afternoon (12-16),5390,43.81,85.44,3.17,High Performer
POST_0868,2023-07-08 12:40:00,Facebook,Text,User Generated Content,3198,2264,131,20,11,0,50,2023-07-08,2023,7,Jul,27,Saturday,12,3,Afternoon (12-16),162,7.16,70.79,1.56,Needs Improvement
POST_0869,2023-08-31 12:26:00,Instagram,Carousel,Tutorial,22433,16214,2970,177,261,135,452,2023-08-31,2023,8,Aug,35,Thursday,12,3,Afternoon (12-16),3543,21.85,72.28,2.01,Average
POST_0870,2023-10-11 12:24:00,Instagram,Story,Product Launch,7163,5260,223,39,19,10,87,2023-10-11,2023,10,Oct,41,Wednesday,12,4,Afternoon (12-16),291,5.53,73.43,1.21,Needs Improvement
POST_0871,2023-09-29 13:28:00,Instagram,Reel,User Generated Content,34485,27270,10079,508,470,769,412,2023-09-29,2023,9,Sep,39,Friday,13,3,Afternoon (12-16),11826,43.37,79.08,1.19,High Performer
POST_0872,2023-06-26 12:04:00,Instagram,Video,Behind the Scenes,31423,24904,7597,851,756,461,304,2023-06-26,2023,6,Jun,26,Monday,12,2,Afternoon (12-16),9665,38.81,79.25,0.97,High Performer
POST_0873,2023-08-06 00:40:00,Twitter,Image,Behind the Scenes,3959,2658,127,13,11,0,72,2023-08-06,2023,8,Aug,31,Sunday,0,3,Night (22-5),151,5.68,67.14,1.82,Needs Improvement
POST_0874,2023-10-09 08:50:00,Instagram,Image,Tutorial,31460,22705,1701,120,70,63,767,2023-10-09,2023,10,Oct,41,Monday,8,4,Morning (6-11),1954,8.61,72.17,2.44,Needs Improvement
POST_0875,2023-06-19 03:56:00,Twitter,Story,User Generated Content,3058,2073,204,27,8,0,47,2023-06-19,2023,6,Jun,25,Monday,3,2,Night (22-5),239,11.53,67.79,1.54,Average
POST_0876,2023-06-30 10:49:00,Instagram,Reel,Festive/Seasonal,24668,20578,5022,896,169,207,503,2023-06-30,2023,6,Jun,26,Friday,10,2,Morning (6-11),6294,30.59,83.42,2.04,High Performer
POST_0877,2023-12-26 08:05:00,Instagram,Carousel,Behind the Scenes,34715,30156,6247,966,559,331,1048,2023-12-26,2023,12,Dec,52,Tuesday,8,4,Morning (6-11),8103,26.87,86.87,3.02,High Performer
POST_0878,2023-08-21 21:25:00,Facebook,Image,Promotion/Sale,15511,11627,911,100,45,0,451,2023-08-21,2023,8,Aug,34,Monday,21,3,Evening (17-21),1056,9.08,74.96,2.91,Needs Improvement
POST_0879,2023-05-19 20:32:00,Instagram,Image,Behind the Scenes,27289,18127,1062,83,66,48,616,2023-05-19,2023,5,May,20,Friday,20,2,Evening (17-21),1259,6.95,66.43,2.26,Needs Improvement
POST_0880,2023-06-06 15:47:00,Facebook,Text,Tutorial,5345,4043,161,14,13,0,46,2023-06-06,2023,6,Jun,23,Tuesday,15,2,Afternoon (12-16),188,4.65,75.64,0.86,Needs Improvement
POST_0881,2023-05-09 14:17:00,Facebook,Text,Promotion/Sale,4029,3558,232,33,14,0,91,2023-05-09,2023,5,May,19,Tuesday,14,2,Afternoon (12-16),279,7.84,88.31,2.26,Needs Improvement
POST_0882,2023-04-29 07:44:00,Instagram,Image,Behind the Scenes,46841,41756,2867,445,125,94,1264,2023-04-29,2023,4,Apr,17,Saturday,7,2,Morning (6-11),3531,8.46,89.14,2.7,Needs Improvement
POST_0883,2023-03-03 16:59:00,Twitter,Reel,User Generated Content,7262,5648,2051,343,84,0,118,2023-03-03,2023,3,Mar,9,Friday,16,1,Afternoon (12-16),2478,43.87,77.77,1.62,High Performer
POST_0884,2023-04-09 23:56:00,Instagram,Image,Tutorial,14664,10115,1425,240,59,38,127,2023-04-09,2023,4,Apr,14,Sunday,23,2,Night (22-5),1762,17.42,68.98,0.87,Average
POST_0885,2023-06-11 14:23:00,Facebook,Image,Promotion/Sale,12414,8291,578,98,54,0,277,2023-06-11,2023,6,Jun,23,Sunday,14,2,Afternoon (12-16),730,8.8,66.79,2.23,Needs Improvement
POST_0886,2023-03-03 07:29:00,Facebook,Text,Behind the Scenes,2408,1762,95,8,8,0,51,2023-03-03,2023,3,Mar,9,Friday,7,1,Morning (6-11),111,6.3,73.17,2.12,Needs Improvement
POST_0887,2023-10-02 01:31:00,Twitter,Text,Promotion/Sale,1279,888,45,7,2,0,11,2023-10-02,2023,10,Oct,40,Monday,1,4,Night (22-5),54,6.08,69.43,0.86,Needs Improvement
POST_0888,2023-12-20 12:20:00,Instagram,Video,Product Launch,64312,47272,14357,1529,624,451,1562,2023-12-20,2023,12,Dec,51,Wednesday,12,4,Afternoon (12-16),16961,35.88,73.5,2.43,High Performer
POST_0889,2023-04-05 13:37:00,Facebook,Video,Behind the Scenes,26837,19602,4239,731,403,0,317,2023-04-05,2023,4,Apr,14,Wednesday,13,2,Afternoon (12-16),5373,27.41,73.04,1.18,High Performer
POST_0890,2023-04-09 18:00:00,Facebook,Reel,User Generated Content,16511,11348,2934,322,273,0,430,2023-04-09,2023,4,Apr,14,Sunday,18,2,Evening (17-21),3529,31.1,68.73,2.6,High Performer
POST_0891,2023-04-21 19:55:00,Instagram,Image,User Generated Content,43094,36702,1774,162,105,59,586,2023-04-21,2023,4,Apr,16,Friday,19,2,Evening (17-21),2100,5.72,85.17,1.36,Needs Improvement
POST_0892,2023-09-05 09:49:00,Facebook,Image,Product Launch,4657,3776,276,15,12,0,128,2023-09-05,2023,9,Sep,36,Tuesday,9,3,Morning (6-11),303,8.02,81.08,2.75,Needs Improvement
POST_0893,2023-05-22 20:54:00,Twitter,Reel,User Generated Content,25603,22900,4106,320,207,0,347,2023-05-22,2023,5,May,21,Monday,20,2,Evening (17-21),4633,20.23,89.44,1.36,Average
POST_0894,2023-10-29 07:46:00,Facebook,Story,Behind the Scenes,15993,14037,1127,116,107,0,160,2023-10-29,2023,10,Oct,43,Sunday,7,4,Morning (6-11),1350,9.62,87.77,1.0,Average
POST_0895,2023-09-26 14:05:00,Twitter,Image,Behind the Scenes,9813,6475,561,75,44,0,188,2023-09-26,2023,9,Sep,39,Tuesday,14,3,Afternoon (12-16),680,10.5,65.98,1.92,Average
POST_0896,2023-11-02 17:46:00,Facebook,Carousel,Festive/Seasonal,7460,5023,670,44,64,0,121,2023-11-02,2023,11,Nov,44,Thursday,17,4,Evening (17-21),778,15.49,67.33,1.62,Average
POST_0897,2023-05-25 06:29:00,Instagram,Video,User Generated Content,37508,27287,8019,1304,618,182,736,2023-05-25,2023,5,May,21,Thursday,6,2,Morning (6-11),10123,37.1,72.75,1.96,High Performer
POST_0898,2023-02-21 11:40:00,Twitter,Carousel,Product Launch,7931,5425,569,93,17,0,176,2023-02-21,2023,2,Feb,8,Tuesday,11,1,Morning (6-11),679,12.52,68.4,2.22,Average
POST_0899,2023-04-10 10:42:00,Instagram,Image,Promotion/Sale,2573,2199,181,21,14,11,85,2023-04-10,2023,4,Apr,15,Monday,10,2,Morning (6-11),227,10.32,85.46,3.3,Average
POST_0900,2023-06-01 10:44:00,Facebook,Carousel,Tutorial,10184,7637,1598,213,81,0,105,2023-06-01,2023,6,Jun,22,Thursday,10,2,Morning (6-11),1892,24.77,74.99,1.03,High Performer
POST_0901,2023-04-27 06:22:00,Facebook,Image,Festive/Seasonal,9653,7410,497,63,17,0,165,2023-04-27,2023,4,Apr,17,Thursday,6,2,Morning (6-11),577,7.79,76.76,1.71,Needs Improvement
POST_0902,2023-07-04 12:54:00,Instagram,Image,User Generated Content,28841,21890,2624,413,220,58,346,2023-07-04,2023,7,Jul,27,Tuesday,12,3,Afternoon (12-16),3315,15.14,75.9,1.2,Average
POST_0903,2023-04-02 14:04:00,Twitter,Carousel,Tutorial,19538,16815,1944,205,122,0,247,2023-04-02,2023,4,Apr,13,Sunday,14,2,Afternoon (12-16),2271,13.51,86.06,1.26,Average
POST_0904,2023-06-04 12:50:00,Instagram,Image,Tutorial,10040,8902,633,51,22,47,243,2023-06-04,2023,6,Jun,22,Sunday,12,2,Afternoon (12-16),753,8.46,88.67,2.42,Needs Improvement
POST_0905,2023-01-08 20:34:00,Facebook,Reel,Tutorial,49386,39774,5486,407,483,0,1312,2023-01-08,2023,1,Jan,1,Sunday,20,1,Evening (17-21),6376,16.03,80.54,2.66,Average
POST_0906,2023-12-29 18:25:00,Facebook,Carousel,Behind the Scenes,11420,8498,1264,63,59,0,138,2023-12-29,2023,12,Dec,52,Friday,18,4,Evening (17-21),1386,16.31,74.41,1.21,Average
POST_0907,2023-10-01 17:13:00,Instagram,Carousel,Promotion/Sale,16797,11722,1695,275,79,41,242,2023-10-01,2023,10,Oct,39,Sunday,17,4,Evening (17-21),2090,17.83,69.79,1.44,Average
POST_0908,2023-03-06 12:27:00,Instagram,Carousel,Festive/Seasonal,38706,30487,5780,1010,494,324,756,2023-03-06,2023,3,Mar,10,Monday,12,1,Afternoon (12-16),7608,24.95,78.77,1.95,High Performer
POST_0909,2023-05-21 13:52:00,Instagram,Reel,Promotion/Sale,57255,41284,11475,1449,702,805,741,2023-05-21,2023,5,May,20,Sunday,13,2,Afternoon (12-16),14431,34.96,72.11,1.29,High Performer
POST_0910,2023-01-24 23:13:00,Instagram,Reel,Tutorial,30763,24131,7188,1091,414,422,350,2023-01-24,2023,1,Jan,4,Tuesday,23,1,Night (22-5),9115,37.77,78.44,1.14,High Performer
POST_0911,2023-01-28 12:31:00,Twitter,Carousel,Promotion/Sale,14961,9800,995,112,91,0,253,2023-01-28,2023,1,Jan,4,Saturday,12,1,Afternoon (12-16),1198,12.22,65.5,1.69,Average
POST_0912,2023-10-11 09:17:00,Instagram,Video,Product Launch,120620,92991,20631,1352,1778,718,3439,2023-10-11,2023,10,Oct,41,Wednesday,9,4,Morning (6-11),24479,26.32,77.09,2.85,High Performer
POST_0913,2023-05-30 22:20:00,Facebook,Video,Behind the Scenes,38540,26313,6489,353,420,0,385,2023-05-30,2023,5,May,22,Tuesday,22,2,Night (22-5),7262,27.6,68.27,1.0,High Performer
POST_0914,2023-12-24 11:53:00,Twitter,Image,User Generated Content,3062,2269,203,26,7,0,56,2023-12-24,2023,12,Dec,51,Sunday,11,4,Morning (6-11),236,10.4,74.1,1.83,Average
POST_0915,2023-03-06 13:18:00,Facebook,Video,Product Launch,43538,34359,9530,892,796,0,789,2023-03-06,2023,3,Mar,10,Monday,13,1,Afternoon (12-16),11218,32.65,78.92,1.81,High Performer
POST_0916,2023-11-23 13:21:00,Twitter,Story,Tutorial,4440,3605,134,18,9,0,69,2023-11-23,2023,11,Nov,47,Thursday,13,4,Afternoon (12-16),161,4.47,81.19,1.55,Needs Improvement
POST_0917,2023-09-09 16:35:00,Facebook,Carousel,Promotion/Sale,7637,5645,888,140,29,0,96,2023-09-09,2023,9,Sep,36,Saturday,16,3,Afternoon (12-16),1057,18.72,73.92,1.26,Average
POST_0918,2023-02-22 20:36:00,Instagram,Carousel,Tutorial,73256,47784,4826,842,351,172,573,2023-02-22,2023,2,Feb,8,Wednesday,20,1,Evening (17-21),6191,12.96,65.23,0.78,Average
POST_0919,2023-01-07 17:08:00,Facebook,Reel,Product Launch,28466,25037,5820,435,385,0,932,2023-01-07,2023,1,Jan,1,Saturday,17,1,Evening (17-21),6640,26.52,87.95,3.27,High Performer
POST_0920,2023-10-21 19:36:00,Facebook,Reel,Tutorial,87639,58407,17831,2217,1667,0,798,2023-10-21,2023,10,Oct,42,Saturday,19,4,Evening (17-21),21715,37.18,66.64,0.91,High Performer
POST_0921,2023-05-26 07:54:00,Instagram,Image,User Generated Content,32578,25101,1374,118,72,105,463,2023-05-26,2023,5,May,21,Friday,7,2,Morning (6-11),1669,6.65,77.05,1.42,Needs Improvement
POST_0922,2023-08-29 12:31:00,Instagram,Story,Festive/Seasonal,16513,13504,643,72,52,46,388,2023-08-29,2023,8,Aug,35,Tuesday,12,3,Afternoon (12-16),813,6.02,81.78,2.35,Needs Improvement
POST_0923,2023-09-03 22:50:00,Facebook,Reel,Product Launch,30246,20662,6742,569,642,0,652,2023-09-03,2023,9,Sep,35,Sunday,22,3,Night (22-5),7953,38.49,68.31,2.16,High Performer
POST_0924,2023-08-14 08:21:00,Facebook,Story,Behind the Scenes,21172,14921,1013,132,84,0,195,2023-08-14,2023,8,Aug,33,Monday,8,3,Morning (6-11),1229,8.24,70.48,0.92,Needs Improvement
POST_0925,2023-06-24 08:57:00,Twitter,Reel,User Generated Content,34062,26072,5435,682,440,0,582,2023-06-24,2023,6,Jun,25,Saturday,8,2,Morning (6-11),6557,25.15,76.54,1.71,High Performer
POST_0926,2023-04-05 22:43:00,Instagram,Reel,Product Launch,36190,29850,9254,525,834,439,533,2023-04-05,2023,4,Apr,14,Wednesday,22,2,Night (22-5),11052,37.03,82.48,1.47,High Performer
POST_0927,2023-01-27 23:48:00,Facebook,Image,Behind the Scenes,12639,9410,1128,70,71,0,374,2023-01-27,2023,1,Jan,4,Friday,23,1,Night (22-5),1269,13.49,74.45,2.96,Average
POST_0928,2023-05-10 19:03:00,Twitter,Text,User Generated Content,4835,3397,163,13,9,0,113,2023-05-10,2023,5,May,19,Wednesday,19,2,Evening (17-21),185,5.45,70.26,2.34,Needs Improvement
POST_0929,2023-09-02 17:02:00,Instagram,Text,Promotion/Sale,8516,6796,287,33,20,15,167,2023-09-02,2023,9,Sep,35,Saturday,17,3,Evening (17-21),355,5.22,79.8,1.96,Needs Improvement
POST_0930,2023-02-28 17:06:00,Facebook,Image,User Generated Content,10159,7051,888,106,34,0,232,2023-02-28,2023,2,Feb,9,Tuesday,17,1,Evening (17-21),1028,14.58,69.41,2.28,Average
POST_0931,2023-02-03 12:40:00,Facebook,Story,Behind the Scenes,9385,6364,657,48,31,0,141,2023-02-03,2023,2,Feb,5,Friday,12,1,Afternoon (12-16),736,11.57,67.81,1.5,Average
POST_0932,2023-07-25 12:50:00,Facebook,Story,Behind the Scenes,9083,7708,530,38,25,0,194,2023-07-25,2023,7,Jul,30,Tuesday,12,3,Afternoon (12-16),593,7.69,84.86,2.14,Needs Improvement
POST_0933,2023-09-09 13:53:00,Facebook,Carousel,Behind the Scenes,26092,21621,4476,754,430,0,374,2023-09-09,2023,9,Sep,36,Saturday,13,3,Afternoon (12-16),5660,26.18,82.86,1.43,High Performer
POST_0934,2023-02-07 21:29:00,Facebook,Story,Festive/Seasonal,6668,4838,485,85,43,0,64,2023-02-07,2023,2,Feb,6,Tuesday,21,1,Evening (17-21),613,12.67,72.56,0.96,Average
POST_0935,2023-10-23 18:01:00,Facebook,Reel,Promotion/Sale,9467,7200,1006,121,54,0,174,2023-10-23,2023,10,Oct,43,Monday,18,4,Evening (17-21),1181,16.4,76.05,1.84,Average
POST_0936,2023-11-19 08:07:00,Twitter,Reel,Behind the Scenes,36720,31843,9471,1007,827,0,1183,2023-11-19,2023,11,Nov,46,Sunday,8,4,Morning (6-11),11305,35.5,86.72,3.22,High Performer
POST_0937,2023-12-18 14:59:00,Facebook,Reel,Promotion/Sale,30414,20126,6020,976,249,0,691,2023-12-18,2023,12,Dec,51,Monday,14,4,Afternoon (12-16),7245,36.0,66.17,2.27,High Performer
POST_0938,2023-01-28 13:54:00,Facebook,Reel,Tutorial,45519,39992,7834,1312,410,0,1062,2023-01-28,2023,1,Jan,4,Saturday,13,1,Afternoon (12-16),9556,23.89,87.86,2.33,High Performer
POST_0939,2023-03-19 21:10:00,Twitter,Text,User Generated Content,3489,2433,136,6,11,0,30,2023-03-19,2023,3,Mar,11,Sunday,21,1,Evening (17-21),153,6.29,69.73,0.86,Needs Improvement
POST_0940,2023-03-18 09:28:00,Facebook,Carousel,Tutorial,25604,19114,2710,260,142,0,743,2023-03-18,2023,3,Mar,11,Saturday,9,1,Morning (6-11),3112,16.28,74.65,2.9,Average
POST_0941,2023-10-16 09:29:00,Twitter,Carousel,Product Launch,14412,12520,1444,89,119,0,352,2023-10-16,2023,10,Oct,42,Monday,9,4,Morning (6-11),1652,13.19,86.87,2.44,Average
POST_0942,2023-06-05 19:00:00,Instagram,Carousel,Product Launch,49610,32910,3035,397,135,152,867,2023-06-05,2023,6,Jun,23,Monday,19,2,Evening (17-21),3719,11.3,66.34,1.75,Average
POST_0943,2023-02-13 04:27:00,Instagram,Carousel,Behind the Scenes,28646,23793,1980,126,127,58,936,2023-02-13,2023,2,Feb,7,Monday,4,1,Night (22-5),2291,9.63,83.06,3.27,Average
POST_0944,2023-05-08 01:12:00,Instagram,Reel,Promotion/Sale,20591,15893,3515,467,137,161,289,2023-05-08,2023,5,May,19,Monday,1,2,Night (22-5),4280,26.93,77.18,1.4,High Performer
POST_0945,2023-03-02 22:44:00,Instagram,Reel,Tutorial,18416,16421,4315,385,238,103,651,2023-03-02,2023,3,Mar,9,Thursday,22,1,Night (22-5),5041,30.7,89.17,3.53,High Performer
POST_0946,2023-10-13 02:58:00,Instagram,Reel,Festive/Seasonal,13641,11100,2678,464,126,139,271,2023-10-13,2023,10,Oct,41,Friday,2,4,Night (22-5),3407,30.69,81.37,1.99,High Performer
POST_0947,2023-08-02 21:08:00,Instagram,Story,Product Launch,13225,9305,829,61,58,27,333,2023-08-02,2023,8,Aug,31,Wednesday,21,3,Evening (17-21),975,10.48,70.36,2.52,Average
POST_0948,2023-11-07 16:56:00,Instagram,Reel,Behind the Scenes,55981,43644,9522,765,318,343,1293,2023-11-07,2023,11,Nov,45,Tuesday,16,4,Afternoon (12-16),10948,25.08,77.96,2.31,High Performer
POST_0949,2023-11-02 19:41:00,Facebook,Story,User Generated Content,15035,12380,881,102,42,0,292,2023-11-02,2023,11,Nov,44,Thursday,19,4,Evening (17-21),1025,8.28,82.34,1.94,Needs Improvement
POST_0950,2023-11-13 07:19:00,Twitter,Image,Promotion/Sale,10528,8703,1203,111,39,0,216,2023-11-13,2023,11,Nov,46,Monday,7,4,Morning (6-11),1353,15.55,82.67,2.05,Average
POST_0951,2023-04-26 20:10:00,Facebook,Carousel,Promotion/Sale,29716,26632,5544,419,506,0,829,2023-04-26,2023,4,Apr,17,Wednesday,20,2,Evening (17-21),6469,24.29,89.62,2.79,High Performer
POST_0952,2023-09-25 07:55:00,Instagram,Reel,User Generated Content,78741,61823,21359,2401,1198,1059,1692,2023-09-25,2023,9,Sep,39,Monday,7,3,Morning (6-11),26017,42.08,78.51,2.15,High Performer
POST_0953,2023-07-14 13:59:00,Instagram,Image,Promotion/Sale,14379,11518,686,41,45,30,318,2023-07-14,2023,7,Jul,28,Friday,13,3,Afternoon (12-16),802,6.96,80.1,2.21,Needs Improvement
POST_0954,2023-08-19 07:56:00,Facebook,Image,Festive/Seasonal,13170,9979,646,115,44,0,305,2023-08-19,2023,8,Aug,33,Saturday,7,3,Morning (6-11),805,8.07,75.77,2.32,Needs Improvement
POST_0955,2023-08-15 03:17:00,Instagram,Reel,Festive/Seasonal,48228,34799,8229,1106,261,564,908,2023-08-15,2023,8,Aug,33,Tuesday,3,3,Night (22-5),10160,29.2,72.16,1.88,High Performer
POST_0956,2023-06-02 19:05:00,Facebook,Reel,Promotion/Sale,37245,24782,4203,699,327,0,433,2023-06-02,2023,6,Jun,22,Friday,19,2,Evening (17-21),5229,21.1,66.54,1.16,Average
POST_0957,2023-10-29 07:41:00,Instagram,Image,Promotion/Sale,34079,25597,2122,165,163,166,390,2023-10-29,2023,10,Oct,43,Sunday,7,4,Morning (6-11),2616,10.22,75.11,1.14,Average
POST_0958,2023-08-08 01:23:00,Instagram,Text,Promotion/Sale,6765,5114,232,19,20,11,134,2023-08-08,2023,8,Aug,32,Tuesday,1,3,Night (22-5),282,5.51,75.59,1.98,Needs Improvement
POST_0959,2023-06-06 21:16:00,Facebook,Video,Tutorial,19304,15993,2494,348,142,0,359,2023-06-06,2023,6,Jun,23,Tuesday,21,2,Evening (17-21),2984,18.66,82.85,1.86,Average
POST_0961,2023-11-14 07:23:00,Facebook,Reel,Product Launch,31708,22277,2982,496,133,0,374,2023-11-14,2023,11,Nov,46,Tuesday,7,4,Morning (6-11),3611,16.21,70.26,1.18,Average
POST_0962,2023-01-31 03:42:00,Instagram,Carousel,Product Launch,9359,6381,1046,62,41,61,128,2023-01-31,2023,1,Jan,5,Tuesday,3,1,Night (22-5),1210,18.96,68.18,1.37,Average
POST_0963,2023-11-09 08:57:00,Facebook,Reel,Product Launch,41731,33915,5350,640,324,0,611,2023-11-09,2023,11,Nov,45,Thursday,8,4,Morning (6-11),6314,18.62,81.27,1.46,Average
POST_0965,2023-04-17 17:10:00,Facebook,Reel,Promotion/Sale,19246,14281,3193,318,282,0,421,2023-04-17,2023,4,Apr,16,Monday,17,2,Evening (17-21),3793,26.56,74.2,2.19,High Performer
POST_0966,2023-11-17 04:03:00,Facebook,Text,Product Launch,4662,3419,216,11,19,0,86,2023-11-17,2023,11,Nov,46,Friday,4,4,Night (22-5),246,7.2,73.34,1.84,Needs Improvement
POST_0967,2023-04-19 22:25:00,Facebook,Image,Tutorial,10443,6821,898,97,48,0,96,2023-04-19,2023,4,Apr,16,Wednesday,22,2,Night (22-5),1043,15.29,65.32,0.92,Average
POST_0968,2023-05-16 23:40:00,Facebook,Carousel,Festive/Seasonal,6079,4705,612,84,36,0,182,2023-05-16,2023,5,May,20,Tuesday,23,2,Night (22-5),732,15.56,77.4,2.99,Average
POST_0969,2023-12-05 05:19:00,Instagram,Carousel,User Generated Content,13193,9885,1191,147,107,29,120,2023-12-05,2023,12,Dec,49,Tuesday,5,4,Night (22-5),1474,14.91,74.93,0.91,Average
POST_0970,2023-02-11 16:46:00,Instagram,Video,Festive/Seasonal,47408,33337,8727,1052,770,240,463,2023-02-11,2023,2,Feb,6,Saturday,16,1,Afternoon (12-16),10789,32.36,70.32,0.98,High Performer
POST_0971,2023-03-22 21:44:00,Instagram,Video,Behind the Scenes,71525,52337,12974,2218,1149,1034,558,2023-03-22,2023,3,Mar,12,Wednesday,21,1,Evening (17-21),17375,33.2,73.17,0.78,High Performer
POST_0972,2023-05-03 12:48:00,Facebook,Image,Behind the Scenes,8228,6601,836,72,39,0,221,2023-05-03,2023,5,May,18,Wednesday,12,2,Afternoon (12-16),947,14.35,80.23,2.69,Average
POST_0973,2023-03-30 16:14:00,Facebook,Story,Promotion/Sale,6450,5096,450,43,32,0,140,2023-03-30,2023,3,Mar,13,Thursday,16,1,Afternoon (12-16),525,10.3,79.01,2.17,Average
POST_0974,2023-10-10 19:27:00,Twitter,Carousel,Product Launch,15289,12385,1354,82,51,0,207,2023-10-10,2023,10,Oct,41,Tuesday,19,4,Evening (17-21),1487,12.01,81.01,1.35,Average
POST_0975,2023-02-08 08:41:00,Instagram,Story,Product Launch,35141,29773,1824,187,104,57,352,2023-02-08,2023,2,Feb,6,Wednesday,8,1,Morning (6-11),2172,7.3,84.72,1.0,Needs Improvement
POST_0976,2023-03-22 08:05:00,Facebook,Story,Promotion/Sale,16771,15048,722,40,61,0,264,2023-03-22,2023,3,Mar,12,Wednesday,8,1,Morning (6-11),823,5.47,89.73,1.57,Needs Improvement
POST_0977,2023-01-02 02:45:00,Instagram,Image,Promotion/Sale,22461,16895,1884,208,139,88,264,2023-01-02,2023,1,Jan,1,Monday,2,1,Night (22-5),2319,13.73,75.22,1.18,Average
POST_0978,2023-07-29 19:06:00,Twitter,Video,Behind the Scenes,29804,23311,6843,996,523,0,312,2023-07-29,2023,7,Jul,30,Saturday,19,3,Evening (17-21),8362,35.87,78.21,1.05,High Performer
POST_0979,2023-08-19 16:00:00,Twitter,Carousel,Behind the Scenes,10444,9190,734,115,23,0,193,2023-08-19,2023,8,Aug,33,Saturday,16,3,Afternoon (12-16),872,9.49,87.99,1.85,Average
POST_0980,2023-12-19 07:13:00,Instagram,Image,Festive/Seasonal,43271,29728,3556,181,148,195,934,2023-12-19,2023,12,Dec,51,Tuesday,7,4,Morning (6-11),4080,13.72,68.7,2.16,Average
POST_0981,2023-11-01 19:30:00,Instagram,Carousel,Tutorial,57334,42919,3098,203,208,187,966,2023-11-01,2023,11,Nov,44,Wednesday,19,4,Evening (17-21),3696,8.61,74.86,1.68,Needs Improvement
POST_0982,2023-08-29 20:04:00,Facebook,Story,Promotion/Sale,21183,16532,683,51,60,0,524,2023-08-29,2023,8,Aug,35,Tuesday,20,3,Evening (17-21),794,4.8,78.04,2.47,Needs Improvement
POST_0983,2023-05-30 01:08:00,Facebook,Reel,Product Launch,17097,13593,4885,447,375,0,212,2023-05-30,2023,5,May,22,Tuesday,1,2,Night (22-5),5707,41.98,79.51,1.24,High Performer
POST_0984,2023-01-17 21:37:00,Instagram,Reel,Product Launch,70035,51413,9360,849,397,693,1126,2023-01-17,2023,1,Jan,3,Tuesday,21,1,Evening (17-21),11299,21.98,73.41,1.61,Average
POST_0985,2023-04-29 10:14:00,Facebook,Image,Tutorial,6476,5414,764,81,68,0,146,2023-04-29,2023,4,Apr,17,Saturday,10,2,Morning (6-11),913,16.86,83.6,2.25,Average
POST_0986,2023-05-28 20:33:00,Facebook,Video,Tutorial,18909,15555,3531,475,325,0,361,2023-05-28,2023,5,May,21,Sunday,20,2,Evening (17-21),4331,27.84,82.26,1.91,High Performer
POST_0987,2023-12-28 21:43:00,Instagram,Video,Behind the Scenes,73067,58512,10820,1924,830,244,1158,2023-12-28,2023,12,Dec,52,Thursday,21,4,Evening (17-21),13818,23.62,80.08,1.58,Average
POST_0988,2023-05-25 01:28:00,Facebook,Reel,Product Launch,29156,19362,2596,281,138,0,448,2023-05-25,2023,5,May,21,Thursday,1,2,Night (22-5),3015,15.57,66.41,1.54,Average
POST_0989,2023-12-26 20:00:00,Instagram,Image,User Generated Content,31732,24707,1660,151,118,40,356,2023-12-26,2023,12,Dec,52,Tuesday,20,4,Evening (17-21),1969,7.97,77.86,1.12,Needs Improvement
POST_0990,2023-08-21 19:00:00,Instagram,Text,User Generated Content,6621,5648,339,50,27,20,137,2023-08-21,2023,8,Aug,34,Monday,19,3,Evening (17-21),436,7.72,85.3,2.07,Needs Improvement
POST_0991,2023-02-06 06:44:00,Twitter,Reel,Tutorial,13412,11326,2900,279,143,0,331,2023-02-06,2023,2,Feb,6,Monday,6,1,Morning (6-11),3322,29.33,84.45,2.47,High Performer
POST_0992,2023-12-18 19:21:00,Instagram,Image,Festive/Seasonal,38050,33017,2669,400,184,194,852,2023-12-18,2023,12,Dec,51,Monday,19,4,Evening (17-21),3447,10.44,86.77,2.24,Average
POST_0993,2023-04-30 20:52:00,Twitter,Story,Product Launch,16083,14332,591,33,56,0,371,2023-04-30,2023,4,Apr,17,Sunday,20,2,Evening (17-21),680,4.74,89.11,2.31,Needs Improvement
POST_0995,2023-11-17 01:55:00,Instagram,Reel,Product Launch,20154,17539,3397,431,324,206,393,2023-11-17,2023,11,Nov,46,Friday,1,4,Night (22-5),4358,24.85,87.02,1.95,High Performer
POST_0996,2023-10-29 08:27:00,Instagram,Image,Product Launch,33425,24600,1835,329,151,107,508,2023-10-29,2023,10,Oct,43,Sunday,8,4,Morning (6-11),2422,9.85,73.6,1.52,Average
POST_0997,2023-12-05 14:44:00,Instagram,Video,Product Launch,72419,62294,7443,727,346,348,758,2023-12-05,2023,12,Dec,49,Tuesday,14,4,Afternoon (12-16),8864,14.23,86.02,1.05,Average
POST_0998,2023-04-12 21:08:00,Instagram,Story,User Generated Content,37283,26314,2694,283,266,143,997,2023-04-12,2023,4,Apr,15,Wednesday,21,2,Evening (17-21),3386,12.87,70.58,2.67,Average
POST_0999,2023-08-06 08:30:00,Instagram,Image,User Generated Content,44481,34944,3446,235,103,236,441,2023-08-06,2023,8,Aug,31,Sunday,8,3,Morning (6-11),4020,11.5,78.56,0.99,Average
POST_1000,2023-02-28 11:04:00,Twitter,Reel,Behind the Scenes,12075,10609,1924,262,68,0,298,2023-02-28,2023,2,Feb,9,Tuesday,11,1,Morning (6-11),2254,21.25,87.86,2.47,Average
POST_1001,2023-10-06 15:14:00,Instagram,Image,Promotion/Sale,11101,8501,897,64,73,34,253,2023-10-06,2023,10,Oct,40,Friday,15,4,Afternoon (12-16),1068,12.56,76.58,2.28,Average
POST_1002,2023-04-26 13:24:00,Instagram,Video,Product Launch,26684,21935,3086,324,145,200,391,2023-04-26,2023,4,Apr,17,Wednesday,13,2,Afternoon (12-16),3755,17.12,82.2,1.47,Average
POST_1003,2023-11-28 21:05:00,Twitter,Carousel,Product Launch,8941,6686,1168,158,86,0,123,2023-11-28,2023,11,Nov,48,Tuesday,21,4,Evening (17-21),1412,21.12,74.78,1.38,Average
POST_1004,2023-03-18 04:46:00,Instagram,Video,Promotion/Sale,19855,13416,3663,423,291,127,264,2023-03-18,2023,3,Mar,11,Saturday,4,1,Night (22-5),4504,33.57,67.57,1.33,High Performer
POST_1005,2023-05-17 12:51:00,Twitter,Image,Behind the Scenes,14569,11357,1041,56,95,0,118,2023-05-17,2023,5,May,20,Wednesday,12,2,Afternoon (12-16),1192,10.5,77.95,0.81,Average
POST_1006,2023-03-14 07:06:00,Facebook,Carousel,User Generated Content,41080,31726,3846,654,121,0,870,2023-03-14,2023,3,Mar,11,Tuesday,7,1,Morning (6-11),4621,14.57,77.23,2.12,Average
POST_1007,2023-02-06 20:06:00,Facebook,Reel,Tutorial,34640,28164,8847,443,845,0,420,2023-02-06,2023,2,Feb,6,Monday,20,1,Evening (17-21),10135,35.99,81.3,1.21,High Performer
POST_1008,2023-01-31 08:20:00,Facebook,Image,Festive/Seasonal,14421,10323,532,35,52,0,200,2023-01-31,2023,1,Jan,5,Tuesday,8,1,Morning (6-11),619,6.0,71.58,1.39,Needs Improvement
POST_1009,2023-03-26 18:23:00,Twitter,Reel,Promotion/Sale,10218,6695,1239,71,46,0,153,2023-03-26,2023,3,Mar,12,Sunday,18,1,Evening (17-21),1356,20.25,65.52,1.5,Average
POST_1010,2023-06-07 15:56:00,Instagram,Carousel,User Generated Content,14616,11385,1235,212,115,66,234,2023-06-07,2023,6,Jun,23,Wednesday,15,2,Afternoon (12-16),1628,14.3,77.89,1.6,Average
POST_1011,2023-11-01 18:19:00,Facebook,Video,User Generated Content,19311,14732,4477,773,239,0,395,2023-11-01,2023,11,Nov,44,Wednesday,18,4,Evening (17-21),5489,37.26,76.29,2.05,High Performer
POST_1012,2023-10-19 00:08:00,Facebook,Image,Product Launch,2926,2048,179,13,16,0,30,2023-10-19,2023,10,Oct,42,Thursday,0,4,Night (22-5),208,10.16,69.99,1.03,Average
POST_1013,2023-05-28 08:24:00,Instagram,Image,Promotion/Sale,53856,40164,5278,653,320,126,961,2023-05-28,2023,5,May,21,Sunday,8,2,Morning (6-11),6377,15.88,74.58,1.78,Average
POST_1014,2023-08-13 08:49:00,Facebook,Image,Promotion/Sale,22676,18223,2330,266,89,0,189,2023-08-13,2023,8,Aug,32,Sunday,8,3,Morning (6-11),2685,14.73,80.36,0.83,Average
POST_1015,2023-03-05 16:52:00,Facebook,Reel,User Generated Content,38581,27930,7119,745,418,0,473,2023-03-05,2023,3,Mar,9,Sunday,16,1,Afternoon (12-16),8282,29.65,72.39,1.23,High Performer
POST_1016,2023-08-28 06:48:00,Twitter,Image,Promotion/Sale,2089,1460,77,5,2,0,42,2023-08-28,2023,8,Aug,35,Monday,6,3,Morning (6-11),84,5.75,69.89,2.01,Needs Improvement
POST_1017,2023-12-19 14:55:00,Facebook,Video,Festive/Seasonal,26029,16973,5091,275,487,0,623,2023-12-19,2023,12,Dec,51,Tuesday,14,4,Afternoon (12-16),5853,34.48,65.21,2.39,High Performer
POST_1018,2023-06-05 15:08:00,Facebook,Video,Behind the Scenes,16748,13162,3401,341,256,0,149,2023-06-05,2023,6,Jun,23,Monday,15,2,Afternoon (12-16),3998,30.38,78.59,0.89,High Performer
POST_1019,2023-12-25 09:41:00,Instagram,Video,Promotion/Sale,73815,64363,8717,1368,389,380,1254,2023-12-25,2023,12,Dec,52,Monday,9,4,Morning (6-11),10854,16.86,87.2,1.7,Average
POST_1020,2023-07-26 10:43:00,Facebook,Reel,Product Launch,17970,12356,3174,489,193,0,305,2023-07-26,2023,7,Jul,30,Wednesday,10,3,Morning (6-11),3856,31.21,68.76,1.7,High Performer
POST_1021,2023-05-20 08:09:00,Instagram,Image,Promotion/Sale,32684,23350,3104,388,141,112,796,2023-05-20,2023,5,May,20,Saturday,8,2,Morning (6-11),3745,16.04,71.44,2.44,Average
POST_1022,2023-09-14 09:04:00,Instagram,Carousel,Festive/Seasonal,23793,21366,1939,297,111,96,778,2023-09-14,2023,9,Sep,37,Thursday,9,3,Morning (6-11),2443,11.43,89.8,3.27,Average
POST_1023,2023-10-04 03:33:00,Twitter,Story,Festive/Seasonal,1959,1274,68,9,2,0,17,2023-10-04,2023,10,Oct,40,Wednesday,3,4,Night (22-5),79,6.2,65.03,0.87,Needs Improvement
POST_1024,2023-09-10 23:36:00,Facebook,Reel,Festive/Seasonal,11055,8976,2785,203,99,0,342,2023-09-10,2023,9,Sep,36,Sunday,23,3,Night (22-5),3087,34.39,81.19,3.09,High Performer
POST_1025,2023-08-13 12:00:00,Instagram,Story,Tutorial,27649,23311,1122,175,94,62,468,2023-08-13,2023,8,Aug,32,Sunday,12,3,Afternoon (12-16),1453,6.23,84.31,1.69,Needs Improvement
POST_1026,2023-02-11 21:39:00,Instagram,Reel,Promotion/Sale,52511,35732,9236,1164,509,448,746,2023-02-11,2023,2,Feb,6,Saturday,21,1,Evening (17-21),11357,31.78,68.05,1.42,High Performer
POST_1027,2023-11-03 00:41:00,Twitter,Story,Behind the Scenes,2435,1814,83,10,6,0,68,2023-11-03,2023,11,Nov,44,Friday,0,4,Night (22-5),99,5.46,74.5,2.79,Needs Improvement
POST_1028,2023-01-21 09:10:00,Facebook,Carousel,Promotion/Sale,23400,20768,1684,216,57,0,764,2023-01-21,2023,1,Jan,3,Saturday,9,1,Morning (6-11),1957,9.42,88.75,3.26,Average
POST_1029,2023-08-10 11:28:00,Instagram,Reel,Product Launch,69389,47710,6578,1080,342,182,1147,2023-08-10,2023,8,Aug,32,Thursday,11,3,Morning (6-11),8182,17.15,68.76,1.65,Average
POST_1030,2023-06-15 07:22:00,Facebook,Story,Festive/Seasonal,18114,11914,664,36,39,0,439,2023-06-15,2023,6,Jun,24,Thursday,7,2,Morning (6-11),739,6.2,65.77,2.42,Needs Improvement
POST_1031,2023-11-06 08:46:00,Facebook,Story,Festive/Seasonal,17264,14490,1285,182,56,0,236,2023-11-06,2023,11,Nov,45,Monday,8,4,Morning (6-11),1523,10.51,83.93,1.37,Average
POST_1032,2023-05-09 14:13:00,Facebook,Text,Tutorial,9373,6607,297,45,25,0,155,2023-05-09,2023,5,May,19,Tuesday,14,2,Afternoon (12-16),367,5.55,70.49,1.65,Needs Improvement
POST_1033,2023-01-14 14:40:00,Instagram,Carousel,User Generated Content,44417,31407,3500,318,133,127,511,2023-01-14,2023,1,Jan,2,Saturday,14,1,Afternoon (12-16),4078,12.98,70.71,1.15,Average
POST_1034,2023-02-16 07:47:00,Instagram,Reel,Tutorial,82975,72778,11262,1617,879,289,2742,2023-02-16,2023,2,Feb,7,Thursday,7,1,Morning (6-11),14047,19.3,87.71,3.3,Average
POST_1035,2023-04-28 09:09:00,Instagram,Carousel,Promotion/Sale,36219,25872,4446,245,394,208,752,2023-04-28,2023,4,Apr,17,Friday,9,2,Morning (6-11),5293,20.46,71.43,2.08,Average
POST_1036,2023-12-12 07:58:00,Facebook,Reel,Behind the Scenes,42777,35045,11413,1272,835,0,830,2023-12-12,2023,12,Dec,50,Tuesday,7,4,Morning (6-11),13520,38.58,81.92,1.94,High Performer
POST_1037,2023-10-22 16:26:00,Twitter,Reel,Tutorial,17749,15092,3517,281,205,0,524,2023-10-22,2023,10,Oct,42,Sunday,16,4,Afternoon (12-16),4003,26.52,85.03,2.95,High Performer
POST_1038,2023-10-28 11:39:00,Instagram,Image,User Generated Content,10643,8313,1042,99,78,36,110,2023-10-28,2023,10,Oct,43,Saturday,11,4,Morning (6-11),1255,15.1,78.11,1.03,Average
POST_1039,2023-01-11 05:43:00,Instagram,Video,Tutorial,21887,18905,3584,632,353,129,212,2023-01-11,2023,1,Jan,2,Wednesday,5,1,Night (22-5),4698,24.85,86.38,0.97,High Performer
POST_1040,2023-12-11 17:28:00,Twitter,Video,Tutorial,13969,10654,1433,203,46,0,384,2023-12-11,2023,12,Dec,50,Monday,17,4,Evening (17-21),1682,15.79,76.27,2.75,Average
POST_1041,2023-05-18 21:55:00,Instagram,Reel,Behind the Scenes,84504,62032,11663,1311,800,675,1098,2023-05-18,2023,5,May,20,Thursday,21,2,Evening (17-21),14449,23.29,73.41,1.3,Average
POST_1042,2023-10-23 21:13:00,Facebook,Reel,Promotion/Sale,93023,64412,24167,1255,1538,0,1288,2023-10-23,2023,10,Oct,43,Monday,21,4,Evening (17-21),26960,41.86,69.24,1.38,High Performer
POST_1043,2023-01-21 19:05:00,Instagram,Story,Product Launch,29908,22542,2000,278,176,69,637,2023-01-21,2023,1,Jan,3,Saturday,19,1,Evening (17-21),2523,11.19,75.37,2.13,Average
POST_1044,2023-03-31 17:57:00,Instagram,Reel,Tutorial,26871,19949,5035,457,201,165,262,2023-03-31,2023,3,Mar,13,Friday,17,1,Evening (17-21),5858,29.36,74.24,0.98,High Performer
POST_1045,2023-08-29 15:06:00,Facebook,Image,Tutorial,16630,13843,733,120,66,0,322,2023-08-29,2023,8,Aug,35,Tuesday,15,3,Afternoon (12-16),919,6.64,83.24,1.94,Needs Improvement
POST_1046,2023-09-23 21:08:00,Instagram,Story,Tutorial,31393,28065,2085,349,74,65,651,2023-09-23,2023,9,Sep,38,Saturday,21,3,Evening (17-21),2573,9.17,89.4,2.07,Needs Improvement
POST_1048,2023-08-15 07:07:00,Facebook,Image,Promotion/Sale,21384,17867,2179,250,111,0,700,2023-08-15,2023,8,Aug,33,Tuesday,7,3,Morning (6-11),2540,14.22,83.55,3.27,Average
POST_1049,2023-05-23 22:37:00,Facebook,Reel,Festive/Seasonal,13961,11626,2208,159,148,0,217,2023-05-23,2023,5,May,21,Tuesday,22,2,Night (22-5),2515,21.63,83.27,1.55,Average
POST_1050,2023-04-03 12:46:00,Facebook,Video,Behind the Scenes,54812,37243,9635,836,289,0,514,2023-04-03,2023,4,Apr,14,Monday,12,2,Afternoon (12-16),10760,28.89,67.95,0.94,High Performer
POST_1051,2023-10-27 11:24:00,Instagram,Text,Tutorial,8579,7658,321,44,11,14,298,2023-10-27,2023,10,Oct,43,Friday,11,4,Morning (6-11),390,5.09,89.26,3.47,Needs Improvement
POST_1052,2023-08-12 23:22:00,Instagram,Reel,Festive/Seasonal,31716,22897,3635,514,273,154,882,2023-08-12,2023,8,Aug,32,Saturday,23,3,Night (22-5),4576,19.99,72.19,2.78,Average
POST_1053,2023-11-22 09:27:00,Facebook,Story,Tutorial,10129,7936,756,47,72,0,268,2023-11-22,2023,11,Nov,47,Wednesday,9,4,Morning (6-11),875,11.03,78.35,2.65,Average
POST_1054,2023-09-09 17:20:00,Instagram,Reel,Festive/Seasonal,24173,20015,4534,463,384,352,276,2023-09-09,2023,9,Sep,36,Saturday,17,3,Evening (17-21),5733,28.64,82.8,1.14,High Performer
POST_1055,2023-02-16 21:50:00,Instagram,Image,Festive/Seasonal,22513,16677,884,122,53,28,575,2023-02-16,2023,2,Feb,7,Thursday,21,1,Evening (17-21),1087,6.52,74.08,2.55,Needs Improvement
POST_1056,2023-08-29 19:08:00,Instagram,Image,Promotion/Sale,19635,15150,1161,154,58,39,483,2023-08-29,2023,8,Aug,35,Tuesday,19,3,Evening (17-21),1412,9.32,77.16,2.46,Needs Improvement
POST_1057,2023-06-28 19:15:00,Twitter,Story,Festive/Seasonal,4727,4178,306,29,27,0,91,2023-06-28,2023,6,Jun,26,Wednesday,19,2,Evening (17-21),362,8.66,88.39,1.93,Needs Improvement
POST_1058,2023-07-29 20:17:00,Facebook,Carousel,Tutorial,22015,15450,1952,177,151,0,288,2023-07-29,2023,7,Jul,30,Saturday,20,3,Evening (17-21),2280,14.76,70.18,1.31,Average
POST_1059,2023-06-20 19:41:00,Facebook,Image,Product Launch,10919,8209,1132,112,86,0,144,2023-06-20,2023,6,Jun,25,Tuesday,19,2,Evening (17-21),1330,16.2,75.18,1.32,Average
POST_1060,2023-06-14 17:05:00,Facebook,Reel,Promotion/Sale,13316,8850,1824,128,76,0,290,2023-06-14,2023,6,Jun,24,Wednesday,17,2,Evening (17-21),2028,22.92,66.46,2.18,Average
POST_1061,2023-12-10 14:15:00,Instagram,Carousel,Promotion/Sale,29317,22768,3484,316,176,222,822,2023-12-10,2023,12,Dec,49,Sunday,14,4,Afternoon (12-16),4198,18.44,77.66,2.8,Average
POST_1062,2023-02-23 19:35:00,Facebook,Image,Tutorial,11922,8040,1078,102,73,0,167,2023-02-23,2023,2,Feb,8,Thursday,19,1,Evening (17-21),1253,15.58,67.44,1.4,Average
POST_1063,2023-03-24 13:38:00,Instagram,Image,User Generated Content,24475,17150,1567,240,111,40,453,2023-03-24,2023,3,Mar,12,Friday,13,1,Afternoon (12-16),1958,11.42,70.07,1.85,Average
POST_1064,2023-06-18 13:38:00,Facebook,Carousel,Promotion/Sale,22581,19152,3113,217,248,0,580,2023-06-18,2023,6,Jun,24,Sunday,13,2,Afternoon (12-16),3578,18.68,84.81,2.57,Average
POST_1065,2023-07-30 09:46:00,Twitter,Reel,Product Launch,22720,18570,3404,431,319,0,630,2023-07-30,2023,7,Jul,30,Sunday,9,3,Morning (6-11),4154,22.37,81.73,2.77,Average
POST_1066,2023-12-22 21:38:00,Instagram,Video,Tutorial,98636,88242,10094,1321,594,722,1549,2023-12-22,2023,12,Dec,51,Friday,21,4,Evening (17-21),12731,14.43,89.46,1.57,Average
POST_1067,2023-09-11 03:18:00,Twitter,Image,Promotion/Sale,6452,4331,284,42,8,0,149,2023-09-11,2023,9,Sep,37,Monday,3,3,Night (22-5),334,7.71,67.13,2.31,Needs Improvement
POST_1068,2023-05-28 20:49:00,Twitter,Carousel,Festive/Seasonal,7032,5726,713,92,56,0,116,2023-05-28,2023,5,May,21,Sunday,20,2,Evening (17-21),861,15.04,81.43,1.65,Average
POST_1069,2023-12-06 21:44:00,Facebook,Story,Promotion/Sale,21817,16961,1126,114,35,0,340,2023-12-06,2023,12,Dec,49,Wednesday,21,4,Evening (17-21),1275,7.52,77.74,1.56,Needs Improvement
POST_1070,2023-07-25 06:01:00,Instagram,Reel,Festive/Seasonal,83596,72593,15413,1948,1376,716,765,2023-07-25,2023,7,Jul,30,Tuesday,6,3,Morning (6-11),19453,26.8,86.84,0.92,High Performer
POST_1071,2023-10-09 13:54:00,Twitter,Reel,Behind the Scenes,33900,27909,4079,304,342,0,983,2023-10-09,2023,10,Oct,41,Monday,13,4,Afternoon (12-16),4725,16.93,82.33,2.9,Average
POST_1072,2023-01-19 05:54:00,Instagram,Reel,Tutorial,33801,27416,3708,584,315,131,857,2023-01-19,2023,1,Jan,3,Thursday,5,1,Night (22-5),4738,17.28,81.11,2.54,Average
POST_1073,2023-08-21 20:42:00,Facebook,Image,Behind the Scenes,14517,10954,1060,118,51,0,119,2023-08-21,2023,8,Aug,34,Monday,20,3,Evening (17-21),1229,11.22,75.46,0.82,Average
POST_1074,2023-02-15 11:56:00,Instagram,Reel,Behind the Scenes,35821,26827,5485,892,451,391,666,2023-02-15,2023,2,Feb,7,Wednesday,11,1,Morning (6-11),7219,26.91,74.89,1.86,High Performer
POST_1075,2023-06-11 17:19:00,Facebook,Reel,Festive/Seasonal,16434,12494,1807,284,70,0,463,2023-06-11,2023,6,Jun,23,Sunday,17,2,Evening (17-21),2161,17.3,76.03,2.82,Average
POST_1076,2023-05-10 18:13:00,Instagram,Carousel,Tutorial,24255,18582,3329,434,287,152,623,2023-05-10,2023,5,May,19,Wednesday,18,2,Evening (17-21),4202,22.61,76.61,2.57,Average
POST_1077,2023-06-15 12:33:00,Instagram,Carousel,Behind the Scenes,38122,29188,5401,846,371,166,701,2023-06-15,2023,6,Jun,24,Thursday,12,2,Afternoon (12-16),6784,23.24,76.56,1.84,Average
POST_1078,2023-03-01 21:38:00,Instagram,Image,Tutorial,46665,39116,4923,267,308,289,1365,2023-03-01,2023,3,Mar,9,Wednesday,21,1,Evening (17-21),5787,14.79,83.82,2.93,Average
POST_1079,2023-07-26 11:32:00,Instagram,Reel,Tutorial,19933,14361,3789,214,155,260,200,2023-07-26,2023,7,Jul,30,Wednesday,11,3,Morning (6-11),4418,30.76,72.05,1.0,High Performer
POST_1080,2023-09-21 01:12:00,Instagram,Reel,Promotion/Sale,25053,19124,4979,743,305,335,545,2023-09-21,2023,9,Sep,38,Thursday,1,3,Night (22-5),6362,33.27,76.33,2.18,High Performer
POST_1081,2023-01-01 04:47:00,Twitter,Text,Promotion/Sale,1810,1439,61,4,2,0,39,2023-01-01,2023,1,Jan,52,Sunday,4,1,Night (22-5),67,4.66,79.5,2.15,Needs Improvement
POST_1082,2023-12-03 10:25:00,Twitter,Reel,User Generated Content,8599,6696,1149,156,103,0,118,2023-12-03,2023,12,Dec,48,Sunday,10,4,Morning (6-11),1408,21.03,77.87,1.37,Average
POST_1083,2023-10-05 13:18:00,Instagram,Image,Promotion/Sale,19764,15786,894,115,32,69,496,2023-10-05,2023,10,Oct,40,Thursday,13,4,Afternoon (12-16),1110,7.03,79.87,2.51,Needs Improvement
POST_1084,2023-08-25 13:41:00,Instagram,Carousel,Promotion/Sale,45710,37757,5924,642,533,458,942,2023-08-25,2023,8,Aug,34,Friday,13,3,Afternoon (12-16),7557,20.01,82.6,2.06,Average
POST_1085,2023-07-31 16:03:00,Instagram,Carousel,Festive/Seasonal,21324,16283,1663,83,78,84,348,2023-07-31,2023,7,Jul,31,Monday,16,3,Afternoon (12-16),1908,11.72,76.36,1.63,Average
POST_1086,2023-01-28 08:50:00,Instagram,Carousel,Tutorial,48557,43466,5321,578,209,121,1445,2023-01-28,2023,1,Jan,4,Saturday,8,1,Morning (6-11),6229,14.33,89.52,2.98,Average
POST_1087,2023-04-07 00:57:00,Instagram,Carousel,Promotion/Sale,14992,11888,1290,102,39,35,229,2023-04-07,2023,4,Apr,14,Friday,0,2,Night (22-5),1466,12.33,79.3,1.53,Average
POST_1088,2023-09-23 07:50:00,Instagram,Text,Festive/Seasonal,8839,7923,307,20,13,16,94,2023-09-23,2023,9,Sep,38,Saturday,7,3,Morning (6-11),356,4.49,89.64,1.06,Needs Improvement
POST_1089,2023-07-05 00:15:00,Instagram,Story,Festive/Seasonal,3966,3213,211,17,9,12,72,2023-07-05,2023,7,Jul,27,Wednesday,0,3,Night (22-5),249,7.75,81.01,1.82,Needs Improvement
POST_1090,2023-11-15 07:31:00,Facebook,Image,User Generated Content,8450,6948,710,114,27,0,233,2023-11-15,2023,11,Nov,46,Wednesday,7,4,Morning (6-11),851,12.25,82.22,2.76,Average
POST_1091,2023-09-13 02:24:00,Instagram,Reel,Product Launch,37003,28136,10407,711,780,446,1088,2023-09-13,2023,9,Sep,37,Wednesday,2,3,Night (22-5),12344,43.87,76.04,2.94,High Performer
POST_1092,2023-11-17 10:07:00,Facebook,Story,Tutorial,5621,5005,505,43,43,0,199,2023-11-17,2023,11,Nov,46,Friday,10,4,Morning (6-11),591,11.81,89.04,3.54,Average
POST_1093,2023-08-15 17:15:00,Instagram,Image,Product Launch,12449,9009,445,34,22,20,136,2023-08-15,2023,8,Aug,33,Tuesday,17,3,Evening (17-21),521,5.78,72.37,1.09,Needs Improvement
POST_1094,2023-01-27 13:31:00,Twitter,Video,Tutorial,18670,15425,2021,271,153,0,596,2023-01-27,2023,1,Jan,4,Friday,13,1,Afternoon (12-16),2445,15.85,82.62,3.19,Average
POST_1095,2023-04-15 02:40:00,Instagram,Story,Behind the Scenes,6005,4674,246,18,21,6,112,2023-04-15,2023,4,Apr,15,Saturday,2,2,Night (22-5),291,6.23,77.84,1.87,Needs Improvement
POST_1096,2023-05-17 21:38:00,Facebook,Story,Festive/Seasonal,26663,18569,1976,354,136,0,280,2023-05-17,2023,5,May,20,Wednesday,21,2,Evening (17-21),2466,13.28,69.64,1.05,Average
POST_1097,2023-10-09 23:04:00,Instagram,Story,Product Launch,6535,4706,498,34,40,9,131,2023-10-09,2023,10,Oct,41,Monday,23,4,Night (22-5),581,12.35,72.01,2.0,Average
POST_1098,2023-03-09 12:33:00,Facebook,Reel,Promotion/Sale,38964,28131,4936,664,394,0,861,2023-03-09,2023,3,Mar,10,Thursday,12,1,Afternoon (12-16),5994,21.31,72.2,2.21,Average
POST_1099,2023-05-28 08:56:00,Facebook,Image,Promotion/Sale,24141,21263,1954,312,120,0,483,2023-05-28,2023,5,May,21,Sunday,8,2,Morning (6-11),2386,11.22,88.08,2.0,Average
POST_1100,2023-08-13 06:00:00,Instagram,Reel,Tutorial,17330,13111,3482,184,212,232,398,2023-08-13,2023,8,Aug,32,Sunday,6,3,Morning (6-11),4110,31.35,75.65,2.3,High Performer
POST_1101,2023-12-24 04:23:00,Twitter,Video,Product Launch,5327,4204,1212,145,63,0,59,2023-12-24,2023,12,Dec,51,Sunday,4,4,Night (22-5),1420,33.78,78.92,1.11,High Performer
POST_1102,2023-09-06 15:59:00,Instagram,Image,Behind the Scenes,20317,15597,2063,260,159,140,464,2023-09-06,2023,9,Sep,36,Wednesday,15,3,Afternoon (12-16),2622,16.81,76.77,2.28,Average
POST_1103,2023-03-04 18:20:00,Twitter,Image,User Generated Content,6872,5108,435,27,40,0,65,2023-03-04,2023,3,Mar,9,Saturday,18,1,Evening (17-21),502,9.83,74.33,0.95,Average
POST_1104,2023-01-15 22:08:00,Instagram,Reel,Behind the Scenes,20837,15696,3638,503,126,202,520,2023-01-15,2023,1,Jan,2,Sunday,22,1,Night (22-5),4469,28.47,75.33,2.5,High Performer
POST_1105,2023-11-19 09:24:00,Instagram,Reel,Behind the Scenes,110012,89553,31679,3582,2152,2380,3313,2023-11-19,2023,11,Nov,46,Sunday,9,4,Morning (6-11),39793,44.44,81.4,3.01,High Performer
POST_1106,2023-11-08 21:55:00,Instagram,Reel,User Generated Content,81370,58472,13369,1342,669,482,2095,2023-11-08,2023,11,Nov,45,Wednesday,21,4,Evening (17-21),15862,27.13,71.86,2.57,High Performer
POST_1107,2023-05-03 11:53:00,Facebook,Carousel,Promotion/Sale,8364,6156,497,42,41,0,225,2023-05-03,2023,5,May,18,Wednesday,11,2,Morning (6-11),580,9.42,73.6,2.69,Average
POST_1108,2023-12-30 21:36:00,Facebook,Text,User Generated Content,6046,4630,215,35,17,0,117,2023-12-30,2023,12,Dec,52,Saturday,21,4,Evening (17-21),267,5.77,76.58,1.94,Needs Improvement
POST_1109,2023-03-23 09:26:00,Twitter,Image,User Generated Content,5250,3941,532,77,36,0,102,2023-03-23,2023,3,Mar,12,Thursday,9,1,Morning (6-11),645,16.37,75.07,1.94,Average
POST_1110,2023-06-09 02:23:00,Instagram,Reel,Tutorial,31409,24503,7247,756,579,519,358,2023-06-09,2023,6,Jun,23,Friday,2,2,Night (22-5),9101,37.14,78.01,1.14,High Performer
POST_1111,2023-10-10 22:34:00,Facebook,Story,Tutorial,4509,3212,263,43,15,0,119,2023-10-10,2023,10,Oct,41,Tuesday,22,4,Night (22-5),321,9.99,71.24,2.64,Average
POST_1112,2023-01-08 21:43:00,Instagram,Carousel,Behind the Scenes,55334,37434,3951,685,383,102,391,2023-01-08,2023,1,Jan,1,Sunday,21,1,Evening (17-21),5121,13.68,67.65,0.71,Average
POST_1113,2023-10-10 04:11:00,Twitter,Story,Tutorial,5036,3299,262,22,23,0,61,2023-10-10,2023,10,Oct,41,Tuesday,4,4,Night (22-5),307,9.31,65.51,1.21,Needs Improvement
POST_1114,2023-07-28 20:48:00,Twitter,Story,User Generated Content,7265,5946,308,16,18,0,111,2023-07-28,2023,7,Jul,30,Friday,20,3,Evening (17-21),342,5.75,81.84,1.53,Needs Improvement
POST_1115,2023-02-17 04:30:00,Twitter,Image,User Generated Content,4963,3978,421,66,25,0,72,2023-02-17,2023,2,Feb,7,Friday,4,1,Night (22-5),512,12.87,80.15,1.45,Average
POST_1116,2023-04-26 23:49:00,Facebook,Story,Promotion/Sale,5275,4135,282,30,10,0,130,2023-04-26,2023,4,Apr,17,Wednesday,23,2,Night (22-5),322,7.79,78.39,2.46,Needs Improvement
POST_1117,2023-02-28 09:04:00,Twitter,Image,User Generated Content,8470,5987,622,61,38,0,156,2023-02-28,2023,2,Feb,9,Tuesday,9,1,Morning (6-11),721,12.04,70.68,1.84,Average
POST_1118,2023-08-25 04:01:00,Instagram,Carousel,Product Launch,11287,7776,1545,164,90,34,193,2023-08-25,2023,8,Aug,34,Friday,4,3,Night (22-5),1833,23.57,68.89,1.71,Average
POST_1119,2023-03-02 23:37:00,Twitter,Carousel,Promotion/Sale,12373,8591,930,144,89,0,120,2023-03-02,2023,3,Mar,9,Thursday,23,1,Night (22-5),1163,13.54,69.43,0.97,Average
POST_1120,2023-11-28 20:04:00,Instagram,Video,Festive/Seasonal,96167,67657,8488,783,340,531,1759,2023-11-28,2023,11,Nov,48,Tuesday,20,4,Evening (17-21),10142,14.99,70.35,1.83,Average
POST_1121,2023-03-20 19:00:00,Instagram,Carousel,Festive/Seasonal,46181,33907,5300,482,191,176,530,2023-03-20,2023,3,Mar,12,Monday,19,1,Evening (17-21),6149,18.13,73.42,1.15,Average
POST_1122,2023-09-13 23:16:00,Facebook,Image,Product Launch,8801,7169,525,27,34,0,201,2023-09-13,2023,9,Sep,37,Wednesday,23,3,Night (22-5),586,8.17,81.46,2.28,Needs Improvement
POST_1123,2023-05-30 11:13:00,Instagram,Story,Tutorial,9755,7739,795,125,41,27,138,2023-05-30,2023,5,May,22,Tuesday,11,2,Morning (6-11),988,12.77,79.33,1.41,Average
POST_1124,2023-09-18 18:02:00,Facebook,Image,Festive/Seasonal,9711,8118,781,45,62,0,277,2023-09-18,2023,9,Sep,38,Monday,18,3,Evening (17-21),888,10.94,83.6,2.85,Average
POST_1125,2023-12-28 10:59:00,Instagram,Story,Tutorial,10811,9430,913,108,71,66,234,2023-12-28,2023,12,Dec,52,Thursday,10,4,Morning (6-11),1158,12.28,87.23,2.16,Average
POST_1126,2023-05-20 09:03:00,Instagram,Video,Product Launch,41065,34429,5553,558,503,352,761,2023-05-20,2023,5,May,20,Saturday,9,2,Morning (6-11),6966,20.23,83.84,1.85,Average
POST_1127,2023-08-01 07:50:00,Facebook,Reel,Behind the Scenes,35027,24309,7737,640,478,0,524,2023-08-01,2023,8,Aug,31,Tuesday,7,3,Morning (6-11),8855,36.43,69.4,1.5,High Performer
POST_1128,2023-09-05 11:25:00,Facebook,Image,User Generated Content,10596,7923,441,27,31,0,221,2023-09-05,2023,9,Sep,36,Tuesday,11,3,Morning (6-11),499,6.3,74.77,2.09,Needs Improvement
POST_1129,2023-08-30 05:32:00,Instagram,Reel,Promotion/Sale,11146,8684,2233,155,83,61,113,2023-08-30,2023,8,Aug,35,Wednesday,5,3,Night (22-5),2532,29.16,77.91,1.01,High Performer
POST_1130,2023-05-05 06:18:00,Twitter,Reel,Festive/Seasonal,8817,6164,1185,85,115,0,219,2023-05-05,2023,5,May,18,Friday,6,2,Morning (6-11),1385,22.47,69.91,2.48,Average
POST_1131,2023-08-22 21:40:00,Twitter,Image,Product Launch,6026,4657,232,31,15,0,172,2023-08-22,2023,8,Aug,34,Tuesday,21,3,Evening (17-21),278,5.97,77.28,2.85,Needs Improvement
POST_1132,2023-10-10 19:45:00,Instagram,Story,Tutorial,10496,8932,830,55,48,25,157,2023-10-10,2023,10,Oct,41,Tuesday,19,4,Evening (17-21),958,10.73,85.1,1.5,Average
POST_1133,2023-03-16 01:32:00,Instagram,Story,Behind the Scenes,9563,8481,382,67,17,25,171,2023-03-16,2023,3,Mar,11,Thursday,1,1,Night (22-5),491,5.79,88.69,1.79,Needs Improvement
POST_1134,2023-07-16 16:49:00,Facebook,Reel,Tutorial,9005,7784,1611,218,112,0,188,2023-07-16,2023,7,Jul,28,Sunday,16,3,Afternoon (12-16),1941,24.94,86.44,2.09,High Performer
POST_1135,2023-04-08 14:26:00,Instagram,Carousel,Promotion/Sale,23211,18964,3811,219,151,240,438,2023-04-08,2023,4,Apr,14,Saturday,14,2,Afternoon (12-16),4421,23.31,81.7,1.89,Average
POST_1136,2023-11-03 21:27:00,Instagram,Image,User Generated Content,26571,18180,1757,116,111,115,322,2023-11-03,2023,11,Nov,44,Friday,21,4,Evening (17-21),2099,11.55,68.42,1.21,Average
POST_1137,2023-09-18 21:44:00,Facebook,Reel,Tutorial,69058,59413,13914,2084,456,0,813,2023-09-18,2023,9,Sep,38,Monday,21,3,Evening (17-21),16454,27.69,86.03,1.18,High Performer
POST_1138,2023-03-11 07:25:00,Facebook,Image,User Generated Content,12951,9719,1255,119,95,0,304,2023-03-11,2023,3,Mar,10,Saturday,7,1,Morning (6-11),1469,15.11,75.04,2.35,Average
POST_1139,2023-02-05 02:05:00,Instagram,Story,User Generated Content,6950,5112,214,38,8,5,185,2023-02-05,2023,2,Feb,5,Sunday,2,1,Night (22-5),265,5.18,73.55,2.66,Needs Improvement
POST_1140,2023-05-22 14:40:00,Facebook,Reel,Tutorial,37389,30381,6447,650,311,0,616,2023-05-22,2023,5,May,21,Monday,14,2,Afternoon (12-16),7408,24.38,81.26,1.65,High Performer
POST_1141,2023-08-01 11:34:00,Twitter,Carousel,User Generated Content,9482,8400,655,75,46,0,315,2023-08-01,2023,8,Aug,31,Tuesday,11,3,Morning (6-11),776,9.24,88.59,3.32,Needs Improvement
POST_1142,2023-06-24 16:34:00,Facebook,Carousel,Product Launch,5286,4193,817,66,74,0,44,2023-06-24,2023,6,Jun,25,Saturday,16,2,Afternoon (12-16),957,22.82,79.32,0.83,Average
POST_1143,2023-09-17 20:39:00,Facebook,Image,Product Launch,25065,19043,996,168,62,0,206,2023-09-17,2023,9,Sep,37,Sunday,20,3,Evening (17-21),1226,6.44,75.97,0.82,Needs Improvement
POST_1144,2023-05-17 07:09:00,Instagram,Reel,Behind the Scenes,101453,78165,12493,972,431,680,2240,2023-05-17,2023,5,May,20,Wednesday,7,2,Morning (6-11),14576,18.65,77.05,2.21,Average
POST_1145,2023-01-02 01:17:00,Facebook,Image,User Generated Content,16051,12903,635,89,37,0,347,2023-01-02,2023,1,Jan,1,Monday,1,1,Night (22-5),761,5.9,80.39,2.16,Needs Improvement
POST_1146,2023-05-25 11:05:00,Instagram,Image,Tutorial,15673,11559,1572,105,121,31,436,2023-05-25,2023,5,May,21,Thursday,11,2,Morning (6-11),1829,15.82,73.75,2.78,Average
POST_1147,2023-06-02 13:19:00,Instagram,Story,Promotion/Sale,8660,6895,468,25,24,32,211,2023-06-02,2023,6,Jun,22,Friday,13,2,Afternoon (12-16),549,7.96,79.62,2.44,Needs Improvement
POST_1148,2023-10-28 19:05:00,Facebook,Reel,Promotion/Sale,47959,39543,8209,516,402,0,1382,2023-10-28,2023,10,Oct,43,Saturday,19,4,Evening (17-21),9127,23.08,82.45,2.88,Average
POST_1149,2023-10-24 19:32:00,Twitter,Image,Behind the Scenes,4441,3042,240,30,8,0,116,2023-10-24,2023,10,Oct,43,Tuesday,19,4,Evening (17-21),278,9.14,68.5,2.61,Needs Improvement
POST_1150,2023-12-04 04:58:00,Instagram,Image,Product Launch,11972,10513,1292,191,93,74,306,2023-12-04,2023,12,Dec,49,Monday,4,4,Night (22-5),1650,15.69,87.81,2.56,Average
POST_1151,2023-09-08 23:13:00,Facebook,Carousel,User Generated Content,24599,20492,3768,615,169,0,256,2023-09-08,2023,9,Sep,36,Friday,23,3,Night (22-5),4552,22.21,83.3,1.04,Average
POST_1152,2023-03-18 07:51:00,Instagram,Text,Product Launch,20986,16338,1042,112,72,53,182,2023-03-18,2023,3,Mar,11,Saturday,7,1,Morning (6-11),1279,7.83,77.85,0.87,Needs Improvement
POST_1153,2023-08-17 21:09:00,Instagram,Story,Tutorial,16397,13094,1031,73,39,81,285,2023-08-17,2023,8,Aug,33,Thursday,21,3,Evening (17-21),1224,9.35,79.86,1.74,Needs Improvement
POST_1154,2023-10-03 14:34:00,Instagram,Reel,Promotion/Sale,43948,30448,9101,1176,683,230,1120,2023-10-03,2023,10,Oct,40,Tuesday,14,4,Afternoon (12-16),11190,36.75,69.28,2.55,High Performer
POST_1155,2023-09-05 14:20:00,Instagram,Story,User Generated Content,11137,8325,817,139,41,58,278,2023-09-05,2023,9,Sep,36,Tuesday,14,3,Afternoon (12-16),1055,12.67,74.75,2.5,Average
POST_1156,2023-06-26 19:25:00,Instagram,Video,Promotion/Sale,87077,61949,14944,1280,1310,303,1669,2023-06-26,2023,6,Jun,26,Monday,19,2,Evening (17-21),17837,28.79,71.14,1.92,High Performer
POST_1157,2023-06-20 20:37:00,Instagram,Image,User Generated Content,26470,22840,2432,391,118,124,537,2023-06-20,2023,6,Jun,25,Tuesday,20,2,Evening (17-21),3065,13.42,86.29,2.03,Average
POST_1158,2023-10-10 07:40:00,Facebook,Image,Tutorial,6421,5067,565,71,46,0,137,2023-10-10,2023,10,Oct,41,Tuesday,7,4,Morning (6-11),682,13.46,78.91,2.13,Average
POST_1159,2023-10-06 21:48:00,Facebook,Reel,Tutorial,18365,13909,3754,348,301,0,407,2023-10-06,2023,10,Oct,40,Friday,21,4,Evening (17-21),4403,31.66,75.74,2.22,High Performer
POST_1160,2023-07-13 23:53:00,Instagram,Reel,Festive/Seasonal,31958,26803,7881,1047,541,163,828,2023-07-13,2023,7,Jul,28,Thursday,23,3,Night (22-5),9632,35.94,83.87,2.59,High Performer
POST_1161,2023-08-22 13:41:00,Facebook,Reel,Tutorial,61930,49353,9503,726,511,0,1199,2023-08-22,2023,8,Aug,34,Tuesday,13,3,Afternoon (12-16),10740,21.76,79.69,1.94,Average
POST_1162,2023-06-14 10:43:00,Twitter,Image,Product Launch,3457,2692,171,30,6,0,102,2023-06-14,2023,6,Jun,24,Wednesday,10,2,Morning (6-11),207,7.69,77.87,2.95,Needs Improvement
POST_1163,2023-04-07 08:41:00,Twitter,Video,Behind the Scenes,32340,24546,6213,585,317,0,671,2023-04-07,2023,4,Apr,14,Friday,8,2,Morning (6-11),7115,28.99,75.9,2.07,High Performer
POST_1164,2023-12-24 13:04:00,Instagram,Video,Behind the Scenes,61938,49233,8675,847,311,200,866,2023-12-24,2023,12,Dec,51,Sunday,13,4,Afternoon (12-16),10033,20.38,79.49,1.4,Average
POST_1165,2023-05-03 14:19:00,Instagram,Image,Behind the Scenes,24541,18927,1463,171,83,78,254,2023-05-03,2023,5,May,18,Wednesday,14,2,Afternoon (12-16),1795,9.48,77.12,1.04,Average
POST_1166,2023-10-20 18:44:00,Facebook,Story,Product Launch,12416,9391,573,81,31,0,328,2023-10-20,2023,10,Oct,42,Friday,18,4,Evening (17-21),685,7.29,75.64,2.64,Needs Improvement
POST_1167,2023-07-16 05:27:00,Facebook,Video,Promotion/Sale,14702,12666,3505,271,140,0,246,2023-07-16,2023,7,Jul,28,Sunday,5,3,Night (22-5),3916,30.92,86.15,1.67,High Performer
POST_1168,2023-04-30 16:46:00,Facebook,Reel,Festive/Seasonal,34257,24466,5988,322,346,0,663,2023-04-30,2023,4,Apr,17,Sunday,16,2,Afternoon (12-16),6656,27.21,71.42,1.94,High Performer
POST_1169,2023-07-30 13:54:00,Instagram,Image,Product Launch,31509,24790,1286,116,90,99,886,2023-07-30,2023,7,Jul,30,Sunday,13,3,Afternoon (12-16),1591,6.42,78.68,2.81,Needs Improvement
POST_1170,2023-01-23 01:15:00,Instagram,Carousel,Behind the Scenes,15047,10608,1071,181,96,71,231,2023-01-23,2023,1,Jan,4,Monday,1,1,Night (22-5),1419,13.38,70.5,1.54,Average
POST_1171,2023-06-12 09:03:00,Facebook,Carousel,User Generated Content,7575,5880,449,30,41,0,191,2023-06-12,2023,6,Jun,24,Monday,9,2,Morning (6-11),520,8.84,77.62,2.52,Needs Improvement
POST_1172,2023-08-31 15:15:00,Instagram,Carousel,Product Launch,19432,15143,1897,277,161,124,479,2023-08-31,2023,8,Aug,35,Thursday,15,3,Afternoon (12-16),2459,16.24,77.93,2.47,Average
POST_1173,2023-12-28 09:05:00,Instagram,Reel,User Generated Content,68333,50067,16084,1492,638,706,1972,2023-12-28,2023,12,Dec,52,Thursday,9,4,Morning (6-11),18920,37.79,73.27,2.89,High Performer
POST_1174,2023-07-15 13:59:00,Instagram,Carousel,Tutorial,17800,14294,1920,113,123,119,363,2023-07-15,2023,7,Jul,28,Saturday,13,3,Afternoon (12-16),2275,15.92,80.3,2.04,Average
POST_1175,2023-07-17 17:27:00,Facebook,Image,User Generated Content,4094,3619,305,38,26,0,71,2023-07-17,2023,7,Jul,29,Monday,17,3,Evening (17-21),369,10.2,88.4,1.73,Average
POST_1176,2023-12-06 09:07:00,Instagram,Video,Tutorial,101073,69119,12251,843,1063,408,2178,2023-12-06,2023,12,Dec,49,Wednesday,9,4,Morning (6-11),14565,21.07,68.39,2.15,Average
POST_1177,2023-11-30 08:29:00,Instagram,Story,Product Launch,23973,18345,1090,121,78,86,699,2023-11-30,2023,11,Nov,48,Thursday,8,4,Morning (6-11),1375,7.5,76.52,2.92,Needs Improvement
POST_1178,2023-03-19 06:39:00,Facebook,Reel,Tutorial,38376,33474,8293,1123,768,0,729,2023-03-19,2023,3,Mar,11,Sunday,6,1,Morning (6-11),10184,30.42,87.23,1.9,High Performer
POST_1180,2023-01-19 07:03:00,Instagram,Story,Behind the Scenes,33196,26160,2186,201,139,124,579,2023-01-19,2023,1,Jan,3,Thursday,7,1,Morning (6-11),2650,10.13,78.8,1.74,Average
POST_1181,2023-03-06 07:19:00,Twitter,Image,User Generated Content,13003,9606,836,86,56,0,252,2023-03-06,2023,3,Mar,10,Monday,7,1,Morning (6-11),978,10.18,73.88,1.94,Average
POST_1182,2023-09-15 20:42:00,Twitter,Image,Behind the Scenes,10946,7483,715,51,27,0,284,2023-09-15,2023,9,Sep,37,Friday,20,3,Evening (17-21),793,10.6,68.36,2.59,Average
POST_1183,2023-10-30 04:47:00,Instagram,Image,Product Launch,15497,13594,1485,222,82,115,470,2023-10-30,2023,10,Oct,44,Monday,4,4,Night (22-5),1904,14.01,87.72,3.03,Average
POST_1184,2023-06-19 11:42:00,Facebook,Reel,Tutorial,40739,28234,5572,485,272,0,1006,2023-06-19,2023,6,Jun,25,Monday,11,2,Morning (6-11),6329,22.42,69.3,2.47,Average
POST_1185,2023-02-21 01:47:00,Facebook,Carousel,Promotion/Sale,7440,6320,967,49,58,0,140,2023-02-21,2023,2,Feb,8,Tuesday,1,1,Night (22-5),1074,16.99,84.95,1.88,Average
POST_1186,2023-08-14 10:11:00,Facebook,Reel,Behind the Scenes,11000,9009,2772,398,224,0,90,2023-08-14,2023,8,Aug,33,Monday,10,3,Morning (6-11),3394,37.67,81.9,0.82,High Performer
POST_1187,2023-02-21 10:07:00,Twitter,Reel,Tutorial,22119,16826,4735,529,451,0,206,2023-02-21,2023,2,Feb,8,Tuesday,10,1,Morning (6-11),5715,33.97,76.07,0.93,High Performer
POST_1188,2023-09-27 13:00:00,Twitter,Story,Promotion/Sale,8297,6817,634,79,59,0,260,2023-09-27,2023,9,Sep,39,Wednesday,13,3,Afternoon (12-16),772,11.32,82.16,3.13,Average
POST_1189,2023-08-22 09:45:00,Facebook,Image,Promotion/Sale,8377,6134,610,102,54,0,84,2023-08-22,2023,8,Aug,34,Tuesday,9,3,Morning (6-11),766,12.49,73.22,1.0,Average
POST_1190,2023-01-08 07:08:00,Twitter,Video,Product Launch,11200,8929,2064,174,191,0,337,2023-01-08,2023,1,Jan,1,Sunday,7,1,Morning (6-11),2429,27.2,79.72,3.01,High Performer
POST_1191,2023-03-15 08:44:00,Facebook,Story,Behind the Scenes,15369,12820,900,59,85,0,302,2023-03-15,2023,3,Mar,11,Wednesday,8,1,Morning (6-11),1044,8.14,83.41,1.96,Needs Improvement
POST_1192,2023-07-29 02:00:00,Facebook,Image,Festive/Seasonal,10791,8004,398,25,25,0,245,2023-07-29,2023,7,Jul,30,Saturday,2,3,Night (22-5),448,5.6,74.17,2.27,Needs Improvement
POST_1193,2023-12-02 11:10:00,Instagram,Reel,Behind the Scenes,54609,45106,11460,1935,736,538,720,2023-12-02,2023,12,Dec,48,Saturday,11,4,Morning (6-11),14669,32.52,82.6,1.32,High Performer
POST_1194,2023-03-21 09:31:00,Instagram,Video,User Generated Content,42805,28276,7179,590,368,475,560,2023-03-21,2023,3,Mar,12,Tuesday,9,1,Morning (6-11),8612,30.46,66.06,1.31,High Performer
POST_1195,2023-02-08 13:22:00,Instagram,Image,Festive/Seasonal,26173,17861,1635,189,127,94,613,2023-02-08,2023,2,Feb,6,Wednesday,13,1,Afternoon (12-16),2045,11.45,68.24,2.34,Average
POST_1196,2023-08-29 20:33:00,Twitter,Story,Product Launch,3296,2386,134,9,6,0,46,2023-08-29,2023,8,Aug,35,Tuesday,20,3,Evening (17-21),149,6.24,72.39,1.4,Needs Improvement
POST_1197,2023-05-16 01:33:00,Facebook,Image,Festive/Seasonal,10716,8892,713,62,48,0,95,2023-05-16,2023,5,May,20,Tuesday,1,2,Night (22-5),823,9.26,82.98,0.89,Needs Improvement
POST_1198,2023-06-23 09:50:00,Facebook,Image,Behind the Scenes,10551,7960,1102,158,39,0,281,2023-06-23,2023,6,Jun,25,Friday,9,2,Morning (6-11),1299,16.32,75.44,2.66,Average
POST_1199,2023-11-16 14:52:00,Instagram,Reel,Behind the Scenes,95485,71711,13245,1543,906,692,1932,2023-11-16,2023,11,Nov,46,Thursday,14,4,Afternoon (12-16),16386,22.85,75.1,2.02,Average
POST_1200,2023-12-21 01:46:00,Instagram,Image,Behind the Scenes,26339,23061,3045,469,292,78,414,2023-12-21,2023,12,Dec,51,Thursday,1,4,Night (22-5),3884,16.84,87.55,1.57,Average
