post_id,post_datetime,platform,content_type,category,impressions,reach,likes,comments,shares,saves,link_clicks
POST_0001,2023-11-24 09:04:00,Instagram,Video,Product Launch,99164,79297,11652,818,396,838.0,2222
POST_0002,2023-02-27 02:12:00,Instagram,Carousel,Behind the Scenes,24114,15798,3343,528,149,103.0,244
POST_0003,2023-01-13 08:51:00,Facebook,Video,Product Launch,45288,32734,8152,555,411,0.0,687
POST_0004,2023-05-21 16:48:00,Twitter,Reel,User Generated Content,7368,6235,1116,130,79,0.0,71
POST_0005,2023-05-06 13:37:00,Facebook,Image,Promotion/Sale,5564,4936,694,107,35,0.0,63
POST_0006,2023-04-25 22:46:00,Instagram,Reel,Festive/Seasonal,46316,35201,5605,641,181,417.0,625
POST_0007,2023-03-13 15:42:00,Twitter,Image,Product Launch,3614,2843,186,32,15,0.0,108
POST_0008,2023-02-22 21:35:00,Instagram,Reel,Tutorial,144802,115765,42138,2591,1842,957.0,2287
POST_0009,2023-12-13 12:13:00,Instagram,Reel,Tutorial,59399,43907,8777,1058,349,597.0,537
POST_0010,2023-10-07 13:30:00,Facebook,Text,Festive/Seasonal,10252,8643,289,14,25,0.0,269
POST_0011,2023-02-14 14:13:00,Instagram,Text,Behind the Scenes,6535,4833,142,23,10,5.0,57
POST_0012,2023-10-30 07:55:00,Twitter,Carousel,Behind the Scenes,14416,10542,1866,247,171,0.0,254
POST_0013,2023-08-05 17:58:00,Facebook,Story,Promotion/Sale,9313,7360,673,76,44,0.0,168
POST_0014,2023-01-17 08:21:00,Instagram,Reel,Product Launch,30236,20468,2784,369,144,140.0,761
POST_0015,2023-01-16 07:19:00,Facebook,Reel,Festive/Seasonal,62737,44367,6553,574,270,0.0,1681
POST_0016,2023-02-17 03:58:00,Instagram,Carousel,User Generated Content,19054,15402,3041,469,130,223.0,403
POST_0017,2023-04-22 23:00:00,Twitter,Carousel,Festive/Seasonal,4103,3105,589,95,17,0.0,78
POST_0018,2023-04-30 19:13:00,Instagram,Video,Behind the Scenes,59401,41909,5819,546,558,229.0,1071
POST_0019,2023-09-16 17:59:00,Instagram,Reel,Product Launch,44831,39927,7684,880,392,285.0,443
POST_0020,2023-11-05 03:12:00,Facebook,Story,Tutorial,9586,7435,295,25,27,0.0,127
POST_0021,2023-01-14 05:47:00,Twitter,Video,Festive/Seasonal,17329,12312,3232,481,150,0.0,392
POST_0022,2023-10-15 08:07:00,Facebook,Reel,Product Launch,34658,28006,8126,972,295,0.0,981
POST_0023,2023-04-12 00:47:00,Instagram,Story,Behind the Scenes,3572,2849,241,12,15,8.0,83
POST_0024,2023-11-29 08:48:00,Facebook,Reel,Product Launch,29043,23894,5424,931,214,0.0,483
POST_0025,2023-12-26 01:30:00,Instagram,Image,Festive/Seasonal,14644,12510,1267,150,59,32.0,461
POST_0026,2023-10-07 09:58:00,Twitter,Reel,Festive/Seasonal,47380,38296,8225,784,664,0.0,1413
POST_0027,2023-08-03 10:15:00,Instagram,Carousel,Behind the Scenes,24390,16366,1559,260,112,32.0,213
POST_0028,2023-04-23 07:44:00,Instagram,Image,Festive/Seasonal,38679,25190,1597,193,125,94.0,421
POST_0029,2023-08-18 10:38:00,Instagram,Story,Product Launch,6314,5282,437,70,33,23.0,67
POST_0030,2023-10-29 17:45:00,Twitter,Image,Promotion/Sale,4600,3294,235,41,13,,121
POST_0031,2023-05-23 06:13:00,Instagram,Video,Promotion/Sale,38458,30544,6790,511,547,250.0,327
POST_0032,2023-01-04 05:25:00,Twitter,Video,Product Launch,14342,9957,3212,558,302,0.0,210
POST_0033,2023-03-23 14:58:00,Instagram,Reel,Promotion/Sale,103036,88946,18089,1810,1620,705.0,1341
POST_0034,2023-12-24 09:15:00,Twitter,Carousel,User Generated Content,17052,15074,2596,322,95,0.0,428
POST_0035,2023-08-05 17:35:00,Facebook,Reel,Behind the Scenes,36726,30271,9318,901,471,0.0,1037
POST_0036,2023-06-24 12:20:00,Facebook,Text,Behind the Scenes,10479,9082,616,71,40,0.0,308
POST_0037,2023-05-23 14:49:00,Instagram,Carousel,Behind the Scenes,58364,50922,6144,607,224,336.0,564
POST_0038,2023-03-21 07:18:00,Instagram,Image,User Generated Content,34721,27278,2059,261,66,45.0,945
POST_0039,2023-04-21 15:24:00,Twitter,Story,Promotion/Sale,2988,2517,129,16,4,0.0,29
POST_0040,2023-06-22 11:29:00,Instagram,Carousel,Promotion/Sale,19212,15084,2470,356,242,125.0,296
POST_0041,2023-02-22 16:34:00,Twitter,Carousel,Behind the Scenes,5699,3816,288,50,25,0.0,117
POST_0042,2023-02-17 21:41:00,Facebook,Image,Product Launch,21018,14572,918,75,62,0.0,458
POST_0043,2023-07-14 11:22:00,Instagram,Image,Product Launch,15294,12762,1291,167,76,45.0,263
POST_0044,2023-02-19 08:19:00,Facebook,Carousel,Festive/Seasonal,46865,30630,2717,152,89,0.0,1092
POST_0045,2023-07-03 13:16:00,Instagram,Video,User Generated Content,26080,20157,4395,318,265,192.0,573
POST_0046,2023-06-26 02:23:00,Instagram,Reel,Product Launch,56349,37265,8343,1095,544,595.0,1109
POST_0047,2023-11-06 22:32:00,Facebook,Image,User Generated Content,9333,8260,852,85,63,0.0,196
POST_0048,2023-05-16 23:56:00,Instagram,Text,User Generated Content,7062,6252,265,46,24,8.0,75
POST_0049,2023-01-23 08:31:00,Instagram,Reel,Behind the Scenes,41344,30170,10387,550,903,383.0,408
POST_0050,2023-08-24 22:29:00,Twitter,Image,Festive/Seasonal,5113,4127,545,79,47,0.0,76
POST_0051,2023-10-02 17:06:00,Twitter,Story,Promotion/Sale,5383,4831,317,31,26,0.0,97
POST_0052,2023-03-05 11:51:00,Facebook,Image,User Generated Content,11478,9923,884,130,73,0.0,129
POST_0053,2023-07-13 08:46:00,Instagram,Story,Behind the Scenes,31641,23098,2320,233,71,172.0,294
POST_0054,2023-02-10 23:30:00,Instagram,Video,Behind the Scenes,28678,25452,8270,1030,613,387.0,478
POST_0055,2023-10-10 20:48:00,Instagram,Reel,Festive/Seasonal,130380,110548,36496,2257,2357,855.0,2927
POST_0056,2023-05-31 03:53:00,Instagram,Video,User Generated Content,21834,19037,3628,236,145,238.0,543
POST_0057,2023-11-18 09:20:00,Instagram,Image,Product Launch,38286,31645,1766,107,174,74.0,668
POST_0058,2023-11-13 09:58:00,Facebook,Reel,Product Launch,76953,68242,25960,3840,1462,0.0,853
POST_0059,2023-07-05 08:13:00,Facebook,Image,Festive/Seasonal,19466,17063,1001,114,30,0.0,410
POST_0060,2023-10-23 17:23:00,Instagram,Image,Product Launch,8011,5445,322,43,26,17.0,211
POST_0061,2023-04-09 00:20:00,Instagram,Reel,Tutorial,36173,25534,9564,493,936,216.0,937
POST_0062,2023-12-27 20:26:00,Twitter,Reel,Product Launch,24733,22216,3263,398,319,0.0,570
POST_0063,2023-02-05 09:02:00,Twitter,Carousel,Tutorial,19761,15944,2489,416,82,0.0,293
POST_0064,2023-01-24 00:36:00,Facebook,Story,Promotion/Sale,12145,10597,729,95,36,0.0,165
POST_0065,2023-12-05 20:55:00,Facebook,Carousel,Festive/Seasonal,19140,12812,2720,484,214,0.0,334
POST_0066,2023-04-27 19:14:00,Facebook,Image,User Generated Content,13916,11876,1350,96,126,0.0,411
POST_0067,2023-05-29 23:47:00,Facebook,Image,Promotion/Sale,9861,8544,447,23,25,0.0,293
POST_0068,2023-02-10 21:09:00,Instagram,Reel,Tutorial,174602,120057,33627,3346,3291,2371.0,4219
POST_0069,2023-04-30 19:01:00,Twitter,Carousel,Tutorial,6010,3991,784,122,78,0.0,159
POST_0070,2023-02-21 20:16:00,Instagram,Image,Behind the Scenes,26437,22266,3088,495,146,145.0,308
POST_0071,2023-07-14 21:35:00,Facebook,Carousel,Behind the Scenes,20883,17080,2750,265,104,0.0,514
POST_0072,2023-05-23 19:59:00,Facebook,Carousel,Promotion/Sale,34164,28802,4231,680,290,0.0,772
POST_0073,2023-08-21 07:37:00,Facebook,Image,Promotion/Sale,10743,7060,850,111,67,0.0,115
POST_0074,2023-11-22 19:37:00,Instagram,Reel,Product Launch,54284,35481,7726,978,443,357.0,1317
POST_0075,2023-07-06 07:46:00,Instagram,Reel,Festive/Seasonal,112414,84213,24190,3921,2333,697.0,3183
POST_0076,2023-03-25 06:26:00,Facebook,Carousel,Promotion/Sale,7415,5298,731,129,47,0.0,105
POST_0077,2023-07-09 07:18:00,Instagram,Reel,User Generated Content,29266,19965,3209,223,127,187.0,308
POST_0078,2023-07-01 19:09:00,Facebook,Image,Product Launch,18626,16282,1522,208,64,0.0,256
POST_0079,2023-04-18 19:12:00,Instagram,Video,Promotion/Sale,29906,20340,4377,336,242,219.0,624
POST_0080,2023-12-10 17:21:00,Instagram,Reel,Promotion/Sale,14012,11908,3438,208,313,258.0,140
POST_0081,2023-05-17 04:14:00,Twitter,Reel,Product Launch,19138,13322,2419,237,154,0.0,380
POST_0082,2023-12-26 03:24:00,Instagram,Video,Behind the Scenes,22786,17445,4874,266,232,306.0,642
POST_0083,2023-12-16 15:36:00,Twitter,Image,User Generated Content,4035,3074,304,24,14,0.0,65
POST_0084,2023-11-28 01:53:00,Twitter,Image,Promotion/Sale,2452,1791,122,11,4,0.0,65
POST_0085,2023-02-06 19:15:00,Instagram,Text,Tutorial,27239,21099,594,71,42,38.0,484
POST_0086,2023-11-08 01:31:00,Instagram,Carousel,Festive/Seasonal,12911,9308,1156,154,80,47.0,368
POST_0087,2023-11-22 09:35:00,Instagram,Video,Product Launch,26536,18262,3051,216,131,113.0,277
POST_0088,2023-03-29 04:41:00,Instagram,Story,Festive/Seasonal,16295,10918,805,83,79,21.0,239
POST_0089,2023-10-01 21:43:00,Twitter,Story,Behind the Scenes,4335,3542,364,44,25,0.0,65
POST_0090,2023-05-06 08:21:00,Instagram,Video,Tutorial,107485,74891,13817,1455,905,477.0,1006
POST_0091,2023-03-25 10:16:00,Twitter,Reel,Behind the Scenes,9612,6618,1662,198,55,0.0,133
POST_0092,2023-08-25 06:48:00,Instagram,Carousel,Festive/Seasonal,12916,8600,1845,169,159,65.0,261
POST_0093,2023-07-14 19:52:00,Facebook,Image,Behind the Scenes,21535,16214,1321,225,116,0.0,631
POST_0094,2023-05-19 21:31:00,Facebook,Image,Festive/Seasonal,14262,11876,1639,120,56,0.0,382
POST_0095,2023-11-24 09:46:00,Facebook,Reel,Behind the Scenes,37649,31957,5740,409,238,0.0,1100
POST_0096,2023-12-19 12:41:00,Facebook,Image,Tutorial,19039,14865,1225,200,70,0.0,512
POST_0097,2023-10-13 07:47:00,Instagram,Reel,Product Launch,45629,33096,10570,1219,488,781.0,712
POST_0098,2023-04-23 05:31:00,Facebook,Carousel,Product Launch,11114,9742,1577,102,151,0.0,280
POST_0099,2023-12-17 21:29:00,Instagram,Story,Tutorial,25313,20377,1516,251,129,44.0,394
POST_0100,2023-06-16 22:10:00,Facebook,Carousel,Festive/Seasonal,8497,7103,545,67,45,0.0,257
POST_0101,2023-01-29 22:46:00,Instagram,Image,Behind the Scenes,8510,7332,441,44,37,12.0,123
POST_0102,2023-04-28 08:50:00,Instagram,Reel,Tutorial,91727,76134,22241,3118,1512,780.0,1550
POST_0103,2023-01-17 20:22:00,Twitter,Carousel,User Generated Content,9961,8833,831,104,54,0.0,250
POST_0104,2023-06-11 19:10:00,Twitter,Video,User Generated Content,13807,11984,3844,474,302,0.0,451
POST_0105,2023-07-25 11:08:00,Instagram,Carousel,Tutorial,18237,14620,1945,283,185,146.0,343
POST_0106,2023-05-18 02:46:00,Twitter,Reel,Promotion/Sale,7388,6621,2269,150,214,0.0,238
POST_0107,2023-02-03 19:34:00,Instagram,Image,Product Launch,40068,26592,2132,329,64,85.0,583
POST_0108,2023-04-19 07:31:00,Instagram,Reel,User Generated Content,93088,81914,17747,1687,1448,836.0,1371
POST_0109,2023-10-18 16:11:00,Instagram,Reel,Product Launch,16722,12952,3046,514,168,167.0,375
POST_0110,2023-06-11 16:58:00,Twitter,Image,Behind the Scenes,1905,1554,101,17,4,0.0,34
POST_0111,2023-04-19 09:56:00,Instagram,Video,Tutorial,51352,43006,6838,1140,303,214.0,477
POST_0112,2023-12-02 20:34:00,Facebook,Carousel,User Generated Content,29572,23397,1905,287,117,0.0,602
POST_0113,2023-09-13 13:41:00,Instagram,Story,Behind the Scenes,10650,7335,360,58,34,15.0,132
POST_0114,2023-07-22 03:03:00,Instagram,Carousel,Behind the Scenes,17499,13162,995,69,79,59.0,142
POST_0115,2023-11-26 09:33:00,Instagram,Reel,Product Launch,83568,54730,8464,1303,359,500.0,938
POST_0116,2023-08-23 07:02:00,Instagram,Video,Tutorial,31306,22252,6092,982,536,267.0,668
POST_0117,2023-03-15 04:53:00,Instagram,Carousel,Product Launch,25434,16614,1400,107,44,43.0,456
POST_0118,2023-05-16 09:54:00,Instagram,Video,Behind the Scenes,51926,45340,13380,1263,644,572.0,1256
POST_0119,2023-03-13 19:04:00,Facebook,Image,Promotion/Sale,20686,16300,1464,129,141,0.0,536
POST_0120,2023-05-07 07:52:00,Instagram,Story,Tutorial,9243,8014,569,94,48,25.0,85
POST_0121,2023-10-15 09:42:00,Instagram,Reel,Festive/Seasonal,99315,70957,11613,1841,1148,598.0,1075
POST_0122,2023-10-03 15:03:00,Twitter,Carousel,User Generated Content,3389,2218,451,29,31,0.0,40
POST_0123,2023-05-15 09:48:00,Instagram,Video,Tutorial,137981,96808,11080,751,1030,802.0,2703
POST_0124,2023-10-27 16:00:00,Twitter,Image,Promotion/Sale,6054,4941,320,54,18,0.0,106
POST_0125,2023-08-08 12:26:00,Instagram,Reel,Behind the Scenes,31728,26477,3950,507,186,171.0,494
POST_0126,2023-10-26 14:08:00,Facebook,Video,Promotion/Sale,29321,24329,4344,537,275,0.0,727
POST_0127,2023-07-24 22:53:00,Facebook,Carousel,Promotion/Sale,8870,5834,640,81,21,0.0,145
POST_0128,2023-07-05 08:40:00,Instagram,Image,Promotion/Sale,34962,25646,3129,199,110,199.0,637
POST_0129,2023-04-23 14:14:00,Twitter,Image,Festive/Seasonal,4928,4212,525,73,25,0.0,116
POST_0130,2023-03-12 15:04:00,Instagram,Video,Product Launch,35043,23580,7486,507,722,350.0,366
POST_0131,2023-09-18 15:45:00,Facebook,Carousel,User Generated Content,20518,17473,2915,408,260,0.0,305
POST_0132,2023-09-10 11:09:00,Twitter,Image,Behind the Scenes,4776,3368,481,83,15,0.0,104
POST_0133,2023-02-16 17:00:00,Instagram,Video,Product Launch,15832,13051,2330,396,228,178.0,316
POST_0134,2023-01-25 15:13:00,Instagram,Image,Tutorial,19485,16779,1319,208,42,73.0,283
POST_0135,2023-02-26 03:32:00,Instagram,Story,Behind the Scenes,9971,6644,390,46,33,15.0,191
POST_0136,2023-03-20 01:29:00,Twitter,Image,Tutorial,8680,6978,491,26,44,0.0,74
POST_0137,2023-11-18 01:23:00,Instagram,Story,User Generated Content,15399,13084,1411,134,118,62.0,319
POST_0138,2023-03-23 23:03:00,Twitter,Video,Promotion/Sale,15420,13391,4451,667,263,0.0,303
POST_0139,2023-12-15 03:39:00,Twitter,Story,User Generated Content,1557,1150,65,5,3,0.0,12
POST_0140,2023-08-05 07:40:00,Facebook,Carousel,Promotion/Sale,14767,13244,1769,176,137,0.0,219
POST_0141,2023-11-02 13:42:00,Facebook,Image,Behind the Scenes,21269,18848,1750,227,72,0.0,748
POST_0142,2023-02-02 09:59:00,Instagram,Image,User Generated Content,17117,15160,1673,215,110,56.0,231
POST_0143,2023-07-17 09:39:00,Instagram,Story,Product Launch,26514,19554,785,138,72,59.0,779
POST_0144,2023-07-15 22:58:00,Facebook,Video,Behind the Scenes,11134,8340,2350,330,95,0.0,287
POST_0145,2023-11-02 17:30:00,Instagram,Reel,Product Launch,31648,25262,6984,432,638,250.0,350
POST_0146,2023-08-28 13:42:00,Instagram,Carousel,User Generated Content,42869,38106,7474,1160,567,396.0,480
POST_0147,2023-09-28 14:31:00,Facebook,Image,Promotion/Sale,6997,5813,555,33,25,0.0,177
POST_0148,2023-05-09 18:01:00,Instagram,Image,Promotion/Sale,4865,4197,400,44,28,27.0,85
POST_0149,2023-10-11 21:00:00,Instagram,Reel,Promotion/Sale,66018,57413,19069,2585,1707,1373.0,1794
POST_0150,2023-01-06 16:34:00,Instagram,Story,User Generated Content,19082,15730,1336,174,110,39.0,572
POST_0151,2023-12-15 20:35:00,Facebook,Reel,Tutorial,41681,34840,5893,921,520,0.0,878
POST_0152,2023-02-28 14:26:00,Twitter,Image,Behind the Scenes,3398,2452,262,46,19,0.0,43
POST_0153,2023-12-16 21:00:00,Instagram,Image,User Generated Content,45609,30865,3736,449,363,151.0,894
POST_0154,2023-10-02 08:01:00,Facebook,Image,Tutorial,43855,29629,4088,569,142,0.0,563
POST_0155,2023-05-17 17:33:00,Twitter,Reel,Behind the Scenes,12837,9454,2712,151,246,0.0,370
POST_0156,2023-11-25 07:46:00,Instagram,Story,Festive/Seasonal,36678,30714,1393,206,44,29.0,605
POST_0157,2023-06-24 11:17:00,Twitter,Image,Behind the Scenes,7569,5763,428,76,25,0.0,135
POST_0158,2023-02-27 07:34:00,Instagram,Reel,Promotion/Sale,47457,40276,12307,968,440,748.0,1193
POST_0159,2023-05-31 09:18:00,Facebook,Image,Promotion/Sale,29517,22283,2435,247,119,0.0,880
POST_0160,2023-08-11 23:01:00,Twitter,Carousel,Festive/Seasonal,4867,4251,446,34,14,0.0,125
POST_0161,2023-03-22 09:32:00,Instagram,Image,Festive/Seasonal,34831,31070,2044,333,172,135.0,1098
POST_0162,2023-08-21 21:52:00,Twitter,Image,Promotion/Sale,13209,10653,645,34,60,0.0,303
POST_0163,2023-01-02 15:44:00,Twitter,Carousel,Festive/Seasonal,3763,2563,437,46,19,0.0,63
POST_0164,2023-05-15 02:43:00,Instagram,Carousel,Festive/Seasonal,12193,9699,1074,165,55,50.0,100
POST_0165,2023-09-14 08:27:00,Twitter,Text,User Generated Content,5087,4069,154,21,13,0.0,135
POST_0166,2023-04-02 22:51:00,Instagram,Image,User Generated Content,5106,3932,228,18,22,6.0,98
POST_0167,2023-09-17 22:58:00,Twitter,Reel,User Generated Content,17561,11457,2424,284,87,0.0,235
POST_0168,2023-02-24 20:11:00,Instagram,Carousel,Festive/Seasonal,23452,15704,2028,136,141,124.0,534
POST_0169,2023-11-17 03:06:00,Facebook,Carousel,Festive/Seasonal,6265,5069,880,47,84,0.0,58
POST_0170,2023-06-02 07:58:00,Instagram,Reel,Product Launch,77103,63784,22386,3197,1927,903.0,2197
POST_0171,2023-11-24 15:06:00,Instagram,Carousel,Festive/Seasonal,23639,19168,2833,411,101,66.0,333
POST_0172,2023-09-17 23:33:00,Instagram,Image,Festive/Seasonal,8134,7059,487,86,26,15.0,237
POST_0173,2023-11-08 01:09:00,Instagram,Text,Product Launch,7020,5825,203,36,19,11.0,93
POST_0174,2023-04-12 08:15:00,Twitter,Carousel,User Generated Content,28145,18802,1436,119,89,0.0,677
POST_0175,2023-03-20 23:12:00,Instagram,Story,Festive/Seasonal,10721,7895,495,88,16,35.0,216
POST_0176,2023-07-11 19:39:00,Instagram,Image,Product Launch,32904,27353,2590,423,240,117.0,500
POST_0177,2023-03-24 06:33:00,Instagram,Reel,Behind the Scenes,26717,21526,6235,905,244,392.0,802
POST_0178,2023-10-04 20:16:00,Facebook,Video,Product Launch,29997,21279,7013,515,629,0.0,527
POST_0179,2023-09-29 13:52:00,Facebook,Reel,Tutorial,41769,32525,7154,909,296,0.0,706
POST_0180,2023-01-01 14:22:00,Facebook,Reel,User Generated Content,58359,41699,12348,1139,1038,0.0,580
POST_0181,2023-11-03 20:17:00,Instagram,Story,User Generated Content,15350,10259,494,58,26,34.0,235
POST_0182,2023-06-15 07:50:00,Twitter,Video,Promotion/Sale,19280,15506,4191,300,174,0.0,172
POST_0183,2023-09-08 19:25:00,Instagram,Reel,Tutorial,91430,78725,26313,3317,2388,851.0,1051
POST_0184,2023-01-10 19:05:00,Instagram,Image,Tutorial,27235,18091,1790,307,58,48.0,426
POST_0185,2023-02-27 14:23:00,Instagram,Story,Behind the Scenes,16505,10899,508,90,49,10.0,420
POST_0186,2023-07-05 08:25:00,Instagram,Story,Behind the Scenes,28839,25002,1718,201,110,103.0,354
POST_0187,2023-06-07 23:29:00,Facebook,Carousel,Product Launch,12983,11587,990,136,60,,417
POST_0188,2023-05-03 23:36:00,Facebook,Carousel,User Generated Content,9148,7530,1450,250,112,0.0,187
POST_0189,2023-01-30 13:15:00,Instagram,Reel,Festive/Seasonal,78239,51449,18846,2631,1457,620.0,1531
POST_0190,2023-05-04 19:44:00,Twitter,Image,Tutorial,10004,8131,473,64,47,,93
POST_0191,2023-10-18 03:14:00,Facebook,Carousel,Tutorial,18870,15956,2451,357,224,0.0,353
POST_0192,2023-02-10 20:19:00,Instagram,Story,Behind the Scenes,19154,15646,1473,219,126,67.0,540
POST_0193,2023-02-13 04:43:00,Instagram,Story,Festive/Seasonal,4134,3022,188,19,14,8.0,70
POST_0194,2023-09-06 09:52:00,Facebook,Image,Product Launch,10969,8153,569,33,41,0.0,244
POST_0195,2023-02-05 19:54:00,Instagram,Carousel,Product Launch,33474,28982,4253,477,135,172.0,620
POST_0196,2023-09-30 14:05:00,Facebook,Reel,User Generated Content,51382,40850,10809,1394,903,0.0,1404
POST_0197,2023-03-06 00:41:00,Instagram,Image,Product Launch,18998,12634,1739,166,64,85.0,223
POST_0198,2023-03-07 07:54:00,Facebook,Image,Festive/Seasonal,16128,11722,1466,176,75,0.0,331
POST_0199,2023-12-04 04:41:00,Instagram,Carousel,User Generated Content,14265,9706,952,131,40,49.0,303
POST_0200,2023-09-01 10:48:00,Instagram,Story,Festive/Seasonal,6227,4930,268,46,17,18.0,130
POST_0201,2023-10-09 03:02:00,Instagram,Video,Product Launch,48783,39046,11538,1903,530,377.0,1106
POST_0202,2023-03-26 02:05:00,Facebook,Image,Product Launch,7201,6192,832,79,38,0.0,206
POST_0203,2023-05-16 11:25:00,Instagram,Carousel,Promotion/Sale,20923,17091,1465,192,90,80.0,257
POST_0204,2023-09-28 09:24:00,Twitter,Image,Festive/Seasonal,12315,10661,733,45,23,0.0,311
POST_0205,2023-11-07 14:24:00,Instagram,Text,Festive/Seasonal,9175,6860,360,41,35,10.0,211
POST_0206,2023-08-05 11:35:00,Twitter,Reel,Promotion/Sale,16084,12176,3795,531,377,,168
POST_0207,2023-04-19 07:30:00,Instagram,Story,Festive/Seasonal,26315,18908,788,48,72,24.0,372
POST_0208,2023-10-04 14:03:00,Instagram,Reel,User Generated Content,36300,26816,3909,459,135,265.0,456
POST_0209,2023-12-20 18:40:00,Facebook,Image,Tutorial,12564,9840,778,72,59,0.0,391
POST_0210,2023-04-13 21:00:00,Instagram,Reel,Tutorial,98391,77674,24470,2703,837,1314.0,3008
POST_0211,2023-06-09 16:44:00,Instagram,Video,Promotion/Sale,21923,17186,2297,249,190,93.0,514
POST_0212,2023-07-24 08:10:00,Instagram,Video,Tutorial,77977,68759,11314,1153,460,900.0,2599
POST_0213,2023-12-10 15:05:00,Instagram,Image,Behind the Scenes,16853,13581,768,113,29,53.0,454
POST_0214,2023-11-29 01:31:00,Facebook,Reel,Tutorial,30245,19932,4098,345,226,0.0,251
POST_0215,2023-07-11 23:54:00,Facebook,Story,Product Launch,5159,3865,263,33,17,0.0,145
POST_0216,2023-08-13 20:27:00,Facebook,Image,Tutorial,22931,20592,2671,205,254,,277
POST_0217,2023-09-22 10:41:00,Facebook,Carousel,Promotion/Sale,17543,15210,2860,436,146,0.0,189
POST_0218,2023-08-20 03:50:00,Twitter,Carousel,Promotion/Sale,7723,5354,921,87,90,0.0,156
POST_0219,2023-03-03 18:21:00,Facebook,Carousel,Behind the Scenes,18122,15959,2268,292,189,0.0,243
POST_0220,2023-05-07 11:36:00,Twitter,Image,Festive/Seasonal,4926,3692,229,22,7,0.0,39
POST_0221,2023-04-26 21:54:00,Instagram,Carousel,User Generated Content,45918,33426,4842,518,181,283.0,550
POST_0222,2023-02-02 08:06:00,Twitter,Text,Product Launch,6241,5071,158,9,13,,120
POST_0223,2023-06-23 05:57:00,Twitter,Reel,Product Launch,20505,14554,2392,157,122,0.0,189
POST_0224,2023-01-11 04:33:00,Instagram,Image,Tutorial,15183,10105,979,175,85,55.0,193
POST_0225,2023-10-29 15:58:00,Instagram,Image,Tutorial,13261,9052,1204,130,52,50.0,202
POST_0226,2023-10-11 14:02:00,Instagram,Carousel,User Generated Content,69084,57574,10523,541,622,514.0,608
POST_0227,2023-04-28 18:14:00,Facebook,Image,Festive/Seasonal,5838,4575,314,16,14,0.0,179
POST_0228,2023-10-29 09:13:00,Instagram,Reel,Product Launch,92326,82160,20777,1335,1420,981.0,2902
POST_0229,2023-04-23 14:57:00,Facebook,Reel,Promotion/Sale,23260,17006,5386,602,303,0.0,371
POST_0230,2023-01-04 08:55:00,Facebook,Story,User Generated Content,11699,9900,992,172,84,0.0,192
POST_0231,2023-02-06 12:44:00,Instagram,Video,Festive/Seasonal,32817,28229,3404,569,212,198.0,840
POST_0232,2023-12-29 10:56:00,Facebook,Image,Promotion/Sale,17750,14362,1535,90,101,0.0,208
POST_0233,2023-11-20 19:36:00,Instagram,Story,Behind the Scenes,28074,18540,780,111,27,18.0,192
POST_0234,2023-01-31 03:30:00,Twitter,Carousel,User Generated Content,14748,12305,1511,133,82,0.0,409
POST_0235,2023-04-28 16:17:00,Twitter,Carousel,User Generated Content,3412,2301,384,57,18,0.0,24
POST_0236,2023-02-04 21:02:00,Twitter,Image,User Generated Content,5962,5317,406,60,29,0.0,114
POST_0237,2023-01-17 13:59:00,Twitter,Story,Behind the Scenes,6467,5455,449,53,14,0.0,213
POST_0238,2023-06-19 20:04:00,Facebook,Reel,User Generated Content,69366,50165,19006,2437,1345,0.0,1627
POST_0239,2023-02-06 10:43:00,Instagram,Text,User Generated Content,4057,2980,204,16,11,9.0,69
POST_0240,2023-09-21 21:59:00,Instagram,Image,Promotion/Sale,41703,36939,2626,172,115,192.0,1085
POST_0241,2023-05-02 10:17:00,Instagram,Image,Promotion/Sale,22231,19154,2609,216,216,124.0,675
POST_0242,2023-05-23 20:57:00,Facebook,Reel,User Generated Content,60512,51078,15117,1104,1030,0.0,2019
POST_0243,2023-12-09 09:34:00,Instagram,Reel,User Generated Content,100572,85933,15696,1816,1394,1004.0,2257
POST_0244,2023-09-06 18:36:00,Instagram,Image,User Generated Content,14412,11199,857,105,67,62.0,325
POST_0245,2023-04-20 08:42:00,Instagram,Carousel,Festive/Seasonal,37881,24711,2656,383,264,68.0,544
POST_0246,2023-10-04 08:02:00,Facebook,Image,User Generated Content,30041,21059,2133,309,155,0.0,329
POST_0247,2023-03-09 07:11:00,Twitter,Image,Product Launch,14255,9284,1123,61,92,0.0,149
POST_0248,2023-10-20 22:59:00,Instagram,Reel,Tutorial,48005,35618,7540,522,387,547.0,1420
POST_0249,2023-10-23 17:54:00,Instagram,Image,Festive/Seasonal,14017,12216,1281,129,75,79.0,123
POST_0250,2023-08-31 12:20:00,Twitter,Image,User Generated Content,5383,3977,494,30,35,0.0,97
POST_0251,2023-05-05 03:01:00,Twitter,Image,Behind the Scenes,4594,3630,369,47,28,0.0,123
POST_0252,2023-08-31 02:13:00,Instagram,Story,Tutorial,7446,6375,458,27,15,18.0,213
POST_0253,2023-07-28 10:37:00,Instagram,Image,Festive/Seasonal,16064,12209,758,70,45,19.0,202
POST_0254,2023-04-08 19:09:00,Facebook,Image,Behind the Scenes,25610,21356,3071,526,230,0.0,483
POST_0255,2023-02-18 09:48:00,Instagram,Image,Behind the Scenes,20392,15344,1973,197,138,109.0,238
POST_0256,2023-02-19 04:52:00,Instagram,Image,Promotion/Sale,12328,9044,456,24,40,16.0,231
POST_0257,2023-12-04 02:45:00,Facebook,Reel,User Generated Content,17807,13487,4739,755,203,0.0,459
POST_0258,2023-08-09 22:52:00,Instagram,Image,Behind the Scenes,12195,9399,571,34,46,28.0,217
POST_0259,2023-07-01 13:25:00,Instagram,Story,Promotion/Sale,11856,9515,435,64,33,33.0,114
POST_0260,2023-08-05 16:59:00,Facebook,Carousel,Behind the Scenes,7162,5160,565,46,52,0.0,90
POST_0261,2023-07-30 10:04:00,Facebook,Video,User Generated Content,22872,19308,2445,277,79,0.0,229
POST_0262,2023-08-28 21:19:00,Facebook,Video,User Generated Content,58740,40225,9302,962,505,0.0,1488
POST_0263,2023-01-28 22:10:00,Instagram,Image,User Generated Content,20435,13549,1195,100,96,94.0,239
POST_0264,2023-12-11 10:36:00,Instagram,Image,User Generated Content,17295,12098,1237,136,121,69.0,247
POST_0265,2023-12-01 21:15:00,Twitter,Image,Behind the Scenes,13089,10344,1016,65,91,0.0,327
POST_0266,2023-11-27 01:36:00,Facebook,Story,Promotion/Sale,2667,2205,165,10,10,,54
POST_0267,2023-02-20 08:53:00,Instagram,Reel,Product Launch,83713,63030,18571,2245,638,942.0,2155
POST_0268,2023-02-01 08:54:00,Facebook,Story,Tutorial,16980,11257,1042,79,50,0.0,168
POST_0269,2023-07-26 03:24:00,Instagram,Story,Product Launch,12512,8773,870,142,79,29.0,206
POST_0270,2023-06-23 12:43:00,Instagram,Image,Product Launch,30365,25597,1295,75,80,96.0,669
POST_0271,2023-02-25 05:57:00,Facebook,Image,Promotion/Sale,8439,7219,610,92,59,0.0,116
POST_0272,2023-05-08 12:34:00,Facebook,Image,Behind the Scenes,15526,11206,1390,173,103,0.0,380
POST_0273,2023-04-09 20:21:00,Twitter,Story,User Generated Content,9710,6694,576,88,30,0.0,239
POST_0274,2023-04-08 09:24:00,Facebook,Image,Behind the Scenes,28835,20738,2953,201,130,0.0,321
POST_0275,2023-10-02 13:48:00,Instagram,Image,Behind the Scenes,13999,10640,1139,69,104,77.0,267
POST_0276,2023-08-18 03:47:00,Facebook,Image,Promotion/Sale,15858,11963,1704,233,126,0.0,179
POST_0277,2023-03-13 08:08:00,Twitter,Story,User Generated Content,4636,3028,231,27,18,0.0,111
POST_0278,2023-08-05 07:50:00,Instagram,Image,Festive/Seasonal,17930,14933,985,159,86,51.0,467
POST_0279,2023-04-04 10:44:00,Facebook,Carousel,Promotion/Sale,17222,13171,1626,185,143,0.0,264
POST_0280,2023-05-23 13:46:00,Instagram,Reel,User Generated Content,22410,18555,6298,397,294,179.0,379
POST_0281,2023-08-25 19:05:00,Instagram,Image,Tutorial,47266,38060,3114,496,196,245.0,1104
POST_0282,2023-05-08 15:32:00,Instagram,Reel,Behind the Scenes,18203,14909,3149,438,109,96.0,531
POST_0283,2023-02-08 16:47:00,Facebook,Carousel,Promotion/Sale,10866,8809,1514,176,77,0.0,144
POST_0284,2023-08-15 13:22:00,Facebook,Reel,Behind the Scenes,16049,11651,3439,591,312,0.0,384
POST_0285,2023-10-09 14:03:00,Twitter,Story,Behind the Scenes,4876,4275,360,44,13,0.0,100
POST_0286,2023-02-20 16:06:00,Facebook,Video,User Generated Content,23951,20744,4863,483,478,0.0,276
POST_0287,2023-01-26 17:27:00,Facebook,Reel,Product Launch,27047,23788,4750,767,239,0.0,887
POST_0288,2023-11-30 00:14:00,Instagram,Story,Festive/Seasonal,12712,10820,403,70,32,15.0,377
POST_0289,2023-10-04 07:53:00,Instagram,Reel,Festive/Seasonal,48840,40338,10746,672,504,222.0,970
POST_0290,2023-01-08 19:04:00,Twitter,Reel,User Generated Content,20236,16180,3302,293,270,0.0,185
POST_0291,2023-02-17 21:21:00,Facebook,Image,Promotion/Sale,35286,24570,1365,110,116,0.0,271
POST_0292,2023-05-02 09:38:00,Facebook,Reel,Festive/Seasonal,79322,71299,24744,2914,852,0.0,2491
POST_0293,2023-03-27 06:49:00,Instagram,Story,Promotion/Sale,4143,3635,306,48,28,16.0,92
POST_0294,2023-07-28 04:39:00,Instagram,Story,Tutorial,9527,6947,467,70,33,34.0,161
POST_0295,2023-09-06 16:38:00,Instagram,Image,Tutorial,19421,16035,1135,132,42,48.0,394
POST_0296,2023-09-04 02:25:00,Instagram,Story,User Generated Content,14821,13155,1042,152,68,60.0,159
POST_0297,2023-04-20 19:49:00,Instagram,Reel,Promotion/Sale,66398,43916,7195,618,705,286.0,1074
POST_0298,2023-07-25 23:20:00,Instagram,Reel,Behind the Scenes,16496,13241,2646,203,175,53.0,135
POST_0299,2023-01-31 03:01:00,Facebook,Text,User Generated Content,5639,4471,217,19,20,0.0,97
POST_0300,2023-03-26 13:40:00,Twitter,Image,Festive/Seasonal,3471,2791,164,15,10,0.0,101
POST_0301,2023-07-14 09:17:00,Twitter,Reel,Product Launch,63258,43197,8567,867,509,0.0,964
POST_0302,2023-01-02 11:50:00,Facebook,Video,Behind the Scenes,30274,25082,6224,561,545,0.0,969
POST_0303,2023-07-19 05:28:00,Facebook,Text,Promotion/Sale,2825,1878,99,13,3,0.0,40
POST_0304,2023-05-16 08:31:00,Instagram,Story,Product Launch,22119,16418,734,76,60,17.0,203
POST_0305,2023-08-21 08:14:00,Instagram,Image,Tutorial,40079,32851,2718,345,83,158.0,1228
POST_0306,2023-05-27 22:22:00,Instagram,Image,Tutorial,14511,12601,1480,97,137,35.0,327
POST_0307,2023-08-05 14:35:00,Facebook,Video,Tutorial,22913,18199,2216,146,153,0.0,369
POST_0308,2023-12-23 21:24:00,Instagram,Video,Festive/Seasonal,78348,63702,19200,2688,1153,1159.0,1163
POST_0309,2023-10-12 05:27:00,Facebook,Carousel,Festive/Seasonal,14856,12621,2403,388,226,0.0,289
POST_0310,2023-12-05 19:11:00,Facebook,Image,Behind the Scenes,13661,10868,908,116,72,0.0,333
POST_0311,2023-09-07 01:43:00,Instagram,Reel,Promotion/Sale,25282,17334,6168,585,251,132.0,509
POST_0312,2023-03-21 02:37:00,Instagram,Story,Tutorial,10603,7794,320,33,16,19.0,219
POST_0313,2023-04-08 11:42:00,Instagram,Image,Behind the Scenes,15799,12062,1375,93,87,29.0,303
POST_0314,2023-06-01 10:24:00,Instagram,Image,User Generated Content,18156,13545,700,37,40,20.0,144
POST_0315,2023-04-22 14:05:00,Instagram,Story,Tutorial,12050,10544,467,81,24,34.0,296
POST_0316,2023-01-30 10:49:00,Twitter,Reel,Behind the Scenes,23147,20739,4185,732,239,0.0,447
POST_0317,2023-10-24 07:39:00,Instagram,Image,Promotion/Sale,19561,15422,1542,229,136,71.0,294
POST_0318,2023-10-05 12:18:00,Instagram,Image,Tutorial,9552,6673,357,33,17,27.0,178
POST_0319,2023-02-01 09:51:00,Twitter,Video,Behind the Scenes,17036,12964,3270,371,190,0.0,516
POST_0320,2023-06-10 03:15:00,Facebook,Reel,User Generated Content,21753,17529,4798,627,211,0.0,383
POST_0321,2023-01-30 16:45:00,Facebook,Image,Festive/Seasonal,9219,6517,915,153,73,0.0,169
POST_0322,2023-01-26 14:04:00,Facebook,Video,Product Launch,45158,30827,8911,590,762,0.0,563
POST_0323,2023-10-27 13:05:00,Instagram,Story,User Generated Content,26159,20164,1979,250,111,73.0,324
POST_0324,2023-09-02 08:17:00,Instagram,Image,Tutorial,30420,22712,2204,251,155,158.0,895
POST_0325,2023-09-15 07:09:00,Facebook,Reel,Festive/Seasonal,87737,69608,25946,1973,976,0.0,2479
POST_0326,2023-09-29 23:24:00,Instagram,Image,User Generated Content,11437,9855,1317,76,120,61.0,249
POST_0327,2023-03-22 01:45:00,Instagram,Image,User Generated Content,6329,4868,555,79,43,15.0,92
POST_0328,2023-01-30 06:50:00,Instagram,Reel,Behind the Scenes,30439,25906,5164,399,501,106.0,1034
POST_0329,2023-09-18 22:40:00,Instagram,Carousel,Behind the Scenes,17804,11636,2074,328,169,59.0,379
POST_0330,2023-02-11 19:09:00,Instagram,Image,Promotion/Sale,44103,35927,4366,698,318,110.0,884
POST_0331,2023-04-06 19:47:00,Twitter,Reel,Behind the Scenes,24755,16499,3585,230,310,,634
POST_0332,2023-02-05 08:24:00,Instagram,Image,User Generated Content,12527,11133,1092,97,38,54.0,376
POST_0333,2023-11-01 04:20:00,Instagram,Video,Tutorial,14509,10892,1940,155,96,132.0,412
POST_0334,2023-02-04 12:23:00,Twitter,Reel,Promotion/Sale,19456,17053,3586,401,164,0.0,498
POST_0335,2023-12-12 10:06:00,Twitter,Image,Behind the Scenes,3965,3219,192,31,12,0.0,75
POST_0336,2023-05-01 04:05:00,Instagram,Image,Promotion/Sale,15402,12417,681,94,31,42.0,430
POST_0337,2023-07-26 13:00:00,Twitter,Text,Promotion/Sale,4344,2978,182,15,11,0.0,55
POST_0338,2023-03-03 07:19:00,Twitter,Image,User Generated Content,7712,6226,331,48,17,0.0,62
POST_0339,2023-10-19 13:28:00,Facebook,Reel,Promotion/Sale,25796,21326,3071,488,92,0.0,371
POST_0340,2023-05-07 16:23:00,Instagram,Image,Festive/Seasonal,17107,12472,720,69,35,50.0,241
POST_0341,2023-10-24 09:48:00,Facebook,Image,Behind the Scenes,19533,17139,1443,253,52,0.0,524
POST_0342,2023-11-01 09:17:00,Facebook,Story,Product Launch,15588,11642,949,134,28,0.0,174
POST_0343,2023-01-21 19:06:00,Instagram,Image,Product Launch,56256,47269,6583,930,334,173.0,1581
POST_0344,2023-11-14 10:08:00,Instagram,Image,Product Launch,19355,12813,1057,184,68,48.0,304
POST_0345,2023-02-11 11:05:00,Instagram,Image,Tutorial,9934,6587,801,83,70,56.0,107
POST_0346,2023-08-03 02:11:00,Twitter,Carousel,User Generated Content,6368,4891,972,75,75,0.0,138
POST_0347,2023-12-03 08:27:00,Instagram,Text,Promotion/Sale,15219,12702,497,66,28,31.0,202
POST_0348,2023-10-26 10:28:00,Facebook,Carousel,Tutorial,17801,12849,1605,92,60,0.0,327
POST_0349,2023-10-17 09:35:00,Twitter,Story,Promotion/Sale,3884,2892,174,9,6,0.0,64
POST_0350,2023-09-25 15:35:00,Facebook,Story,Behind the Scenes,5885,4420,328,41,10,0.0,105
POST_0351,2023-06-11 08:32:00,Facebook,Story,Product Launch,18423,13411,1230,185,81,0.0,526
POST_0352,2023-05-14 09:26:00,Instagram,Carousel,User Generated Content,27711,18129,3315,513,127,119.0,190
POST_0353,2023-04-15 22:06:00,Instagram,Video,Product Launch,37721,27801,5428,272,276,319.0,1090
POST_0354,2023-12-09 05:01:00,Instagram,Reel,User Generated Content,42554,27911,9993,1517,845,474.0,612
POST_0355,2023-06-10 22:05:00,Facebook,Story,Festive/Seasonal,4104,2920,206,30,13,0.0,34
POST_0356,2023-05-03 11:22:00,Instagram,Story,Behind the Scenes,14821,13126,1214,217,82,94.0,161
POST_0357,2023-05-16 17:35:00,Instagram,Image,User Generated Content,6283,4305,463,70,32,13.0,147
POST_0358,2023-07-22 09:05:00,Instagram,Reel,Product Launch,82233,61431,18464,1547,1000,1385.0,1149
POST_0359,2023-03-09 10:38:00,Instagram,Image,Festive/Seasonal,19791,13171,818,41,60,38.0,184
POST_0360,2023-12-10 03:38:00,Twitter,Reel,Product Launch,19227,15043,2857,328,221,0.0,184
POST_0361,2023-11-27 10:50:00,Facebook,Video,User Generated Content,22879,17997,3760,209,156,0.0,420
POST_0362,2023-06-03 09:20:00,Instagram,Carousel,Tutorial,25882,17146,3317,588,283,236.0,295
POST_0363,2023-08-23 02:55:00,Instagram,Image,Promotion/Sale,8320,6642,365,47,36,11.0,224
POST_0364,2023-06-11 20:24:00,Instagram,Image,User Generated Content,49205,43591,6110,719,601,399.0,647
POST_0365,2023-02-07 19:00:00,Facebook,Image,Promotion/Sale,19117,15487,1734,123,120,,513
POST_0366,2023-01-05 07:18:00,Twitter,Image,Behind the Scenes,10373,6773,330,31,31,0.0,114
POST_0367,2023-08-23 19:26:00,Instagram,Video,Product Launch,41590,35851,9868,615,592,214.0,875
POST_0368,2023-11-15 02:24:00,Instagram,Reel,Behind the Scenes,47253,32114,6485,659,611,516.0,364
POST_0369,2023-10-16 15:49:00,Facebook,Reel,Behind the Scenes,17824,14946,5427,942,382,0.0,309
POST_0370,2023-02-21 13:05:00,Instagram,Reel,User Generated Content,102846,73303,19967,1929,1516,687.0,1154
POST_0371,2023-02-07 06:46:00,Twitter,Reel,Product Launch,3910,2576,445,72,22,0.0,99
POST_0372,2023-10-03 19:57:00,Instagram,Image,Tutorial,33418,25369,2630,308,218,97.0,522
POST_0373,2023-04-20 09:35:00,Facebook,Story,Festive/Seasonal,19442,14952,1073,82,76,0.0,233
POST_0374,2023-09-17 22:57:00,Instagram,Reel,Promotion/Sale,33337,28795,5212,308,181,398.0,725
POST_0375,2023-05-16 15:15:00,Instagram,Story,Promotion/Sale,17444,12787,1098,164,83,31.0,463
POST_0376,2023-03-09 05:36:00,Instagram,Image,Promotion/Sale,12829,9244,821,45,31,54.0,92
POST_0377,2023-06-28 03:33:00,Instagram,Image,Promotion/Sale,7009,6260,436,39,22,14.0,62
POST_0378,2023-02-05 07:10:00,Instagram,Carousel,Behind the Scenes,28246,25187,2626,357,215,186.0,571
POST_0379,2023-05-06 05:43:00,Instagram,Story,Promotion/Sale,9808,8377,411,40,38,28.0,331
POST_0380,2023-07-09 05:24:00,Instagram,Image,Behind the Scenes,13128,9823,1028,139,36,54.0,307
POST_0381,2023-05-26 19:10:00,Twitter,Image,Product Launch,13027,11568,602,50,43,0.0,218
POST_0382,2023-03-22 02:08:00,Facebook,Image,Tutorial,9826,8251,477,55,31,0.0,173
POST_0383,2023-08-13 22:17:00,Instagram,Carousel,Festive/Seasonal,23030,20272,3487,504,314,127.0,693
POST_0384,2023-10-06 15:19:00,Facebook,Carousel,Behind the Scenes,10062,7409,891,157,80,0.0,229
POST_0385,2023-12-27 11:17:00,Instagram,Carousel,Promotion/Sale,33283,25763,3266,232,277,209.0,554
POST_0386,2023-06-04 13:31:00,Facebook,Carousel,Behind the Scenes,13025,11198,824,116,80,0.0,259
POST_0387,2023-11-10 14:09:00,Twitter,Image,Product Launch,12913,10157,1430,81,93,0.0,320
POST_0388,2023-12-01 17:04:00,Instagram,Text,Festive/Seasonal,7592,5275,329,40,19,9.0,189
POST_0389,2023-09-28 21:10:00,Facebook,Image,Behind the Scenes,13636,11834,1332,204,63,0.0,340
POST_0390,2023-01-05 15:27:00,Instagram,Image,Tutorial,11889,10203,1377,71,106,31.0,270
POST_0391,2023-12-08 23:17:00,Instagram,Image,User Generated Content,8711,7015,561,81,32,13.0,235
POST_0392,2023-10-11 08:26:00,Instagram,Story,Product Launch,13136,9959,850,79,28,36.0,381
POST_0393,2023-06-03 23:19:00,Facebook,Image,User Generated Content,13055,9135,805,118,29,0.0,167
POST_0394,2023-12-06 08:30:00,Twitter,Reel,Tutorial,25901,19633,7440,437,493,0.0,301
POST_0395,2023-02-23 11:50:00,Facebook,Carousel,User Generated Content,21465,16220,1977,201,95,0.0,262
POST_0396,2023-03-10 12:04:00,Twitter,Image,Product Launch,6961,4991,377,51,36,0.0,140
POST_0397,2023-05-16 15:23:00,Facebook,Text,Tutorial,2213,1769,95,12,4,0.0,18
POST_0398,2023-03-01 19:16:00,Instagram,Video,Behind the Scenes,114016,81261,21406,3036,1556,830.0,1473
POST_0399,2023-02-24 14:15:00,Instagram,Carousel,Product Launch,62893,42545,4011,693,327,292.0,684
POST_0400,2023-10-11 09:46:00,Instagram,Video,Product Launch,82210,67846,17934,1848,557,985.0,1193
POST_0401,2023-03-21 02:40:00,Twitter,Image,Promotion/Sale,4627,3978,262,36,25,0.0,51
POST_0402,2023-05-20 11:31:00,Instagram,Carousel,Promotion/Sale,8034,6092,519,76,48,23.0,108
POST_0403,2023-05-25 01:38:00,Facebook,Image,Product Launch,4839,3858,412,54,19,0.0,121
POST_0404,2023-11-06 09:39:00,Facebook,Video,Tutorial,21613,15125,4666,681,144,0.0,263
POST_0405,2023-04-18 08:12:00,Facebook,Reel,User Generated Content,32238,21458,5267,765,381,0.0,647
POST_0406,2023-06-25 15:29:00,Twitter,Image,Product Launch,1940,1722,221,34,19,,65
POST_0407,2023-04-15 23:06:00,Instagram,Image,Product Launch,10859,9075,1078,126,37,45.0,341
POST_0408,2023-12-18 03:08:00,Twitter,Carousel,Tutorial,8128,6377,706,69,65,0.0,191
POST_0409,2023-11-21 14:19:00,Instagram,Story,Product Launch,18760,13358,1159,122,70,68.0,508
POST_0410,2023-05-16 09:00:00,Twitter,Carousel,Behind the Scenes,9969,8535,973,104,30,0.0,162
POST_0411,2023-09-16 14:25:00,Instagram,Image,Tutorial,19339,17052,991,148,58,58.0,303
POST_0412,2023-09-08 22:21:00,Instagram,Video,Product Launch,18271,12609,1611,119,123,117.0,434
POST_0413,2023-05-09 19:53:00,Instagram,Story,Promotion/Sale,14589,10612,573,67,38,23.0,218
POST_0414,2023-01-27 01:39:00,Instagram,Video,Promotion/Sale,45881,38876,7034,1187,680,278.0,802
POST_0415,2023-02-17 21:24:00,Instagram,Story,Tutorial,37581,25391,1632,199,106,51.0,908
POST_0416,2023-11-21 14:51:00,Facebook,Image,Tutorial,18363,15782,2058,303,125,0.0,446
POST_0417,2023-08-05 06:55:00,Instagram,Image,Promotion/Sale,8908,7335,513,33,21,10.0,231
POST_0418,2023-05-22 14:21:00,Twitter,Reel,Promotion/Sale,22505,17525,2967,180,92,,262
POST_0419,2023-01-23 12:28:00,Instagram,Video,Product Launch,41211,27872,4509,529,327,156.0,326
POST_0420,2023-01-02 22:21:00,Facebook,Reel,Behind the Scenes,22182,15717,2895,505,211,0.0,419
POST_0421,2023-06-20 11:27:00,Instagram,Reel,Tutorial,25271,20826,6409,463,416,286.0,752
POST_0422,2023-03-08 20:52:00,Facebook,Image,Promotion/Sale,14564,11405,673,86,25,0.0,229
POST_0423,2023-11-23 20:52:00,Twitter,Story,Promotion/Sale,5699,4262,428,32,28,0.0,96
POST_0424,2023-05-15 23:55:00,Instagram,Story,Product Launch,3510,2977,121,13,8,6.0,91
POST_0425,2023-03-24 02:41:00,Facebook,Reel,User Generated Content,34859,29816,10253,1159,547,0.0,1006
POST_0426,2023-08-15 15:38:00,Facebook,Image,Festive/Seasonal,11225,7811,1016,167,63,0.0,95
POST_0427,2023-10-10 01:08:00,Twitter,Reel,Tutorial,23296,16327,2369,388,135,0.0,428
POST_0428,2023-12-28 17:19:00,Facebook,Video,Behind the Scenes,29199,19465,5006,298,281,0.0,664
POST_0429,2023-08-07 23:20:00,Twitter,Image,Product Launch,1960,1445,121,7,6,0.0,34
POST_0430,2023-10-15 13:38:00,Instagram,Reel,Festive/Seasonal,86145,70137,21703,1108,981,1295.0,1719
POST_0431,2023-01-05 14:44:00,Facebook,Story,User Generated Content,5732,4824,376,57,31,0.0,164
POST_0432,2023-02-27 09:12:00,Facebook,Image,Tutorial,26827,18378,2066,269,169,0.0,277
POST_0433,2023-02-08 21:30:00,Facebook,Text,Festive/Seasonal,13499,11839,715,91,54,0.0,434
POST_0434,2023-12-20 09:20:00,Instagram,Reel,Tutorial,86185,69645,11704,1306,938,424.0,1119
POST_0435,2023-03-18 19:11:00,Instagram,Carousel,Festive/Seasonal,23338,17648,3577,414,154,88.0,545
POST_0436,2023-10-07 16:25:00,Facebook,Reel,Promotion/Sale,17039,14576,4326,664,212,0.0,448
POST_0437,2023-01-19 01:20:00,Facebook,Video,Behind the Scenes,24418,17852,3077,230,241,0.0,295
POST_0438,2023-07-09 15:18:00,Twitter,Image,Behind the Scenes,5209,3730,416,64,35,0.0,122
POST_0439,2023-10-26 08:47:00,Instagram,Reel,User Generated Content,60024,39483,7677,417,702,265.0,1054
POST_0440,2023-10-10 08:44:00,Instagram,Story,Festive/Seasonal,13040,10649,631,105,58,24.0,394
POST_0441,2023-03-17 13:40:00,Facebook,Image,User Generated Content,14962,9976,569,102,30,0.0,323
POST_0442,2023-08-09 09:31:00,Facebook,Reel,Behind the Scenes,83025,71775,27518,2239,903,0.0,1603
POST_0443,2023-03-07 07:36:00,Twitter,Image,Tutorial,14490,10551,1169,93,36,0.0,347
POST_0444,2023-01-22 20:50:00,Twitter,Reel,Product Launch,29123,24480,3377,536,247,0.0,658
POST_0445,2023-06-07 22:15:00,Twitter,Reel,Promotion/Sale,16604,13204,5038,747,307,0.0,412
POST_0446,2023-07-06 14:20:00,Instagram,Image,Tutorial,20965,14826,1561,266,148,63.0,382
POST_0447,2023-01-21 05:24:00,Facebook,Video,Festive/Seasonal,25743,17076,3651,502,282,0.0,361
POST_0448,2023-07-03 02:17:00,Facebook,Video,Tutorial,37062,25640,5745,803,452,0.0,755
POST_0449,2023-04-18 16:52:00,Instagram,Image,Behind the Scenes,13103,10480,683,96,42,41.0,368
POST_0450,2023-12-16 21:50:00,Instagram,Video,Product Launch,38460,25183,7215,932,569,507.0,858
POST_0451,2023-05-08 08:25:00,Instagram,Video,Product Launch,70191,52676,7713,959,380,580.0,1448
POST_0452,2023-12-08 16:23:00,Facebook,Image,Festive/Seasonal,10896,8049,426,23,25,0.0,100
POST_0453,2023-02-22 16:07:00,Facebook,Reel,Behind the Scenes,40723,33179,6041,979,555,0.0,527
POST_0454,2023-07-01 04:59:00,Instagram,Video,Tutorial,41737,30118,8788,1578,282,648.0,863
POST_0455,2023-10-14 17:36:00,Instagram,Image,Promotion/Sale,18619,12392,993,58,97,68.0,440
POST_0456,2023-07-28 02:12:00,Twitter,Carousel,User Generated Content,11795,7917,1009,59,45,0.0,133
POST_0457,2023-11-14 13:37:00,Facebook,Image,Tutorial,5153,3565,221,39,18,0.0,139
POST_0458,2023-03-21 15:34:00,Instagram,Story,Festive/Seasonal,8779,6317,590,54,30,20.0,87
POST_0459,2023-05-02 08:11:00,Instagram,Video,Promotion/Sale,72157,48030,7644,1186,307,310.0,1726
POST_0460,2023-03-25 04:43:00,Instagram,Image,Festive/Seasonal,5742,3851,363,32,25,24.0,54
POST_0461,2023-04-01 17:49:00,Instagram,Carousel,Product Launch,11787,9500,1058,119,37,50.0,182
POST_0462,2023-07-31 22:35:00,Instagram,Image,Tutorial,28230,18751,1653,181,133,90.0,562
POST_0463,2023-01-13 23:01:00,Facebook,Video,Tutorial,17524,13747,4126,737,380,0.0,290
POST_0464,2023-04-02 21:46:00,Instagram,Image,Promotion/Sale,20592,15904,1895,216,120,133.0,331
POST_0465,2023-06-20 03:29:00,Twitter,Reel,Tutorial,9456,7219,2333,154,102,0.0,278
POST_0466,2023-07-30 16:45:00,Twitter,Reel,Behind the Scenes,9315,7376,2038,231,153,0.0,124
POST_0467,2023-12-09 12:13:00,Facebook,Image,User Generated Content,10482,7183,738,54,36,0.0,118
POST_0468,2023-05-08 00:28:00,Twitter,Image,User Generated Content,3432,2939,221,37,21,0.0,79
POST_0469,2023-05-17 08:51:00,Instagram,Reel,Festive/Seasonal,101788,75511,11347,1388,1011,768.0,1151
POST_0470,2023-03-23 22:18:00,Instagram,Reel,Festive/Seasonal,34108,24050,4421,723,209,158.0,240
POST_0471,2023-12-26 08:53:00,Facebook,Image,User Generated Content,24617,20618,1290,141,70,0.0,264
POST_0472,2023-02-25 19:44:00,Facebook,Story,Promotion/Sale,15984,14068,547,48,24,0.0,241
POST_0473,2023-07-15 06:04:00,Instagram,Reel,Behind the Scenes,33382,28045,4698,532,282,262.0,1121
POST_0474,2023-01-20 23:52:00,Facebook,Image,Product Launch,13749,10304,1313,94,42,0.0,166
POST_0475,2023-08-29 05:54:00,Facebook,Image,Promotion/Sale,10322,9059,878,101,29,0.0,100
POST_0476,2023-04-24 08:50:00,Instagram,Carousel,Tutorial,27629,20985,4046,286,128,189.0,359
POST_0477,2023-04-13 19:50:00,Instagram,Image,Product Launch,23405,16228,1370,211,78,89.0,223
POST_0478,2023-08-24 12:26:00,Twitter,Story,Festive/Seasonal,6622,4696,398,49,37,0.0,101
POST_0479,2023-06-29 13:43:00,Instagram,Image,User Generated Content,30762,21798,1768,95,172,106.0,828
POST_0480,2023-06-06 19:31:00,Instagram,Story,Behind the Scenes,20521,16475,1397,127,124,107.0,602
POST_0481,2023-04-27 13:08:00,Facebook,Story,User Generated Content,6879,6128,225,32,17,0.0,175
POST_0482,2023-04-25 16:40:00,Instagram,Carousel,Product Launch,37537,27325,3305,199,201,117.0,554
POST_0483,2023-01-13 21:19:00,Instagram,Story,User Generated Content,31127,20713,883,62,63,25.0,808
POST_0484,2023-12-04 14:15:00,Facebook,Image,Festive/Seasonal,10884,8439,604,67,46,0.0,274
POST_0485,2023-04-09 14:16:00,Instagram,Reel,Promotion/Sale,98210,83905,27000,1545,822,884.0,2509
POST_0486,2023-07-24 05:42:00,Facebook,Video,Product Launch,23980,17999,5582,928,522,0.0,349
POST_0487,2023-06-18 06:09:00,Instagram,Image,User Generated Content,6480,4511,364,38,32,9.0,144
POST_0488,2023-05-23 17:45:00,Facebook,Reel,Festive/Seasonal,28918,20878,5306,472,380,0.0,480
POST_0489,2023-02-05 15:27:00,Facebook,Story,Product Launch,6356,5296,441,75,38,0.0,142
POST_0490,2023-05-23 21:50:00,Facebook,Carousel,Promotion/Sale,36698,32095,4157,384,127,0.0,1116
POST_0491,2023-06-29 18:24:00,Instagram,Story,Product Launch,10571,8097,360,63,16,8.0,225
POST_0492,2023-11-25 01:04:00,Twitter,Reel,User Generated Content,16514,10868,3223,384,119,0.0,164
POST_0493,2023-09-18 09:28:00,Instagram,Reel,User Generated Content,80125,68481,26008,2178,2545,1193.0,1398
POST_0494,2023-07-24 18:38:00,Instagram,Carousel,Product Launch,10201,6765,1161,127,53,65.0,118
POST_0495,2023-12-14 22:30:00,Instagram,Image,Behind the Scenes,11513,9845,923,88,51,63.0,195
POST_0496,2023-10-02 14:37:00,Instagram,Story,Tutorial,13349,8959,623,70,55,20.0,191
POST_0497,2023-06-19 19:25:00,Instagram,Carousel,Festive/Seasonal,42865,32782,3791,649,145,288.0,1000
POST_0498,2023-01-15 19:34:00,Instagram,Carousel,Promotion/Sale,51425,33846,4754,489,196,282.0,1324
POST_0499,2023-03-01 07:32:00,Instagram,Image,Tutorial,19605,14790,875,113,83,52.0,181
POST_0500,2023-05-14 07:59:00,Instagram,Carousel,Product Launch,41187,32441,4219,668,367,239.0,687
POST_0501,2023-04-02 22:58:00,Instagram,Image,Promotion/Sale,9909,7464,842,114,29,36.0,115
POST_0502,2023-10-25 19:55:00,Twitter,Image,User Generated Content,5985,5128,266,27,11,0.0,186
POST_0503,2023-05-16 21:44:00,Facebook,Reel,Behind the Scenes,37585,31303,11684,919,1075,0.0,1190
POST_0504,2023-01-20 06:26:00,Instagram,Reel,Festive/Seasonal,56312,45548,13174,1349,1089,683.0,1381
POST_0505,2023-02-25 16:34:00,Instagram,Reel,Behind the Scenes,64960,44602,15219,1829,1356,698.0,953
POST_0506,2023-11-02 14:02:00,Instagram,Reel,Product Launch,81495,58089,19989,2257,1319,769.0,1579
POST_0507,2023-08-11 11:50:00,Twitter,Image,Behind the Scenes,3277,2135,303,53,17,0.0,68
POST_0508,2023-06-26 19:23:00,Instagram,Image,Product Launch,24222,19808,2482,429,143,166.0,356
POST_0509,2023-06-10 19:44:00,Facebook,Story,Behind the Scenes,24645,16760,1735,127,127,0.0,279
POST_0510,2023-08-12 12:57:00,Instagram,Image,Promotion/Sale,21166,16649,1465,103,61,66.0,544
POST_0511,2023-11-07 10:51:00,Twitter,Image,Behind the Scenes,1650,1345,142,10,6,0.0,14
POST_0512,2023-09-19 05:34:00,Instagram,Reel,Tutorial,47237,42214,6867,549,623,519.0,953
POST_0513,2023-03-01 06:38:00,Twitter,Text,Product Launch,634,504,12,1,0,0.0,5
POST_0514,2023-07-17 14:40:00,Instagram,Reel,Behind the Scenes,84529,63347,23900,2885,1177,1495.0,1149
POST_0515,2023-10-23 20:58:00,Instagram,Text,User Generated Content,15250,10105,449,71,38,15.0,169
POST_0516,2023-04-08 01:05:00,Instagram,Image,Product Launch,21117,18637,1065,115,57,76.0,233
POST_0517,2023-05-11 12:06:00,Twitter,Reel,Promotion/Sale,11320,8751,2110,197,121,0.0,226
POST_0518,2023-01-23 09:49:00,Facebook,Image,User Generated Content,10112,8018,1004,149,40,0.0,116
POST_0519,2023-12-29 21:15:00,Instagram,Reel,Tutorial,60205,49363,7034,383,403,434.0,780
POST_0520,2023-08-12 18:42:00,Instagram,Reel,Product Launch,30164,21565,7652,1273,388,258.0,481
POST_0521,2023-01-01 12:42:00,Instagram,Reel,Festive/Seasonal,96956,79336,26897,2732,1101,1728.0,1651
POST_0522,2023-09-24 04:22:00,Instagram,Reel,Product Launch,32783,23527,3500,626,143,277.0,925
POST_0523,2023-10-03 02:10:00,Facebook,Image,Product Launch,10810,9367,709,78,52,0.0,209
POST_0524,2023-12-18 05:41:00,Facebook,Story,Festive/Seasonal,7386,5410,414,66,18,0.0,205
POST_0525,2023-12-10 11:39:00,Twitter,Image,Promotion/Sale,5979,5051,250,39,8,0.0,185
POST_0526,2023-04-11 12:02:00,Twitter,Image,User Generated Content,14280,10331,704,105,33,0.0,371
POST_0527,2023-07-06 20:36:00,Facebook,Carousel,Behind the Scenes,33323,26610,4227,586,297,0.0,608
POST_0528,2023-08-09 03:41:00,Instagram,Reel,Promotion/Sale,30409,25608,4761,666,220,273.0,830
POST_0529,2023-02-05 21:43:00,Instagram,Reel,Promotion/Sale,120950,79978,25268,2384,1604,1913.0,1596
POST_0530,2023-12-07 20:41:00,Instagram,Story,Tutorial,17442,11396,477,39,15,27.0,259
POST_0531,2023-06-19 21:25:00,Twitter,Reel,Product Launch,16178,13200,4951,279,457,0.0,360
POST_0532,2023-11-16 21:48:00,Instagram,Image,Product Launch,33793,26191,1431,88,103,57.0,982
POST_0533,2023-06-10 10:21:00,Facebook,Image,Behind the Scenes,8724,6310,621,87,57,0.0,213
POST_0534,2023-12-06 09:50:00,Twitter,Image,Tutorial,12353,10128,1405,124,42,0.0,183
POST_0535,2023-03-05 09:27:00,Facebook,Reel,Behind the Scenes,70529,56307,7441,1077,391,0.0,1686
POST_0536,2023-06-03 09:06:00,Facebook,Video,Behind the Scenes,38803,28546,4057,252,357,0.0,1071
POST_0537,2023-09-17 02:00:00,Instagram,Image,Promotion/Sale,9899,8238,1012,66,30,63.0,170
POST_0538,2023-06-08 07:06:00,Twitter,Image,User Generated Content,8055,5261,525,84,50,,141
POST_0539,2023-12-08 08:16:00,Twitter,Reel,Promotion/Sale,25234,18799,5328,535,249,0.0,241
POST_0540,2023-07-29 03:14:00,Instagram,Text,User Generated Content,5176,3489,113,20,6,5.0,126
POST_0541,2023-06-17 18:32:00,Instagram,Story,Product Launch,6754,5070,428,59,22,11.0,146
POST_0542,2023-07-26 08:47:00,Instagram,Image,Promotion/Sale,20152,16013,1834,258,151,132.0,400
POST_0543,2023-12-23 04:33:00,Facebook,Text,Behind the Scenes,3161,2074,78,8,5,0.0,73
POST_0544,2023-06-01 01:35:00,Facebook,Reel,Tutorial,19249,13116,4913,314,311,0.0,361
POST_0545,2023-10-11 21:37:00,Facebook,Text,User Generated Content,3915,2647,137,16,6,0.0,77
POST_0546,2023-03-07 12:44:00,Instagram,Reel,Behind the Scenes,85137,56224,14366,2005,684,552.0,1597
POST_0547,2023-04-09 20:36:00,Twitter,Story,Festive/Seasonal,8943,7245,503,37,39,0.0,193
POST_0548,2023-08-04 19:14:00,Twitter,Reel,Festive/Seasonal,26659,23402,3120,284,106,0.0,772
POST_0549,2023-12-07 12:28:00,Twitter,Carousel,User Generated Content,11691,8756,1583,172,93,0.0,333
POST_0550,2023-07-14 14:23:00,Facebook,Reel,Festive/Seasonal,35220,23953,6650,1170,375,0.0,284
POST_0551,2023-12-13 21:25:00,Facebook,Image,Festive/Seasonal,12169,9911,1425,154,78,0.0,218
POST_0552,2023-03-31 00:29:00,Instagram,Text,User Generated Content,2044,1779,78,7,5,3.0,52
POST_0553,2023-11-12 07:49:00,Facebook,Video,Tutorial,75207,51731,11326,1452,800,0.0,1140
POST_0554,2023-10-19 05:43:00,Instagram,Reel,User Generated Content,31329,21357,4875,346,396,158.0,251
POST_0555,2023-06-04 21:37:00,Instagram,Story,Behind the Scenes,47005,37333,2272,350,154,56.0,1007
POST_0556,2023-07-27 14:44:00,Instagram,Story,Product Launch,31371,23499,1347,92,54,61.0,654
POST_0557,2023-10-08 10:32:00,Instagram,Image,Product Launch,20309,13607,1276,168,112,85.0,249
POST_0558,2023-01-01 19:09:00,Instagram,Reel,Product Launch,160025,108990,38368,6761,1626,2429.0,1221
POST_0559,2023-06-05 07:22:00,Facebook,Image,Festive/Seasonal,24038,21249,2391,269,207,0.0,818
POST_0560,2023-05-27 04:01:00,Twitter,Image,Festive/Seasonal,994,890,50,7,2,0.0,12
POST_0561,2023-04-18 07:30:00,Facebook,Image,Tutorial,24162,16034,1692,283,96,,264
POST_0562,2023-08-09 15:06:00,Instagram,Reel,Product Launch,27382,18129,6128,964,436,252.0,616
POST_0563,2023-10-24 15:18:00,Facebook,Carousel,Festive/Seasonal,19205,16249,2570,266,249,0.0,426
POST_0564,2023-11-07 02:26:00,Instagram,Text,Product Launch,7766,5475,295,36,12,6.0,154
POST_0565,2023-12-02 20:58:00,Instagram,Reel,Tutorial,55728,45509,6758,726,280,209.0,731
POST_0566,2023-06-14 12:05:00,Twitter,Image,Behind the Scenes,9222,6112,526,61,33,0.0,131
POST_0567,2023-08-27 13:07:00,Twitter,Reel,Behind the Scenes,20887,13900,2032,253,141,0.0,505
POST_0568,2023-08-15 15:53:00,Instagram,Story,User Generated Content,11012,9800,387,24,12,12.0,257
POST_0569,2023-08-15 14:46:00,Instagram,Carousel,Festive/Seasonal,47924,41240,4730,283,198,130.0,564
POST_0570,2023-12-12 18:09:00,Instagram,Image,Tutorial,13881,9875,813,145,63,62.0,140
POST_0571,2023-04-20 08:22:00,Instagram,Reel,Product Launch,47444,30888,9255,1234,543,456.0,693
POST_0572,2023-09-19 00:19:00,Instagram,Text,Product Launch,1641,1204,39,2,3,2.0,38
POST_0573,2023-08-31 09:21:00,Instagram,Carousel,User Generated Content,25300,17058,1667,256,129,88.0,413
POST_0574,2023-03-28 14:29:00,Twitter,Carousel,Product Launch,12458,8324,935,89,79,0.0,331
POST_0575,2023-12-04 06:50:00,Instagram,Carousel,Product Launch,30505,21541,2789,287,274,86.0,731
POST_0576,2023-02-13 16:13:00,Facebook,Reel,User Generated Content,17527,14595,3437,430,303,0.0,498
POST_0577,2023-05-26 13:33:00,Facebook,Story,Product Launch,8572,6747,438,51,43,0.0,94
POST_0578,2023-09-21 09:30:00,Twitter,Reel,Behind the Scenes,37822,28328,4590,324,442,0.0,1030
POST_0579,2023-12-06 22:22:00,Twitter,Image,Tutorial,5023,3872,341,32,24,0.0,105
POST_0580,2023-11-21 13:30:00,Instagram,Carousel,User Generated Content,15457,11869,1800,223,80,116.0,127
POST_0581,2023-11-14 19:06:00,Facebook,Image,Tutorial,26935,19266,2210,273,189,,617
POST_0582,2023-06-21 12:28:00,Facebook,Text,Promotion/Sale,7490,5782,175,14,10,0.0,161
POST_0583,2023-02-17 00:46:00,Facebook,Story,Festive/Seasonal,1700,1315,74,10,2,0.0,36
POST_0584,2023-05-01 20:44:00,Instagram,Reel,Behind the Scenes,126310,87608,21791,1348,1608,1155.0,1946
POST_0585,2023-12-11 01:28:00,Twitter,Image,Product Launch,3578,2345,306,38,28,0.0,65
POST_0586,2023-06-08 09:20:00,Instagram,Reel,Behind the Scenes,111796,84676,27093,4570,1897,835.0,1529
POST_0587,2023-04-26 09:04:00,Instagram,Image,Behind the Scenes,20293,16006,1671,176,122,41.0,202
POST_0588,2023-04-12 19:19:00,Instagram,Reel,Tutorial,41558,32395,5921,514,343,406.0,337
POST_0589,2023-03-17 09:02:00,Facebook,Image,Behind the Scenes,34707,30652,1530,107,140,0.0,728
POST_0590,2023-01-13 02:51:00,Facebook,Image,Festive/Seasonal,11751,9585,1084,185,108,0.0,302
POST_0591,2023-01-24 07:45:00,Instagram,Carousel,Product Launch,23528,16652,3350,279,152,94.0,595
POST_0592,2023-05-06 16:07:00,Instagram,Carousel,User Generated Content,18401,15065,1603,238,133,62.0,336
POST_0593,2023-09-01 03:01:00,Facebook,Image,Product Launch,7493,6335,769,107,75,0.0,138
POST_0594,2023-11-09 14:54:00,Facebook,Video,Tutorial,20382,16670,4590,572,204,0.0,418
POST_0595,2023-02-07 19:21:00,Facebook,Story,Behind the Scenes,15314,12807,675,69,32,0.0,204
POST_0596,2023-08-22 04:41:00,Twitter,Reel,User Generated Content,10875,9540,2125,313,197,0.0,337
POST_0597,2023-08-01 09:06:00,Twitter,Image,Behind the Scenes,3581,2762,161,13,8,0.0,94
POST_0598,2023-11-19 08:43:00,Twitter,Story,Tutorial,9030,6552,640,103,53,0.0,94
POST_0599,2023-10-22 15:51:00,Facebook,Image,Tutorial,11464,8402,807,108,53,0.0,114
POST_0600,2023-04-10 20:10:00,Instagram,Reel,Behind the Scenes,64224,54628,19039,1291,1840,756.0,1631
POST_0601,2023-12-23 17:59:00,Instagram,Story,Tutorial,17457,12712,1243,83,98,80.0,385
POST_0602,2023-07-16 23:47:00,Twitter,Carousel,Behind the Scenes,5569,4835,465,26,37,0.0,117
POST_0603,2023-09-11 12:15:00,Instagram,Image,Tutorial,12694,10905,1098,81,88,55.0,306
POST_0604,2023-07-24 06:33:00,Twitter,Image,Product Launch,5448,4669,595,84,22,0.0,164
POST_0605,2023-05-05 04:11:00,Instagram,Carousel,User Generated Content,20622,17937,3165,204,185,231.0,204
POST_0606,2023-03-17 18:35:00,Facebook,Image,Behind the Scenes,16601,13609,1478,125,70,,520
POST_0607,2023-12-02 22:10:00,Instagram,Image,Product Launch,13831,9471,464,56,45,19.0,196
POST_0608,2023-12-19 01:21:00,Instagram,Image,Tutorial,9185,7165,647,106,42,32.0,101
POST_0609,2023-01-03 06:35:00,Instagram,Video,Tutorial,35880,27045,5586,849,244,386.0,796
POST_0610,2023-02-24 19:27:00,Facebook,Carousel,Promotion/Sale,24232,18525,2018,298,132,0.0,363
POST_0611,2023-08-06 21:29:00,Facebook,Video,Behind the Scenes,44365,29444,4644,484,210,0.0,294
POST_0612,2023-04-23 08:14:00,Facebook,Reel,Behind the Scenes,78566,67642,21511,1544,826,0.0,813
POST_0613,2023-04-01 08:51:00,Instagram,Image,Product Launch,29502,20055,1949,185,109,111.0,632
POST_0614,2023-12-23 09:25:00,Instagram,Image,Promotion/Sale,16651,10971,1573,126,53,49.0,122
POST_0615,2023-09-23 20:40:00,Instagram,Story,Festive/Seasonal,22959,17472,1478,171,133,106.0,179
POST_0616,2023-08-26 12:11:00,Facebook,Image,Festive/Seasonal,18357,14046,2007,226,198,0.0,458
POST_0617,2023-01-26 01:11:00,Facebook,Image,User Generated Content,14725,12728,729,103,39,0.0,129
POST_0618,2023-10-13 15:40:00,Instagram,Story,User Generated Content,5920,4195,398,37,34,7.0,80
POST_0619,2023-05-08 08:42:00,Twitter,Image,Behind the Scenes,4389,3058,309,27,18,0.0,65
POST_0620,2023-03-04 20:27:00,Instagram,Story,Tutorial,27910,24458,1748,162,65,134.0,288
POST_0621,2023-08-22 01:25:00,Twitter,Video,User Generated Content,6821,4713,1354,89,100,0.0,64
POST_0622,2023-03-10 16:01:00,Instagram,Carousel,Festive/Seasonal,7581,6651,660,103,44,16.0,257
POST_0623,2023-08-26 07:47:00,Twitter,Image,Behind the Scenes,7270,6277,309,36,25,0.0,238
POST_0624,2023-12-08 19:39:00,Twitter,Carousel,Tutorial,22162,18946,3787,287,188,0.0,353
POST_0625,2023-09-29 10:56:00,Twitter,Image,Tutorial,3595,2480,283,20,14,0.0,62
POST_0626,2023-10-14 09:12:00,Instagram,Reel,Product Launch,74335,62059,18199,1278,1242,459.0,1323
POST_0627,2023-11-01 11:28:00,Twitter,Text,Tutorial,1548,1376,96,9,3,0.0,21
POST_0628,2023-06-12 22:37:00,Instagram,Story,Festive/Seasonal,8475,7516,346,51,13,27.0,161
POST_0629,2023-08-15 08:27:00,Instagram,Reel,Behind the Scenes,80530,56210,9296,1598,876,680.0,1616
POST_0630,2023-11-10 06:24:00,Instagram,Carousel,Tutorial,33556,22390,2691,244,200,111.0,323
POST_0631,2023-09-16 17:00:00,Twitter,Story,Behind the Scenes,3795,2592,130,10,6,0.0,75
POST_0632,2023-08-07 09:45:00,Instagram,Reel,Festive/Seasonal,97275,80156,17698,2780,783,852.0,2727
POST_0633,2023-10-08 19:13:00,Instagram,Image,Festive/Seasonal,34491,22637,2586,235,87,146.0,389
POST_0634,2023-08-17 07:13:00,Instagram,Image,Festive/Seasonal,30319,20318,1262,111,45,94.0,206
POST_0635,2023-03-23 02:17:00,Instagram,Image,Festive/Seasonal,8016,7066,448,78,19,28.0,186
POST_0636,2023-09-01 10:48:00,Facebook,Reel,Tutorial,34058,26854,7112,536,296,0.0,1006
POST_0637,2023-08-19 10:45:00,Facebook,Carousel,Product Launch,13546,9952,2080,303,149,0.0,362
POST_0638,2023-05-13 23:51:00,Instagram,Reel,Festive/Seasonal,11423,8159,2015,160,165,151.0,185
POST_0639,2023-05-07 06:50:00,Facebook,Video,Promotion/Sale,20361,15724,2999,504,209,0.0,516
POST_0640,2023-11-23 08:04:00,Facebook,Reel,User Generated Content,72372,53226,12722,2039,705,0.0,1799
POST_0641,2023-05-22 03:36:00,Instagram,Reel,Tutorial,46962,39977,13765,1395,462,607.0,1207
POST_0642,2023-09-24 08:06:00,Instagram,Reel,Tutorial,84502,70748,15521,2056,668,1008.0,1865
POST_0643,2023-09-06 08:51:00,Instagram,Reel,Promotion/Sale,90994,70124,12854,2259,1029,995.0,1599
POST_0644,2023-11-17 11:55:00,Instagram,Reel,Promotion/Sale,27855,24358,6391,907,304,299.0,333
POST_0645,2023-05-03 18:34:00,Instagram,Carousel,Product Launch,32123,25302,2379,344,171,151.0,837
POST_0646,2023-05-21 05:11:00,Instagram,Image,Tutorial,15843,12569,1015,136,35,74.0,170
POST_0647,2023-08-14 11:23:00,Facebook,Image,Product Launch,11835,8857,827,133,44,0.0,319
POST_0648,2023-02-09 11:20:00,Facebook,Carousel,Promotion/Sale,5955,5027,975,71,58,0.0,75
POST_0649,2023-05-27 18:12:00,Twitter,Carousel,Promotion/Sale,8756,6121,627,34,32,0.0,163
POST_0650,2023-05-01 21:29:00,Twitter,Reel,Tutorial,56305,45986,11011,1914,884,0.0,1743
POST_0651,2023-05-20 14:07:00,Facebook,Reel,Behind the Scenes,12370,10285,1635,146,109,0.0,277
POST_0652,2023-06-21 10:16:00,Facebook,Story,Tutorial,7700,5325,337,43,32,0.0,169
POST_0653,2023-06-13 15:42:00,Instagram,Reel,Behind the Scenes,39765,27756,8289,1086,598,409.0,717
POST_0654,2023-10-04 19:55:00,Instagram,Video,Festive/Seasonal,57944,45186,7060,1091,303,177.0,1043
POST_0655,2023-02-11 01:31:00,Facebook,Carousel,Product Launch,8212,6483,790,135,74,0.0,162
POST_0656,2023-03-12 16:33:00,Instagram,Video,Promotion/Sale,33960,28332,3406,380,182,256.0,293
POST_0657,2023-03-19 09:40:00,Twitter,Story,Product Launch,10568,7094,752,88,54,0.0,121
POST_0658,2023-04-29 12:20:00,Instagram,Image,Tutorial,23834,18049,996,63,88,34.0,286
POST_0659,2023-07-16 19:38:00,Instagram,Carousel,User Generated Content,28295,22471,2003,109,67,140.0,304
POST_0660,2023-12-22 05:24:00,Facebook,Image,User Generated Content,4028,3059,394,33,23,0.0,34
POST_0661,2023-03-20 01:39:00,Instagram,Story,Festive/Seasonal,15439,11318,664,42,36,17.0,373
POST_0662,2023-12-28 20:25:00,Instagram,Video,Tutorial,78707,70247,21479,2751,1698,797.0,2031
POST_0663,2023-04-20 16:37:00,Instagram,Story,Product Launch,10000,7204,424,72,14,20.0,269
POST_0664,2023-02-02 10:07:00,Twitter,Story,Promotion/Sale,1734,1363,73,6,6,0.0,36
POST_0665,2023-08-01 04:22:00,Instagram,Reel,Behind the Scenes,12008,10698,2401,308,85,146.0,406
POST_0666,2023-07-28 07:22:00,Facebook,Carousel,Festive/Seasonal,33214,22636,3525,527,206,0.0,823
POST_0667,2023-06-19 15:54:00,Facebook,Image,User Generated Content,11646,7952,618,47,57,0.0,260
POST_0668,2023-10-05 09:29:00,Instagram,Story,Promotion/Sale,29015,21042,1036,153,65,34.0,599
POST_0669,2023-08-27 22:39:00,Facebook,Story,Product Launch,6247,4291,458,35,17,0.0,69
POST_0670,2023-08-01 01:11:00,Instagram,Reel,User Generated Content,44375,33564,9154,482,296,427.0,1157
POST_0671,2023-02-01 05:52:00,Twitter,Reel,Tutorial,12781,10958,1777,304,146,0.0,419
POST_0672,2023-04-16 11:43:00,Instagram,Image,Promotion/Sale,16289,12067,1666,142,88,103.0,397
POST_0673,2023-08-04 09:45:00,Facebook,Reel,User Generated Content,28946,21617,4331,387,427,0.0,633
POST_0674,2023-07-19 11:51:00,Instagram,Reel,Behind the Scenes,51714,46240,10383,1601,627,749.0,713
POST_0675,2023-10-27 02:19:00,Twitter,Image,Promotion/Sale,5067,4064,368,53,16,0.0,47
POST_0676,2023-12-23 04:58:00,Twitter,Reel,Promotion/Sale,8086,6214,1062,102,61,0.0,72
POST_0677,2023-01-11 09:39:00,Instagram,Carousel,User Generated Content,31461,25151,4218,440,333,188.0,632
POST_0678,2023-10-22 08:37:00,Instagram,Carousel,User Generated Content,19314,15894,2658,146,148,209.0,359
POST_0679,2023-07-14 08:05:00,Twitter,Video,Behind the Scenes,37433,29778,8656,1405,536,0.0,722
POST_0680,2023-09-02 22:43:00,Instagram,Carousel,Promotion/Sale,17145,15287,2635,160,238,128.0,184
POST_0681,2023-01-04 00:08:00,Instagram,Carousel,User Generated Content,16158,11326,2163,264,73,169.0,287
POST_0682,2023-06-30 06:20:00,Facebook,Story,Tutorial,6262,4805,469,42,20,0.0,66
POST_0683,2023-06-02 12:07:00,Instagram,Story,Festive/Seasonal,19672,13905,666,62,63,27.0,551
POST_0684,2023-07-19 21:15:00,Facebook,Carousel,User Generated Content,25474,17699,3545,389,282,,699
POST_0685,2023-08-03 03:19:00,Facebook,Carousel,Festive/Seasonal,6620,4368,328,49,12,0.0,104
POST_0686,2023-10-03 19:07:00,Instagram,Story,Tutorial,30584,23154,878,133,26,57.0,852
POST_0687,2023-10-07 17:11:00,Facebook,Image,Product Launch,10778,8054,1072,178,57,0.0,229
POST_0688,2023-11-05 07:23:00,Facebook,Reel,Tutorial,41847,37265,9625,1047,476,0.0,1444
POST_0689,2023-04-23 14:44:00,Facebook,Story,Tutorial,8789,6325,412,74,13,0.0,173
POST_0690,2023-09-07 17:09:00,Facebook,Image,Product Launch,3442,2370,213,24,10,0.0,46
POST_0691,2023-04-23 23:32:00,Instagram,Image,Tutorial,19579,17350,1390,172,130,28.0,595
POST_0692,2023-05-20 06:24:00,Instagram,Carousel,User Generated Content,27237,18325,1745,305,118,36.0,324
POST_0693,2023-08-12 04:26:00,Twitter,Image,Promotion/Sale,8292,7453,563,67,37,0.0,165
POST_0694,2023-09-06 02:38:00,Instagram,Carousel,User Generated Content,10813,9670,1884,216,136,63.0,254
POST_0695,2023-01-15 05:08:00,Instagram,Video,Promotion/Sale,50505,40547,7910,1189,331,340.0,827
POST_0696,2023-07-19 18:36:00,Instagram,Video,Product Launch,39295,33221,7323,1122,515,296.0,1139
POST_0697,2023-06-22 23:24:00,Instagram,Carousel,Tutorial,16921,12102,887,119,58,41.0,472
POST_0698,2023-12-09 20:27:00,Instagram,Text,User Generated Content,14044,12160,373,46,33,20.0,383
POST_0699,2023-12-14 22:11:00,Facebook,Story,User Generated Content,5329,3989,392,32,38,0.0,154
POST_0700,2023-07-27 23:31:00,Instagram,Image,Promotion/Sale,8784,6473,867,152,52,34.0,166
POST_0701,2023-03-26 16:40:00,Facebook,Carousel,Promotion/Sale,13175,8733,690,69,37,0.0,170
POST_0702,2023-08-28 18:34:00,Instagram,Story,Festive/Seasonal,11640,8499,423,38,41,18.0,198
POST_0703,2023-03-07 13:44:00,Instagram,Image,Promotion/Sale,16553,13578,1585,204,57,96.0,161
POST_0704,2023-11-15 08:58:00,Instagram,Reel,Promotion/Sale,90768,75781,13792,2198,443,974.0,1804
POST_0705,2023-10-01 08:41:00,Facebook,Image,Promotion/Sale,28372,18957,1272,121,93,,499
POST_0706,2023-01-14 05:59:00,Facebook,Image,Behind the Scenes,4526,3269,231,17,13,0.0,101
POST_0707,2023-07-21 18:11:00,Facebook,Carousel,Festive/Seasonal,10152,9077,1901,292,89,0.0,109
POST_0708,2023-10-31 17:35:00,Instagram,Story,User Generated Content,5821,4171,302,45,27,21.0,86
POST_0709,2023-10-16 05:10:00,Twitter,Image,Tutorial,1731,1428,69,7,3,0.0,43
POST_0710,2023-12-06 09:31:00,Facebook,Image,Product Launch,32601,23669,2980,262,182,0.0,752
POST_0711,2023-01-14 07:18:00,Facebook,Text,Tutorial,12961,11389,358,52,24,0.0,207
POST_0712,2023-02-12 23:08:00,Instagram,Reel,Tutorial,26306,19293,5330,882,372,308.0,493
POST_0713,2023-11-26 19:11:00,Facebook,Reel,User Generated Content,20164,15647,3295,275,205,0.0,219
POST_0714,2023-08-08 07:20:00,Instagram,Image,Promotion/Sale,45003,39014,4522,288,381,309.0,1288
POST_0715,2023-03-11 12:53:00,Facebook,Reel,Tutorial,59969,47635,13979,1531,936,,525
POST_0716,2023-08-25 09:28:00,Facebook,Reel,User Generated Content,52380,35113,8404,739,572,0.0,491
POST_0717,2023-04-04 14:39:00,Twitter,Video,Promotion/Sale,13505,9130,1320,216,88,0.0,219
POST_0718,2023-01-26 11:03:00,Twitter,Reel,Festive/Seasonal,7513,6103,2137,336,157,0.0,74
POST_0719,2023-05-14 23:55:00,Instagram,Text,Tutorial,4137,3087,213,27,18,13.0,41
POST_0720,2023-07-14 04:22:00,Instagram,Reel,Tutorial,41607,29906,8720,822,870,312.0,549
POST_0721,2023-06-17 21:00:00,Instagram,Image,Promotion/Sale,51615,46123,6533,382,571,384.0,1356
POST_0722,2023-04-19 02:31:00,Facebook,Story,Promotion/Sale,4355,3538,377,63,22,0.0,39
POST_0723,2023-08-21 09:08:00,Twitter,Video,Festive/Seasonal,38063,29111,3619,381,227,0.0,1102
POST_0724,2023-06-17 18:12:00,Facebook,Story,Festive/Seasonal,7028,5115,377,22,36,0.0,106
POST_0725,2023-06-22 12:52:00,Instagram,Video,Behind the Scenes,36240,29555,8045,682,419,221.0,876
POST_0726,2023-07-14 10:24:00,Instagram,Image,Festive/Seasonal,5526,4417,580,96,35,27.0,54
POST_0727,2023-05-23 10:35:00,Instagram,Carousel,Product Launch,16505,12466,2403,394,112,127.0,196
POST_0728,2023-08-04 14:32:00,Instagram,Carousel,Tutorial,19647,17245,3279,487,109,231.0,399
POST_0729,2023-05-10 04:41:00,Instagram,Reel,Behind the Scenes,20125,16888,4679,347,202,145.0,197
POST_0730,2023-02-11 08:31:00,Facebook,Image,Festive/Seasonal,13264,11408,566,31,39,0.0,394
POST_0731,2023-08-29 02:26:00,Instagram,Reel,Product Launch,30250,21736,2930,426,216,160.0,700
POST_0732,2023-01-10 11:43:00,Twitter,Image,Product Launch,4193,2941,240,15,9,0.0,89
POST_0733,2023-10-04 12:31:00,Facebook,Video,Product Launch,14323,12220,2952,384,250,0.0,380
POST_0734,2023-01-27 04:26:00,Instagram,Reel,Product Launch,54045,35888,11461,1840,573,669.0,697
POST_0735,2023-06-29 20:45:00,Facebook,Image,Product Launch,19251,13359,943,107,88,,218
POST_0736,2023-04-25 13:53:00,Twitter,Image,Behind the Scenes,4907,4120,395,66,15,0.0,121
POST_0737,2023-11-29 14:28:00,Facebook,Carousel,Festive/Seasonal,24410,19489,3521,317,216,0.0,431
POST_0738,2023-02-05 19:31:00,Instagram,Carousel,Product Launch,65132,47094,5390,517,374,189.0,1764
POST_0739,2023-11-30 04:10:00,Twitter,Reel,Tutorial,7261,5911,2129,153,208,0.0,139
POST_0740,2023-01-21 12:05:00,Instagram,Reel,Promotion/Sale,87364,71569,14686,1093,752,375.0,1024
POST_0741,2023-01-16 20:36:00,Instagram,Image,Festive/Seasonal,39508,27076,1638,218,71,42.0,406
POST_0742,2023-05-07 20:01:00,Twitter,Image,Tutorial,13317,11390,933,126,63,,345
POST_0743,2023-04-13 12:50:00,Twitter,Image,Tutorial,7031,4638,425,70,29,0.0,162
POST_0744,2023-01-11 08:48:00,Twitter,Video,Promotion/Sale,51822,35804,9558,1315,942,0.0,1416
POST_0745,2023-11-15 05:14:00,Instagram,Story,Product Launch,10536,7130,657,110,37,37.0,163
POST_0746,2023-03-20 21:18:00,Facebook,Story,Behind the Scenes,16213,11796,1071,183,102,0.0,179
POST_0747,2023-05-03 07:02:00,Instagram,Reel,Product Launch,60922,40624,7986,1346,593,505.0,719
POST_0748,2023-03-06 22:17:00,Instagram,Carousel,Promotion/Sale,27999,18396,2318,304,93,160.0,313
POST_0749,2023-08-31 12:14:00,Twitter,Reel,Festive/Seasonal,18933,12815,1695,285,82,0.0,443
POST_0750,2023-12-09 08:34:00,Twitter,Story,User Generated Content,17407,12234,673,91,65,0.0,458
POST_0751,2023-02-28 02:18:00,Instagram,Image,Tutorial,9609,8593,1207,86,61,31.0,155
POST_0752,2023-10-16 06:10:00,Instagram,Story,User Generated Content,13723,10217,432,40,42,24.0,229
POST_0753,2023-04-22 22:49:00,Facebook,Video,User Generated Content,8833,5866,815,102,77,0.0,146
POST_0754,2023-08-27 08:29:00,Instagram,Image,Promotion/Sale,49784,37909,4398,638,185,183.0,1103
POST_0755,2023-12-25 15:36:00,Twitter,Video,Tutorial,11032,9918,2165,337,130,0.0,336
POST_0756,2023-05-12 14:47:00,Twitter,Image,User Generated Content,7924,6906,603,77,44,0.0,155
POST_0757,2023-07-08 03:49:00,Instagram,Video,User Generated Content,33804,24677,5561,395,540,395.0,886
POST_0758,2023-03-27 15:49:00,Facebook,Reel,User Generated Content,18090,15206,2506,128,78,0.0,419
POST_0759,2023-11-07 14:31:00,Instagram,Story,Tutorial,8550,6460,566,60,45,19.0,222
POST_0760,2023-11-07 14:35:00,Instagram,Story,User Generated Content,8137,5717,303,39,26,13.0,101
POST_0761,2023-02-28 05:32:00,Instagram,Story,Festive/Seasonal,10023,7737,392,51,21,31.0,188
POST_0762,2023-03-25 15:07:00,Instagram,Video,Behind the Scenes,35431,28042,8899,1371,547,561.0,773
POST_0763,2023-06-09 21:36:00,Instagram,Carousel,Promotion/Sale,31308,22274,4538,424,438,235.0,644
POST_0764,2023-02-25 08:07:00,Twitter,Carousel,Behind the Scenes,16917,11543,1455,91,107,,270
POST_0765,2023-10-24 21:17:00,Facebook,Reel,Tutorial,27678,20802,7597,1081,450,0.0,530
POST_0766,2023-01-14 01:49:00,Instagram,Image,Behind the Scenes,7540,6756,756,65,53,20.0,263
POST_0767,2023-06-09 20:34:00,Instagram,Image,Festive/Seasonal,23020,19092,2340,321,170,172.0,235
POST_0768,2023-10-22 02:52:00,Twitter,Carousel,Product Launch,4457,3173,679,68,55,0.0,96
POST_0769,2023-12-13 22:23:00,Instagram,Image,Behind the Scenes,8441,6354,447,23,40,34.0,128
POST_0770,2023-07-12 19:34:00,Instagram,Carousel,Festive/Seasonal,31128,20288,3448,542,138,101.0,683
POST_0771,2023-07-23 07:52:00,Facebook,Reel,User Generated Content,55696,40503,9007,1351,781,0.0,891
POST_0772,2023-04-12 07:48:00,Twitter,Carousel,Product Launch,25508,19172,3511,396,325,0.0,713
POST_0773,2023-02-08 14:02:00,Twitter,Text,User Generated Content,2850,2426,157,13,15,0.0,27
POST_0774,2023-10-31 14:48:00,Instagram,Text,Behind the Scenes,7296,5722,295,39,9,22.0,64
POST_0775,2023-12-20 01:46:00,Twitter,Story,Behind the Scenes,4863,4161,153,18,9,0.0,103
POST_0776,2023-11-18 21:28:00,Instagram,Carousel,Promotion/Sale,22568,18530,2676,399,171,77.0,545
POST_0777,2023-05-05 13:34:00,Facebook,Reel,Festive/Seasonal,47026,32415,12134,1424,425,0.0,933
POST_0778,2023-02-22 15:13:00,Instagram,Image,Promotion/Sale,9091,7735,978,173,63,46.0,252
POST_0779,2023-12-23 08:27:00,Facebook,Story,Product Launch,16401,11027,728,117,65,0.0,143
POST_0780,2023-06-04 07:06:00,Facebook,Reel,Product Launch,21414,15325,5393,360,433,0.0,199
POST_0781,2023-12-17 20:47:00,Facebook,Image,Festive/Seasonal,19019,13473,1473,118,117,0.0,487
POST_0782,2023-11-04 09:53:00,Twitter,Image,User Generated Content,7491,6492,681,45,40,0.0,96
POST_0783,2023-03-03 11:41:00,Twitter,Story,Tutorial,2251,1747,165,28,10,0.0,67
POST_0784,2023-10-17 17:48:00,Facebook,Image,Tutorial,10663,7981,1032,117,65,0.0,197
POST_0785,2023-01-22 05:15:00,Twitter,Image,Behind the Scenes,4411,3234,307,38,14,0.0,109
POST_0786,2023-06-27 10:19:00,Instagram,Image,Promotion/Sale,13774,10103,588,47,56,22.0,152
POST_0787,2023-09-30 11:55:00,Instagram,Image,User Generated Content,3636,2657,266,32,14,12.0,103
POST_0788,2023-08-08 08:02:00,Twitter,Carousel,Festive/Seasonal,12749,9109,975,106,81,0.0,147
POST_0789,2023-12-05 04:28:00,Instagram,Story,Product Launch,10286,8135,412,60,13,29.0,129
POST_0790,2023-07-09 20:16:00,Instagram,Image,Tutorial,40149,29635,3478,318,324,95.0,455
POST_0791,2023-02-05 08:22:00,Facebook,Reel,Festive/Seasonal,28371,25135,9500,939,898,0.0,662
POST_0792,2023-09-17 23:55:00,Instagram,Image,User Generated Content,9547,7882,876,156,42,52.0,91
POST_0793,2023-11-28 09:52:00,Twitter,Carousel,Product Launch,12437,8554,966,95,80,0.0,224
POST_0794,2023-06-24 09:05:00,Facebook,Carousel,Product Launch,19349,12664,1098,113,104,0.0,368
POST_0795,2023-01-07 19:28:00,Facebook,Text,Festive/Seasonal,8143,5513,364,55,15,,139
POST_0796,2023-08-04 12:55:00,Facebook,Image,Promotion/Sale,19070,15375,2134,267,144,0.0,176
POST_0797,2023-09-08 03:07:00,Instagram,Reel,Festive/Seasonal,42802,29477,6045,497,338,213.0,727
POST_0798,2023-02-24 07:49:00,Twitter,Image,Festive/Seasonal,10397,9322,497,34,16,0.0,268
POST_0799,2023-08-10 04:51:00,Twitter,Image,Product Launch,8196,5677,380,34,27,0.0,92
POST_0800,2023-07-05 11:15:00,Facebook,Carousel,Festive/Seasonal,9080,8104,609,93,51,0.0,153
POST_0801,2023-11-22 04:13:00,Facebook,Carousel,User Generated Content,21240,18784,3224,226,151,0.0,662
POST_0802,2023-08-24 01:51:00,Facebook,Reel,User Generated Content,19523,13043,4017,411,379,0.0,384
POST_0803,2023-12-29 22:47:00,Instagram,Image,User Generated Content,9758,6467,618,40,35,25.0,214
POST_0804,2023-03-20 20:37:00,Facebook,Image,Behind the Scenes,20789,14310,1190,117,48,0.0,485
POST_0805,2023-08-11 10:44:00,Instagram,Reel,Festive/Seasonal,24293,16433,4746,312,469,317.0,356
POST_0806,2023-04-01 22:22:00,Facebook,Image,Festive/Seasonal,10816,9494,960,69,54,0.0,335
POST_0807,2023-09-25 21:55:00,Facebook,Carousel,Promotion/Sale,55319,48320,9879,615,672,0.0,1556
POST_0808,2023-11-30 20:45:00,Instagram,Story,Festive/Seasonal,37344,29937,1437,220,115,36.0,715
POST_0809,2023-05-19 21:39:00,Twitter,Reel,Promotion/Sale,10925,8194,2202,287,168,0.0,287
POST_0810,2023-11-12 18:40:00,Twitter,Image,Promotion/Sale,2484,1689,219,15,21,0.0,59
POST_0811,2023-10-03 06:27:00,Facebook,Story,Promotion/Sale,3685,2674,219,20,20,,32
POST_0812,2023-09-05 05:10:00,Instagram,Story,Festive/Seasonal,10512,8385,695,57,38,49.0,132
POST_0813,2023-08-27 23:39:00,Twitter,Carousel,Tutorial,9765,8089,824,102,74,0.0,185
POST_0814,2023-08-12 11:08:00,Facebook,Image,Product Launch,17206,13129,810,81,78,0.0,257
POST_0815,2023-10-31 21:50:00,Instagram,Video,Tutorial,77827,56648,16279,1750,1041,1085.0,1216
POST_0816,2023-05-18 12:13:00,Instagram,Reel,Product Launch,53695,39951,8870,1049,768,369.0,1027
POST_0817,2023-06-15 03:52:00,Instagram,Carousel,Promotion/Sale,11061,9770,1721,215,129,37.0,278
POST_0818,2023-05-06 09:13:00,Facebook,Reel,Product Launch,64020,50347,11076,671,482,0.0,1939
POST_0819,2023-02-14 11:51:00,Instagram,Story,Product Launch,3789,2498,218,26,14,7.0,80
POST_0820,2023-05-23 07:03:00,Instagram,Reel,User Generated Content,25194,17572,4321,376,204,253.0,518
POST_0821,2023-08-19 14:36:00,Instagram,Story,Behind the Scenes,7779,5588,595,75,47,12.0,142
POST_0822,2023-05-05 01:22:00,Facebook,Reel,Tutorial,13037,10329,3756,660,254,0.0,245
POST_0823,2023-08-26 08:34:00,Facebook,Carousel,Behind the Scenes,14899,11419,1217,135,75,0.0,313
POST_0824,2023-10-19 14:17:00,Instagram,Reel,User Generated Content,54073,37368,9601,1516,734,386.0,1422
POST_0825,2023-11-09 20:38:00,Twitter,Story,Behind the Scenes,8782,5769,310,34,22,0.0,154
POST_0826,2023-12-09 16:34:00,Instagram,Image,User Generated Content,20161,14514,1483,91,87,96.0,447
POST_0827,2023-07-14 08:10:00,Instagram,Image,Promotion/Sale,16432,14201,1614,265,71,116.0,167
POST_0828,2023-06-22 00:20:00,Facebook,Story,Promotion/Sale,9656,7070,414,48,39,0.0,80
POST_0829,2023-01-15 03:45:00,Instagram,Image,Behind the Scenes,13756,9626,854,85,80,56.0,242
POST_0830,2023-09-11 04:18:00,Instagram,Image,Product Launch,19348,14826,794,66,48,23.0,569
POST_0831,2023-06-16 07:18:00,Instagram,Image,Festive/Seasonal,28354,23544,3257,536,215,216.0,632
POST_0832,2023-04-04 09:36:00,Twitter,Story,Promotion/Sale,10144,6884,310,36,15,0.0,73
POST_0833,2023-09-07 09:17:00,Facebook,Reel,Festive/Seasonal,100070,77159,11132,1354,989,0.0,3079
POST_0834,2023-04-19 01:54:00,Instagram,Image,Festive/Seasonal,17761,12966,1750,131,127,77.0,145
POST_0835,2023-07-01 01:32:00,Instagram,Story,Tutorial,9039,8019,443,68,15,23.0,97
POST_0836,2023-05-13 13:57:00,Instagram,Image,Tutorial,28765,24208,2691,422,202,210.0,760
POST_0837,2023-06-24 09:43:00,Facebook,Carousel,User Generated Content,16450,12864,1161,147,74,0.0,368
POST_0838,2023-05-24 08:52:00,Twitter,Text,User Generated Content,2583,1804,85,14,4,0.0,41
POST_0839,2023-11-02 09:06:00,Facebook,Carousel,Product Launch,26380,19856,2052,360,80,0.0,420
POST_0840,2023-12-26 11:08:00,Twitter,Carousel,Promotion/Sale,4001,2822,520,39,18,0.0,68
POST_0841,2023-05-22 13:48:00,Facebook,Image,Tutorial,25318,21865,2483,141,210,0.0,773
POST_0842,2023-10-12 20:50:00,Twitter,Video,Promotion/Sale,38811,30160,4951,791,400,0.0,1188
POST_0843,2023-01-06 15:26:00,Facebook,Image,Tutorial,5256,4457,293,17,29,0.0,47
POST_0844,2023-09-22 14:58:00,Facebook,Image,Tutorial,18836,13963,1798,219,167,0.0,527
POST_0845,2023-04-08 04:03:00,Instagram,Reel,Product Launch,59972,45877,13000,968,1122,1014.0,828
POST_0846,2023-02-13 03:17:00,Instagram,Reel,Tutorial,26809,18003,4881,563,195,227.0,360
POST_0847,2023-05-04 09:55:00,Twitter,Carousel,Behind the Scenes,10035,8431,1472,143,49,0.0,275
POST_0848,2023-07-28 23:41:00,Twitter,Image,Tutorial,8255,5861,463,34,32,0.0,85
POST_0849,2023-09-08 13:08:00,Twitter,Image,User Generated Content,11061,8258,729,89,22,0.0,102
POST_0850,2023-10-12 09:44:00,Instagram,Video,Behind the Scenes,82293,55092,14892,2525,728,628.0,1491
POST_0851,2023-05-04 04:55:00,Facebook,Reel,Festive/Seasonal,26206,19722,4900,276,212,0.0,664
POST_0852,2023-12-20 14:08:00,Facebook,Carousel,Promotion/Sale,22343,16207,2063,332,170,0.0,294
POST_0853,2023-09-01 09:15:00,Facebook,Carousel,Tutorial,42497,33801,5030,641,279,0.0,1156
POST_0854,2023-11-27 01:09:00,Instagram,Video,Tutorial,28494,19352,2726,326,260,104.0,698
POST_0855,2023-12-31 01:45:00,Instagram,Image,Product Launch,4960,3350,395,30,22,19.0,106
POST_0856,2023-09-09 18:20:00,Instagram,Reel,Promotion/Sale,21971,16513,4164,500,363,126.0,565
POST_0857,2023-08-18 19:53:00,Facebook,Image,Festive/Seasonal,27643,20815,1275,174,85,0.0,607
POST_0858,2023-01-09 13:15:00,Instagram,Video,Promotion/Sale,58276,51091,12444,760,765,813.0,1728
POST_0859,2023-02-17 05:48:00,Instagram,Image,Tutorial,11396,8577,1151,191,89,82.0,108
POST_0860,2023-05-31 21:53:00,Facebook,Text,Festive/Seasonal,14456,10555,343,27,20,0.0,185
POST_0861,2023-04-24 04:43:00,Facebook,Image,User Generated Content,5576,4422,399,37,32,0.0,162
POST_0862,2023-07-27 21:25:00,Facebook,Story,Product Launch,18193,13335,1194,83,46,0.0,271
POST_0863,2023-12-21 08:31:00,Instagram,Video,Behind the Scenes,29516,20157,6134,812,292,327.0,520
POST_0864,2023-05-05 09:09:00,Instagram,Image,Festive/Seasonal,41147,29144,3817,344,299,80.0,617
POST_0865,2023-06-06 14:36:00,Twitter,Carousel,User Generated Content,6642,5629,581,80,50,0.0,151
POST_0866,2023-12-06 20:40:00,Instagram,Reel,Tutorial,60714,49510,10843,1682,548,588.0,1602
POST_0867,2023-10-25 14:17:00,Twitter,Reel,Festive/Seasonal,14398,12302,4503,544,343,0.0,456
POST_0868,2023-07-08 12:40:00,Facebook,Text,User Generated Content,3198,2264,131,20,11,0.0,50
POST_0869,2023-08-31 12:26:00,Instagram,Carousel,Tutorial,22433,16214,2970,177,261,135.0,452
POST_0870,2023-10-11 12:24:00,Instagram,Story,Product Launch,7163,5260,223,39,19,10.0,87
POST_0871,2023-09-29 13:28:00,Instagram,Reel,User Generated Content,34485,27270,10079,508,470,769.0,412
POST_0872,2023-06-26 12:04:00,Instagram,Video,Behind the Scenes,31423,24904,7597,851,756,461.0,304
POST_0873,2023-08-06 00:40:00,Twitter,Image,Behind the Scenes,3959,2658,127,13,11,0.0,72
POST_0874,2023-10-09 08:50:00,Instagram,Image,Tutorial,31460,22705,1701,120,70,63.0,767
POST_0875,2023-06-19 03:56:00,Twitter,Story,User Generated Content,3058,2073,204,27,8,0.0,47
POST_0876,2023-06-30 10:49:00,Instagram,Reel,Festive/Seasonal,24668,20578,5022,896,169,207.0,503
POST_0877,2023-12-26 08:05:00,Instagram,Carousel,Behind the Scenes,34715,30156,6247,966,559,331.0,1048
POST_0878,2023-08-21 21:25:00,Facebook,Image,Promotion/Sale,15511,11627,911,100,45,0.0,451
POST_0879,2023-05-19 20:32:00,Instagram,Image,Behind the Scenes,27289,18127,1062,83,66,48.0,616
POST_0880,2023-06-06 15:47:00,Facebook,Text,Tutorial,5345,4043,161,14,13,0.0,46
POST_0881,2023-05-09 14:17:00,Facebook,Text,Promotion/Sale,4029,3558,232,33,14,0.0,91
POST_0882,2023-04-29 07:44:00,Instagram,Image,Behind the Scenes,46841,41756,2867,445,125,94.0,1264
POST_0883,2023-03-03 16:59:00,Twitter,Reel,User Generated Content,7262,5648,2051,343,84,0.0,118
POST_0884,2023-04-09 23:56:00,Instagram,Image,Tutorial,14664,10115,1425,240,59,38.0,127
POST_0885,2023-06-11 14:23:00,Facebook,Image,Promotion/Sale,12414,8291,578,98,54,0.0,277
POST_0886,2023-03-03 07:29:00,Facebook,Text,Behind the Scenes,2408,1762,95,8,8,0.0,51
POST_0887,2023-10-02 01:31:00,Twitter,Text,Promotion/Sale,1279,888,45,7,2,0.0,11
POST_0888,2023-12-20 12:20:00,Instagram,Video,Product Launch,64312,47272,14357,1529,624,451.0,1562
POST_0889,2023-04-05 13:37:00,Facebook,Video,Behind the Scenes,26837,19602,4239,731,403,0.0,317
POST_0890,2023-04-09 18:00:00,Facebook,Reel,User Generated Content,16511,11348,2934,322,273,0.0,430
POST_0891,2023-04-21 19:55:00,Instagram,Image,User Generated Content,43094,36702,1774,162,105,59.0,586
POST_0892,2023-09-05 09:49:00,Facebook,Image,Product Launch,4657,3776,276,15,12,0.0,128
POST_0893,2023-05-22 20:54:00,Twitter,Reel,User Generated Content,25603,22900,4106,320,207,0.0,347
POST_0894,2023-10-29 07:46:00,Facebook,Story,Behind the Scenes,15993,14037,1127,116,107,0.0,160
POST_0895,2023-09-26 14:05:00,Twitter,Image,Behind the Scenes,9813,6475,561,75,44,0.0,188
POST_0896,2023-11-02 17:46:00,Facebook,Carousel,Festive/Seasonal,7460,5023,670,44,64,0.0,121
POST_0897,2023-05-25 06:29:00,Instagram,Video,User Generated Content,37508,27287,8019,1304,618,182.0,736
POST_0898,2023-02-21 11:40:00,Twitter,Carousel,Product Launch,7931,5425,569,93,17,0.0,176
POST_0899,2023-04-10 10:42:00,Instagram,Image,Promotion/Sale,2573,2199,181,21,14,11.0,85
POST_0900,2023-06-01 10:44:00,Facebook,Carousel,Tutorial,10184,7637,1598,213,81,0.0,105
POST_0901,2023-04-27 06:22:00,Facebook,Image,Festive/Seasonal,9653,7410,497,63,17,0.0,165
POST_0902,2023-07-04 12:54:00,Instagram,Image,User Generated Content,28841,21890,2624,413,220,58.0,346
POST_0903,2023-04-02 14:04:00,Twitter,Carousel,Tutorial,19538,16815,1944,205,122,0.0,247
POST_0904,2023-06-04 12:50:00,Instagram,Image,Tutorial,10040,8902,633,51,22,47.0,243
POST_0905,2023-01-08 20:34:00,Facebook,Reel,Tutorial,49386,39774,5486,407,483,0.0,1312
POST_0906,2023-12-29 18:25:00,Facebook,Carousel,Behind the Scenes,11420,8498,1264,63,59,0.0,138
POST_0907,2023-10-01 17:13:00,Instagram,Carousel,Promotion/Sale,16797,11722,1695,275,79,41.0,242
POST_0908,2023-03-06 12:27:00,Instagram,Carousel,Festive/Seasonal,38706,30487,5780,1010,494,324.0,756
POST_0909,2023-05-21 13:52:00,Instagram,Reel,Promotion/Sale,57255,41284,11475,1449,702,805.0,741
POST_0910,2023-01-24 23:13:00,Instagram,Reel,Tutorial,30763,24131,7188,1091,414,422.0,350
POST_0911,2023-01-28 12:31:00,Twitter,Carousel,Promotion/Sale,14961,9800,995,112,91,0.0,253
POST_0912,2023-10-11 09:17:00,Instagram,Video,Product Launch,120620,92991,20631,1352,1778,718.0,3439
POST_0913,2023-05-30 22:20:00,Facebook,Video,Behind the Scenes,38540,26313,6489,353,420,0.0,385
POST_0914,2023-12-24 11:53:00,Twitter,Image,User Generated Content,3062,2269,203,26,7,0.0,56
POST_0915,2023-03-06 13:18:00,Facebook,Video,Product Launch,43538,34359,9530,892,796,0.0,789
POST_0916,2023-11-23 13:21:00,Twitter,Story,Tutorial,4440,3605,134,18,9,0.0,69
POST_0917,2023-09-09 16:35:00,Facebook,Carousel,Promotion/Sale,7637,5645,888,140,29,0.0,96
POST_0918,2023-02-22 20:36:00,Instagram,Carousel,Tutorial,73256,47784,4826,842,351,172.0,573
POST_0919,2023-01-07 17:08:00,Facebook,Reel,Product Launch,28466,25037,5820,435,385,0.0,932
POST_0920,2023-10-21 19:36:00,Facebook,Reel,Tutorial,87639,58407,17831,2217,1667,0.0,798
POST_0921,2023-05-26 07:54:00,Instagram,Image,User Generated Content,32578,25101,1374,118,72,105.0,463
POST_0922,2023-08-29 12:31:00,Instagram,Story,Festive/Seasonal,16513,13504,643,72,52,46.0,388
POST_0923,2023-09-03 22:50:00,Facebook,Reel,Product Launch,30246,20662,6742,569,642,0.0,652
POST_0924,2023-08-14 08:21:00,Facebook,Story,Behind the Scenes,21172,14921,1013,132,84,0.0,195
POST_0925,2023-06-24 08:57:00,Twitter,Reel,User Generated Content,34062,26072,5435,682,440,0.0,582
POST_0926,2023-04-05 22:43:00,Instagram,Reel,Product Launch,36190,29850,9254,525,834,439.0,533
POST_0927,2023-01-27 23:48:00,Facebook,Image,Behind the Scenes,12639,9410,1128,70,71,0.0,374
POST_0928,2023-05-10 19:03:00,Twitter,Text,User Generated Content,4835,3397,163,13,9,0.0,113
POST_0929,2023-09-02 17:02:00,Instagram,Text,Promotion/Sale,8516,6796,287,33,20,15.0,167
POST_0930,2023-02-28 17:06:00,Facebook,Image,User Generated Content,10159,7051,888,106,34,0.0,232
POST_0931,2023-02-03 12:40:00,Facebook,Story,Behind the Scenes,9385,6364,657,48,31,0.0,141
POST_0932,2023-07-25 12:50:00,Facebook,Story,Behind the Scenes,9083,7708,530,38,25,0.0,194
POST_0933,2023-09-09 13:53:00,Facebook,Carousel,Behind the Scenes,26092,21621,4476,754,430,0.0,374
POST_0934,2023-02-07 21:29:00,Facebook,Story,Festive/Seasonal,6668,4838,485,85,43,0.0,64
POST_0935,2023-10-23 18:01:00,Facebook,Reel,Promotion/Sale,9467,7200,1006,121,54,0.0,174
POST_0936,2023-11-19 08:07:00,Twitter,Reel,Behind the Scenes,36720,31843,9471,1007,827,0.0,1183
POST_0937,2023-12-18 14:59:00,Facebook,Reel,Promotion/Sale,30414,20126,6020,976,249,0.0,691
POST_0938,2023-01-28 13:54:00,Facebook,Reel,Tutorial,45519,39992,7834,1312,410,0.0,1062
POST_0939,2023-03-19 21:10:00,Twitter,Text,User Generated Content,3489,2433,136,6,11,0.0,30
POST_0940,2023-03-18 09:28:00,Facebook,Carousel,Tutorial,25604,19114,2710,260,142,0.0,743
POST_0941,2023-10-16 09:29:00,Twitter,Carousel,Product Launch,14412,12520,1444,89,119,0.0,352
POST_0942,2023-06-05 19:00:00,Instagram,Carousel,Product Launch,49610,32910,3035,397,135,152.0,867
POST_0943,2023-02-13 04:27:00,Instagram,Carousel,Behind the Scenes,28646,23793,1980,126,127,58.0,936
POST_0944,2023-05-08 01:12:00,Instagram,Reel,Promotion/Sale,20591,15893,3515,467,137,161.0,289
POST_0945,2023-03-02 22:44:00,Instagram,Reel,Tutorial,18416,16421,4315,385,238,103.0,651
POST_0946,2023-10-13 02:58:00,Instagram,Reel,Festive/Seasonal,13641,11100,2678,464,126,139.0,271
POST_0947,2023-08-02 21:08:00,Instagram,Story,Product Launch,13225,9305,829,61,58,27.0,333
POST_0948,2023-11-07 16:56:00,Instagram,Reel,Behind the Scenes,55981,43644,9522,765,318,343.0,1293
POST_0949,2023-11-02 19:41:00,Facebook,Story,User Generated Content,15035,12380,881,102,42,0.0,292
POST_0950,2023-11-13 07:19:00,Twitter,Image,Promotion/Sale,10528,8703,1203,111,39,0.0,216
POST_0951,2023-04-26 20:10:00,Facebook,Carousel,Promotion/Sale,29716,26632,5544,419,506,0.0,829
POST_0952,2023-09-25 07:55:00,Instagram,Reel,User Generated Content,78741,61823,21359,2401,1198,1059.0,1692
POST_0953,2023-07-14 13:59:00,Instagram,Image,Promotion/Sale,14379,11518,686,41,45,30.0,318
POST_0954,2023-08-19 07:56:00,Facebook,Image,Festive/Seasonal,13170,9979,646,115,44,0.0,305
POST_0955,2023-08-15 03:17:00,Instagram,Reel,Festive/Seasonal,48228,34799,8229,1106,261,564.0,908
POST_0956,2023-06-02 19:05:00,Facebook,Reel,Promotion/Sale,37245,24782,4203,699,327,0.0,433
POST_0957,2023-10-29 07:41:00,Instagram,Image,Promotion/Sale,34079,25597,2122,165,163,166.0,390
POST_0958,2023-08-08 01:23:00,Instagram,Text,Promotion/Sale,6765,5114,232,19,20,11.0,134
POST_0959,2023-06-06 21:16:00,Facebook,Video,Tutorial,19304,15993,2494,348,142,0.0,359
POST_0960,2023-10-19 07:05:00,Facebook,Text,Festive/Seasonal,8609,6387,184,16,14,0.0,191
POST_0961,2023-11-14 07:23:00,Facebook,Reel,Product Launch,31708,22277,2982,496,133,0.0,374
POST_0962,2023-01-31 03:42:00,Instagram,Carousel,Product Launch,9359,6381,1046,62,41,61.0,128
POST_0963,2023-11-09 08:57:00,Facebook,Reel,Product Launch,41731,33915,5350,640,324,,611
POST_0964,2023-02-20 12:41:00,Instagram,Reel,Tutorial,92076,79906,30661,3955,1788,1027.0,1415
POST_0965,2023-04-17 17:10:00,Facebook,Reel,Promotion/Sale,19246,14281,3193,318,282,0.0,421
POST_0966,2023-11-17 04:03:00,Facebook,Text,Product Launch,4662,3419,216,11,19,0.0,86
POST_0967,2023-04-19 22:25:00,Facebook,Image,Tutorial,10443,6821,898,97,48,0.0,96
POST_0968,2023-05-16 23:40:00,Facebook,Carousel,Festive/Seasonal,6079,4705,612,84,36,0.0,182
POST_0969,2023-12-05 05:19:00,Instagram,Carousel,User Generated Content,13193,9885,1191,147,107,29.0,120
POST_0970,2023-02-11 16:46:00,Instagram,Video,Festive/Seasonal,47408,33337,8727,1052,770,240.0,463
POST_0971,2023-03-22 21:44:00,Instagram,Video,Behind the Scenes,71525,52337,12974,2218,1149,1034.0,558
POST_0972,2023-05-03 12:48:00,Facebook,Image,Behind the Scenes,8228,6601,836,72,39,0.0,221
POST_0973,2023-03-30 16:14:00,Facebook,Story,Promotion/Sale,6450,5096,450,43,32,0.0,140
POST_0974,2023-10-10 19:27:00,Twitter,Carousel,Product Launch,15289,12385,1354,82,51,,207
POST_0975,2023-02-08 08:41:00,Instagram,Story,Product Launch,35141,29773,1824,187,104,57.0,352
POST_0976,2023-03-22 08:05:00,Facebook,Story,Promotion/Sale,16771,15048,722,40,61,0.0,264
POST_0977,2023-01-02 02:45:00,Instagram,Image,Promotion/Sale,22461,16895,1884,208,139,88.0,264
POST_0978,2023-07-29 19:06:00,Twitter,Video,Behind the Scenes,29804,23311,6843,996,523,0.0,312
POST_0979,2023-08-19 16:00:00,Twitter,Carousel,Behind the Scenes,10444,9190,734,115,23,0.0,193
POST_0980,2023-12-19 07:13:00,Instagram,Image,Festive/Seasonal,43271,29728,3556,181,148,195.0,934
POST_0981,2023-11-01 19:30:00,Instagram,Carousel,Tutorial,57334,42919,3098,203,208,187.0,966
POST_0982,2023-08-29 20:04:00,Facebook,Story,Promotion/Sale,21183,16532,683,51,60,0.0,524
POST_0983,2023-05-30 01:08:00,Facebook,Reel,Product Launch,17097,13593,4885,447,375,0.0,212
POST_0984,2023-01-17 21:37:00,Instagram,Reel,Product Launch,70035,51413,9360,849,397,693.0,1126
POST_0985,2023-04-29 10:14:00,Facebook,Image,Tutorial,6476,5414,764,81,68,0.0,146
POST_0986,2023-05-28 20:33:00,Facebook,Video,Tutorial,18909,15555,3531,475,325,0.0,361
POST_0987,2023-12-28 21:43:00,Instagram,Video,Behind the Scenes,73067,58512,10820,1924,830,244.0,1158
POST_0988,2023-05-25 01:28:00,Facebook,Reel,Product Launch,29156,19362,2596,281,138,0.0,448
POST_0989,2023-12-26 20:00:00,Instagram,Image,User Generated Content,31732,24707,1660,151,118,40.0,356
POST_0990,2023-08-21 19:00:00,Instagram,Text,User Generated Content,6621,5648,339,50,27,20.0,137
POST_0991,2023-02-06 06:44:00,Twitter,Reel,Tutorial,13412,11326,2900,279,143,0.0,331
POST_0992,2023-12-18 19:21:00,Instagram,Image,Festive/Seasonal,38050,33017,2669,400,184,194.0,852
POST_0993,2023-04-30 20:52:00,Twitter,Story,Product Launch,16083,14332,591,33,56,0.0,371
POST_0994,2023-05-16 08:07:00,Facebook,Text,Behind the Scenes,12841,9895,281,42,23,0.0,191
POST_0995,2023-11-17 01:55:00,Instagram,Reel,Product Launch,20154,17539,3397,431,324,206.0,393
POST_0996,2023-10-29 08:27:00,Instagram,Image,Product Launch,33425,24600,1835,329,151,107.0,508
POST_0997,2023-12-05 14:44:00,Instagram,Video,Product Launch,72419,62294,7443,727,346,348.0,758
POST_0998,2023-04-12 21:08:00,Instagram,Story,User Generated Content,37283,26314,2694,283,266,143.0,997
POST_0999,2023-08-06 08:30:00,Instagram,Image,User Generated Content,44481,34944,3446,235,103,236.0,441
POST_1000,2023-02-28 11:04:00,Twitter,Reel,Behind the Scenes,12075,10609,1924,262,68,0.0,298
POST_1001,2023-10-06 15:14:00,Instagram,Image,Promotion/Sale,11101,8501,897,64,73,34.0,253
POST_1002,2023-04-26 13:24:00,Instagram,Video,Product Launch,26684,21935,3086,324,145,200.0,391
POST_1003,2023-11-28 21:05:00,Twitter,Carousel,Product Launch,8941,6686,1168,158,86,0.0,123
POST_1004,2023-03-18 04:46:00,Instagram,Video,Promotion/Sale,19855,13416,3663,423,291,127.0,264
POST_1005,2023-05-17 12:51:00,Twitter,Image,Behind the Scenes,14569,11357,1041,56,95,0.0,118
POST_1006,2023-03-14 07:06:00,Facebook,Carousel,User Generated Content,41080,31726,3846,654,121,0.0,870
POST_1007,2023-02-06 20:06:00,Facebook,Reel,Tutorial,34640,28164,8847,443,845,0.0,420
POST_1008,2023-01-31 08:20:00,Facebook,Image,Festive/Seasonal,14421,10323,532,35,52,0.0,200
POST_1009,2023-03-26 18:23:00,Twitter,Reel,Promotion/Sale,10218,6695,1239,71,46,0.0,153
POST_1010,2023-06-07 15:56:00,Instagram,Carousel,User Generated Content,14616,11385,1235,212,115,66.0,234
POST_1011,2023-11-01 18:19:00,Facebook,Video,User Generated Content,19311,14732,4477,773,239,0.0,395
POST_1012,2023-10-19 00:08:00,Facebook,Image,Product Launch,2926,2048,179,13,16,0.0,30
POST_1013,2023-05-28 08:24:00,Instagram,Image,Promotion/Sale,53856,40164,5278,653,320,126.0,961
POST_1014,2023-08-13 08:49:00,Facebook,Image,Promotion/Sale,22676,18223,2330,266,89,0.0,189
POST_1015,2023-03-05 16:52:00,Facebook,Reel,User Generated Content,38581,27930,7119,745,418,0.0,473
POST_1016,2023-08-28 06:48:00,Twitter,Image,Promotion/Sale,2089,1460,77,5,2,0.0,42
POST_1017,2023-12-19 14:55:00,Facebook,Video,Festive/Seasonal,26029,16973,5091,275,487,0.0,623
POST_1018,2023-06-05 15:08:00,Facebook,Video,Behind the Scenes,16748,13162,3401,341,256,0.0,149
POST_1019,2023-12-25 09:41:00,Instagram,Video,Promotion/Sale,73815,64363,8717,1368,389,380.0,1254
POST_1020,2023-07-26 10:43:00,Facebook,Reel,Product Launch,17970,12356,3174,489,193,0.0,305
POST_1021,2023-05-20 08:09:00,Instagram,Image,Promotion/Sale,32684,23350,3104,388,141,112.0,796
POST_1022,2023-09-14 09:04:00,Instagram,Carousel,Festive/Seasonal,23793,21366,1939,297,111,96.0,778
POST_1023,2023-10-04 03:33:00,Twitter,Story,Festive/Seasonal,1959,1274,68,9,2,0.0,17
POST_1024,2023-09-10 23:36:00,Facebook,Reel,Festive/Seasonal,11055,8976,2785,203,99,0.0,342
POST_1025,2023-08-13 12:00:00,Instagram,Story,Tutorial,27649,23311,1122,175,94,62.0,468
POST_1026,2023-02-11 21:39:00,Instagram,Reel,Promotion/Sale,52511,35732,9236,1164,509,448.0,746
POST_1027,2023-11-03 00:41:00,Twitter,Story,Behind the Scenes,2435,1814,83,10,6,0.0,68
POST_1028,2023-01-21 09:10:00,Facebook,Carousel,Promotion/Sale,23400,20768,1684,216,57,0.0,764
POST_1029,2023-08-10 11:28:00,Instagram,Reel,Product Launch,69389,47710,6578,1080,342,182.0,1147
POST_1030,2023-06-15 07:22:00,Facebook,Story,Festive/Seasonal,18114,11914,664,36,39,0.0,439
POST_1031,2023-11-06 08:46:00,Facebook,Story,Festive/Seasonal,17264,14490,1285,182,56,0.0,236
POST_1032,2023-05-09 14:13:00,Facebook,Text,Tutorial,9373,6607,297,45,25,0.0,155
POST_1033,2023-01-14 14:40:00,Instagram,Carousel,User Generated Content,44417,31407,3500,318,133,127.0,511
POST_1034,2023-02-16 07:47:00,Instagram,Reel,Tutorial,82975,72778,11262,1617,879,289.0,2742
POST_1035,2023-04-28 09:09:00,Instagram,Carousel,Promotion/Sale,36219,25872,4446,245,394,208.0,752
POST_1036,2023-12-12 07:58:00,Facebook,Reel,Behind the Scenes,42777,35045,11413,1272,835,0.0,830
POST_1037,2023-10-22 16:26:00,Twitter,Reel,Tutorial,17749,15092,3517,281,205,0.0,524
POST_1038,2023-10-28 11:39:00,Instagram,Image,User Generated Content,10643,8313,1042,99,78,36.0,110
POST_1039,2023-01-11 05:43:00,Instagram,Video,Tutorial,21887,18905,3584,632,353,129.0,212
POST_1040,2023-12-11 17:28:00,Twitter,Video,Tutorial,13969,10654,1433,203,46,,384
POST_1041,2023-05-18 21:55:00,Instagram,Reel,Behind the Scenes,84504,62032,11663,1311,800,675.0,1098
POST_1042,2023-10-23 21:13:00,Facebook,Reel,Promotion/Sale,93023,64412,24167,1255,1538,0.0,1288
POST_1043,2023-01-21 19:05:00,Instagram,Story,Product Launch,29908,22542,2000,278,176,69.0,637
POST_1044,2023-03-31 17:57:00,Instagram,Reel,Tutorial,26871,19949,5035,457,201,165.0,262
POST_1045,2023-08-29 15:06:00,Facebook,Image,Tutorial,16630,13843,733,120,66,0.0,322
POST_1046,2023-09-23 21:08:00,Instagram,Story,Tutorial,31393,28065,2085,349,74,65.0,651
POST_1047,2023-11-30 09:48:00,Facebook,Text,Promotion/Sale,20005,14947,392,60,28,0.0,238
POST_1048,2023-08-15 07:07:00,Facebook,Image,Promotion/Sale,21384,17867,2179,250,111,0.0,700
POST_1049,2023-05-23 22:37:00,Facebook,Reel,Festive/Seasonal,13961,11626,2208,159,148,0.0,217
POST_1050,2023-04-03 12:46:00,Facebook,Video,Behind the Scenes,54812,37243,9635,836,289,0.0,514
POST_1051,2023-10-27 11:24:00,Instagram,Text,Tutorial,8579,7658,321,44,11,14.0,298
POST_1052,2023-08-12 23:22:00,Instagram,Reel,Festive/Seasonal,31716,22897,3635,514,273,154.0,882
POST_1053,2023-11-22 09:27:00,Facebook,Story,Tutorial,10129,7936,756,47,72,,268
POST_1054,2023-09-09 17:20:00,Instagram,Reel,Festive/Seasonal,24173,20015,4534,463,384,352.0,276
POST_1055,2023-02-16 21:50:00,Instagram,Image,Festive/Seasonal,22513,16677,884,122,53,28.0,575
POST_1056,2023-08-29 19:08:00,Instagram,Image,Promotion/Sale,19635,15150,1161,154,58,39.0,483
POST_1057,2023-06-28 19:15:00,Twitter,Story,Festive/Seasonal,4727,4178,306,29,27,0.0,91
POST_1058,2023-07-29 20:17:00,Facebook,Carousel,Tutorial,22015,15450,1952,177,151,0.0,288
POST_1059,2023-06-20 19:41:00,Facebook,Image,Product Launch,10919,8209,1132,112,86,0.0,144
POST_1060,2023-06-14 17:05:00,Facebook,Reel,Promotion/Sale,13316,8850,1824,128,76,0.0,290
POST_1061,2023-12-10 14:15:00,Instagram,Carousel,Promotion/Sale,29317,22768,3484,316,176,222.0,822
POST_1062,2023-02-23 19:35:00,Facebook,Image,Tutorial,11922,8040,1078,102,73,0.0,167
POST_1063,2023-03-24 13:38:00,Instagram,Image,User Generated Content,24475,17150,1567,240,111,40.0,453
POST_1064,2023-06-18 13:38:00,Facebook,Carousel,Promotion/Sale,22581,19152,3113,217,248,0.0,580
POST_1065,2023-07-30 09:46:00,Twitter,Reel,Product Launch,22720,18570,3404,431,319,0.0,630
POST_1066,2023-12-22 21:38:00,Instagram,Video,Tutorial,98636,88242,10094,1321,594,722.0,1549
POST_1067,2023-09-11 03:18:00,Twitter,Image,Promotion/Sale,6452,4331,284,42,8,0.0,149
POST_1068,2023-05-28 20:49:00,Twitter,Carousel,Festive/Seasonal,7032,5726,713,92,56,0.0,116
POST_1069,2023-12-06 21:44:00,Facebook,Story,Promotion/Sale,21817,16961,1126,114,35,0.0,340
POST_1070,2023-07-25 06:01:00,Instagram,Reel,Festive/Seasonal,83596,72593,15413,1948,1376,716.0,765
POST_1071,2023-10-09 13:54:00,Twitter,Reel,Behind the Scenes,33900,27909,4079,304,342,0.0,983
POST_1072,2023-01-19 05:54:00,Instagram,Reel,Tutorial,33801,27416,3708,584,315,131.0,857
POST_1073,2023-08-21 20:42:00,Facebook,Image,Behind the Scenes,14517,10954,1060,118,51,0.0,119
POST_1074,2023-02-15 11:56:00,Instagram,Reel,Behind the Scenes,35821,26827,5485,892,451,391.0,666
POST_1075,2023-06-11 17:19:00,Facebook,Reel,Festive/Seasonal,16434,12494,1807,284,70,0.0,463
POST_1076,2023-05-10 18:13:00,Instagram,Carousel,Tutorial,24255,18582,3329,434,287,152.0,623
POST_1077,2023-06-15 12:33:00,Instagram,Carousel,Behind the Scenes,38122,29188,5401,846,371,166.0,701
POST_1078,2023-03-01 21:38:00,Instagram,Image,Tutorial,46665,39116,4923,267,308,289.0,1365
POST_1079,2023-07-26 11:32:00,Instagram,Reel,Tutorial,19933,14361,3789,214,155,260.0,200
POST_1080,2023-09-21 01:12:00,Instagram,Reel,Promotion/Sale,25053,19124,4979,743,305,335.0,545
POST_1081,2023-01-01 04:47:00,Twitter,Text,Promotion/Sale,1810,1439,61,4,2,0.0,39
POST_1082,2023-12-03 10:25:00,Twitter,Reel,User Generated Content,8599,6696,1149,156,103,0.0,118
POST_1083,2023-10-05 13:18:00,Instagram,Image,Promotion/Sale,19764,15786,894,115,32,69.0,496
POST_1084,2023-08-25 13:41:00,Instagram,Carousel,Promotion/Sale,45710,37757,5924,642,533,458.0,942
POST_1085,2023-07-31 16:03:00,Instagram,Carousel,Festive/Seasonal,21324,16283,1663,83,78,84.0,348
POST_1086,2023-01-28 08:50:00,Instagram,Carousel,Tutorial,48557,43466,5321,578,209,121.0,1445
POST_1087,2023-04-07 00:57:00,Instagram,Carousel,Promotion/Sale,14992,11888,1290,102,39,35.0,229
POST_1088,2023-09-23 07:50:00,Instagram,Text,Festive/Seasonal,8839,7923,307,20,13,16.0,94
POST_1089,2023-07-05 00:15:00,Instagram,Story,Festive/Seasonal,3966,3213,211,17,9,12.0,72
POST_1090,2023-11-15 07:31:00,Facebook,Image,User Generated Content,8450,6948,710,114,27,,233
POST_1091,2023-09-13 02:24:00,Instagram,Reel,Product Launch,37003,28136,10407,711,780,446.0,1088
POST_1092,2023-11-17 10:07:00,Facebook,Story,Tutorial,5621,5005,505,43,43,0.0,199
POST_1093,2023-08-15 17:15:00,Instagram,Image,Product Launch,12449,9009,445,34,22,20.0,136
POST_1094,2023-01-27 13:31:00,Twitter,Video,Tutorial,18670,15425,2021,271,153,0.0,596
POST_1095,2023-04-15 02:40:00,Instagram,Story,Behind the Scenes,6005,4674,246,18,21,6.0,112
POST_1096,2023-05-17 21:38:00,Facebook,Story,Festive/Seasonal,26663,18569,1976,354,136,0.0,280
POST_1097,2023-10-09 23:04:00,Instagram,Story,Product Launch,6535,4706,498,34,40,9.0,131
POST_1098,2023-03-09 12:33:00,Facebook,Reel,Promotion/Sale,38964,28131,4936,664,394,,861
POST_1099,2023-05-28 08:56:00,Facebook,Image,Promotion/Sale,24141,21263,1954,312,120,0.0,483
POST_1100,2023-08-13 06:00:00,Instagram,Reel,Tutorial,17330,13111,3482,184,212,232.0,398
POST_1101,2023-12-24 04:23:00,Twitter,Video,Product Launch,5327,4204,1212,145,63,0.0,59
POST_1102,2023-09-06 15:59:00,Instagram,Image,Behind the Scenes,20317,15597,2063,260,159,140.0,464
POST_1103,2023-03-04 18:20:00,Twitter,Image,User Generated Content,6872,5108,435,27,40,0.0,65
POST_1104,2023-01-15 22:08:00,Instagram,Reel,Behind the Scenes,20837,15696,3638,503,126,202.0,520
POST_1105,2023-11-19 09:24:00,Instagram,Reel,Behind the Scenes,110012,89553,31679,3582,2152,2380.0,3313
POST_1106,2023-11-08 21:55:00,Instagram,Reel,User Generated Content,81370,58472,13369,1342,669,482.0,2095
POST_1107,2023-05-03 11:53:00,Facebook,Carousel,Promotion/Sale,8364,6156,497,42,41,0.0,225
POST_1108,2023-12-30 21:36:00,Facebook,Text,User Generated Content,6046,4630,215,35,17,0.0,117
POST_1109,2023-03-23 09:26:00,Twitter,Image,User Generated Content,5250,3941,532,77,36,0.0,102
POST_1110,2023-06-09 02:23:00,Instagram,Reel,Tutorial,31409,24503,7247,756,579,519.0,358
POST_1111,2023-10-10 22:34:00,Facebook,Story,Tutorial,4509,3212,263,43,15,0.0,119
POST_1112,2023-01-08 21:43:00,Instagram,Carousel,Behind the Scenes,55334,37434,3951,685,383,102.0,391
POST_1113,2023-10-10 04:11:00,Twitter,Story,Tutorial,5036,3299,262,22,23,0.0,61
POST_1114,2023-07-28 20:48:00,Twitter,Story,User Generated Content,7265,5946,308,16,18,0.0,111
POST_1115,2023-02-17 04:30:00,Twitter,Image,User Generated Content,4963,3978,421,66,25,0.0,72
POST_1116,2023-04-26 23:49:00,Facebook,Story,Promotion/Sale,5275,4135,282,30,10,0.0,130
POST_1117,2023-02-28 09:04:00,Twitter,Image,User Generated Content,8470,5987,622,61,38,0.0,156
POST_1118,2023-08-25 04:01:00,Instagram,Carousel,Product Launch,11287,7776,1545,164,90,34.0,193
POST_1119,2023-03-02 23:37:00,Twitter,Carousel,Promotion/Sale,12373,8591,930,144,89,0.0,120
POST_1120,2023-11-28 20:04:00,Instagram,Video,Festive/Seasonal,96167,67657,8488,783,340,531.0,1759
POST_1121,2023-03-20 19:00:00,Instagram,Carousel,Festive/Seasonal,46181,33907,5300,482,191,176.0,530
POST_1122,2023-09-13 23:16:00,Facebook,Image,Product Launch,8801,7169,525,27,34,0.0,201
POST_1123,2023-05-30 11:13:00,Instagram,Story,Tutorial,9755,7739,795,125,41,27.0,138
POST_1124,2023-09-18 18:02:00,Facebook,Image,Festive/Seasonal,9711,8118,781,45,62,0.0,277
POST_1125,2023-12-28 10:59:00,Instagram,Story,Tutorial,10811,9430,913,108,71,66.0,234
POST_1126,2023-05-20 09:03:00,Instagram,Video,Product Launch,41065,34429,5553,558,503,352.0,761
POST_1127,2023-08-01 07:50:00,Facebook,Reel,Behind the Scenes,35027,24309,7737,640,478,0.0,524
POST_1128,2023-09-05 11:25:00,Facebook,Image,User Generated Content,10596,7923,441,27,31,0.0,221
POST_1129,2023-08-30 05:32:00,Instagram,Reel,Promotion/Sale,11146,8684,2233,155,83,61.0,113
POST_1130,2023-05-05 06:18:00,Twitter,Reel,Festive/Seasonal,8817,6164,1185,85,115,0.0,219
POST_1131,2023-08-22 21:40:00,Twitter,Image,Product Launch,6026,4657,232,31,15,0.0,172
POST_1132,2023-10-10 19:45:00,Instagram,Story,Tutorial,10496,8932,830,55,48,25.0,157
POST_1133,2023-03-16 01:32:00,Instagram,Story,Behind the Scenes,9563,8481,382,67,17,25.0,171
POST_1134,2023-07-16 16:49:00,Facebook,Reel,Tutorial,9005,7784,1611,218,112,0.0,188
POST_1135,2023-04-08 14:26:00,Instagram,Carousel,Promotion/Sale,23211,18964,3811,219,151,240.0,438
POST_1136,2023-11-03 21:27:00,Instagram,Image,User Generated Content,26571,18180,1757,116,111,115.0,322
POST_1137,2023-09-18 21:44:00,Facebook,Reel,Tutorial,69058,59413,13914,2084,456,,813
POST_1138,2023-03-11 07:25:00,Facebook,Image,User Generated Content,12951,9719,1255,119,95,0.0,304
POST_1139,2023-02-05 02:05:00,Instagram,Story,User Generated Content,6950,5112,214,38,8,5.0,185
POST_1140,2023-05-22 14:40:00,Facebook,Reel,Tutorial,37389,30381,6447,650,311,0.0,616
POST_1141,2023-08-01 11:34:00,Twitter,Carousel,User Generated Content,9482,8400,655,75,46,0.0,315
POST_1142,2023-06-24 16:34:00,Facebook,Carousel,Product Launch,5286,4193,817,66,74,0.0,44
POST_1143,2023-09-17 20:39:00,Facebook,Image,Product Launch,25065,19043,996,168,62,0.0,206
POST_1144,2023-05-17 07:09:00,Instagram,Reel,Behind the Scenes,101453,78165,12493,972,431,680.0,2240
POST_1145,2023-01-02 01:17:00,Facebook,Image,User Generated Content,16051,12903,635,89,37,0.0,347
POST_1146,2023-05-25 11:05:00,Instagram,Image,Tutorial,15673,11559,1572,105,121,31.0,436
POST_1147,2023-06-02 13:19:00,Instagram,Story,Promotion/Sale,8660,6895,468,25,24,32.0,211
POST_1148,2023-10-28 19:05:00,Facebook,Reel,Promotion/Sale,47959,39543,8209,516,402,0.0,1382
POST_1149,2023-10-24 19:32:00,Twitter,Image,Behind the Scenes,4441,3042,240,30,8,0.0,116
POST_1150,2023-12-04 04:58:00,Instagram,Image,Product Launch,11972,10513,1292,191,93,74.0,306
POST_1151,2023-09-08 23:13:00,Facebook,Carousel,User Generated Content,24599,20492,3768,615,169,0.0,256
POST_1152,2023-03-18 07:51:00,Instagram,Text,Product Launch,20986,16338,1042,112,72,53.0,182
POST_1153,2023-08-17 21:09:00,Instagram,Story,Tutorial,16397,13094,1031,73,39,81.0,285
POST_1154,2023-10-03 14:34:00,Instagram,Reel,Promotion/Sale,43948,30448,9101,1176,683,230.0,1120
POST_1155,2023-09-05 14:20:00,Instagram,Story,User Generated Content,11137,8325,817,139,41,58.0,278
POST_1156,2023-06-26 19:25:00,Instagram,Video,Promotion/Sale,87077,61949,14944,1280,1310,303.0,1669
POST_1157,2023-06-20 20:37:00,Instagram,Image,User Generated Content,26470,22840,2432,391,118,124.0,537
POST_1158,2023-10-10 07:40:00,Facebook,Image,Tutorial,6421,5067,565,71,46,0.0,137
POST_1159,2023-10-06 21:48:00,Facebook,Reel,Tutorial,18365,13909,3754,348,301,0.0,407
POST_1160,2023-07-13 23:53:00,Instagram,Reel,Festive/Seasonal,31958,26803,7881,1047,541,163.0,828
POST_1161,2023-08-22 13:41:00,Facebook,Reel,Tutorial,61930,49353,9503,726,511,0.0,1199
POST_1162,2023-06-14 10:43:00,Twitter,Image,Product Launch,3457,2692,171,30,6,0.0,102
POST_1163,2023-04-07 08:41:00,Twitter,Video,Behind the Scenes,32340,24546,6213,585,317,0.0,671
POST_1164,2023-12-24 13:04:00,Instagram,Video,Behind the Scenes,61938,49233,8675,847,311,200.0,866
POST_1165,2023-05-03 14:19:00,Instagram,Image,Behind the Scenes,24541,18927,1463,171,83,78.0,254
POST_1166,2023-10-20 18:44:00,Facebook,Story,Product Launch,12416,9391,573,81,31,0.0,328
POST_1167,2023-07-16 05:27:00,Facebook,Video,Promotion/Sale,14702,12666,3505,271,140,0.0,246
POST_1168,2023-04-30 16:46:00,Facebook,Reel,Festive/Seasonal,34257,24466,5988,322,346,0.0,663
POST_1169,2023-07-30 13:54:00,Instagram,Image,Product Launch,31509,24790,1286,116,90,99.0,886
POST_1170,2023-01-23 01:15:00,Instagram,Carousel,Behind the Scenes,15047,10608,1071,181,96,71.0,231
POST_1171,2023-06-12 09:03:00,Facebook,Carousel,User Generated Content,7575,5880,449,30,41,0.0,191
POST_1172,2023-08-31 15:15:00,Instagram,Carousel,Product Launch,19432,15143,1897,277,161,124.0,479
POST_1173,2023-12-28 09:05:00,Instagram,Reel,User Generated Content,68333,50067,16084,1492,638,706.0,1972
POST_1174,2023-07-15 13:59:00,Instagram,Carousel,Tutorial,17800,14294,1920,113,123,119.0,363
POST_1175,2023-07-17 17:27:00,Facebook,Image,User Generated Content,4094,3619,305,38,26,0.0,71
POST_1176,2023-12-06 09:07:00,Instagram,Video,Tutorial,101073,69119,12251,843,1063,408.0,2178
POST_1177,2023-11-30 08:29:00,Instagram,Story,Product Launch,23973,18345,1090,121,78,86.0,699
POST_1178,2023-03-19 06:39:00,Facebook,Reel,Tutorial,38376,33474,8293,1123,768,0.0,729
POST_1179,2023-09-11 13:38:00,Instagram,Reel,Product Launch,66592,55101,20461,1673,1682,1048.0,994
POST_1180,2023-01-19 07:03:00,Instagram,Story,Behind the Scenes,33196,26160,2186,201,139,124.0,579
POST_1181,2023-03-06 07:19:00,Twitter,Image,User Generated Content,13003,9606,836,86,56,0.0,252
POST_1182,2023-09-15 20:42:00,Twitter,Image,Behind the Scenes,10946,7483,715,51,27,0.0,284
POST_1183,2023-10-30 04:47:00,Instagram,Image,Product Launch,15497,13594,1485,222,82,115.0,470
POST_1184,2023-06-19 11:42:00,Facebook,Reel,Tutorial,40739,28234,5572,485,272,,1006
POST_1185,2023-02-21 01:47:00,Facebook,Carousel,Promotion/Sale,7440,6320,967,49,58,0.0,140
POST_1186,2023-08-14 10:11:00,Facebook,Reel,Behind the Scenes,11000,9009,2772,398,224,0.0,90
POST_1187,2023-02-21 10:07:00,Twitter,Reel,Tutorial,22119,16826,4735,529,451,0.0,206
POST_1188,2023-09-27 13:00:00,Twitter,Story,Promotion/Sale,8297,6817,634,79,59,0.0,260
POST_1189,2023-08-22 09:45:00,Facebook,Image,Promotion/Sale,8377,6134,610,102,54,0.0,84
POST_1190,2023-01-08 07:08:00,Twitter,Video,Product Launch,11200,8929,2064,174,191,0.0,337
POST_1191,2023-03-15 08:44:00,Facebook,Story,Behind the Scenes,15369,12820,900,59,85,0.0,302
POST_1192,2023-07-29 02:00:00,Facebook,Image,Festive/Seasonal,10791,8004,398,25,25,0.0,245
POST_1193,2023-12-02 11:10:00,Instagram,Reel,Behind the Scenes,54609,45106,11460,1935,736,538.0,720
POST_1194,2023-03-21 09:31:00,Instagram,Video,User Generated Content,42805,28276,7179,590,368,475.0,560
POST_1195,2023-02-08 13:22:00,Instagram,Image,Festive/Seasonal,26173,17861,1635,189,127,94.0,613
POST_1196,2023-08-29 20:33:00,Twitter,Story,Product Launch,3296,2386,134,9,6,0.0,46
POST_1197,2023-05-16 01:33:00,Facebook,Image,Festive/Seasonal,10716,8892,713,62,48,0.0,95
POST_1198,2023-06-23 09:50:00,Facebook,Image,Behind the Scenes,10551,7960,1102,158,39,0.0,281
POST_1199,2023-11-16 14:52:00,Instagram,Reel,Behind the Scenes,95485,71711,13245,1543,906,692.0,1932
POST_1200,2023-12-21 01:46:00,Instagram,Image,Behind the Scenes,26339,23061,3045,469,292,78.0,414
